# Blender 5.2.1 LTS
# www.blender.org
mtllib airsoft_vertical_slice_016.mtl
o male_UniformTorso
v -0.830000 0.820000 0.090000
v -0.830000 0.880000 0.150000
v -0.890000 0.880000 0.090000
v -0.830000 0.837574 0.132426
v -0.864641 0.845359 0.124641
v -0.872426 0.880000 0.132426
v -0.872426 0.837574 0.090000
v -0.830000 1.440000 0.150000
v -0.830000 1.500000 0.090000
v -0.890000 1.440000 0.090000
v -0.830000 1.482426 0.132426
v -0.864641 1.474641 0.124641
v -0.872426 1.482426 0.090000
v -0.872426 1.440000 0.132426
v -0.830000 0.820000 -0.090000
v -0.890000 0.880000 -0.090000
v -0.830000 0.880000 -0.150000
v -0.872426 0.837574 -0.090000
v -0.864641 0.845359 -0.124641
v -0.872426 0.880000 -0.132426
v -0.830000 0.837574 -0.132426
v -0.830000 1.500000 -0.090000
v -0.830000 1.440000 -0.150000
v -0.890000 1.440000 -0.090000
v -0.830000 1.482426 -0.132426
v -0.864641 1.474641 -0.124641
v -0.872426 1.440000 -0.132426
v -0.872426 1.482426 -0.090000
v -0.470000 0.820000 0.090000
v -0.410000 0.880000 0.090000
v -0.470000 0.880000 0.150000
v -0.427574 0.837574 0.090000
v -0.435359 0.845359 0.124641
v -0.427574 0.880000 0.132426
v -0.470000 0.837574 0.132426
v -0.470000 1.500000 0.090000
v -0.470000 1.440000 0.150000
v -0.410000 1.440000 0.090000
v -0.470000 1.482426 0.132426
v -0.435359 1.474641 0.124641
v -0.427574 1.440000 0.132426
v -0.427574 1.482426 0.090000
v -0.470000 0.820000 -0.090000
v -0.470000 0.880000 -0.150000
v -0.410000 0.880000 -0.090000
v -0.470000 0.837574 -0.132426
v -0.435359 0.845359 -0.124641
v -0.427574 0.880000 -0.132426
v -0.427574 0.837574 -0.090000
v -0.470000 1.500000 -0.090000
v -0.410000 1.440000 -0.090000
v -0.470000 1.440000 -0.150000
v -0.427574 1.482426 -0.090000
v -0.435359 1.474641 -0.124641
v -0.427574 1.440000 -0.132426
v -0.470000 1.482426 -0.132426
vn -0.3251 -0.8881 0.3251
vn -0.3251 -0.3251 0.8881
vn -0.8881 -0.3251 0.3251
vn -0.3251 0.3251 0.8881
vn -0.3251 0.8881 0.3251
vn -0.8881 0.3251 0.3251
vn -0.3251 -0.8881 -0.3251
vn -0.8881 -0.3251 -0.3251
vn -0.3251 -0.3251 -0.8881
vn -0.3251 0.8881 -0.3251
vn -0.3251 0.3251 -0.8881
vn -0.8881 0.3251 -0.3251
vn 0.3251 -0.8881 0.3251
vn 0.8881 -0.3251 0.3251
vn 0.3251 -0.3251 0.8881
vn 0.3251 0.8881 0.3251
vn 0.3251 0.3251 0.8881
vn 0.8881 0.3251 0.3251
vn 0.3251 -0.8881 -0.3251
vn 0.3251 -0.3251 -0.8881
vn 0.8881 -0.3251 -0.3251
vn 0.3251 0.8881 -0.3251
vn 0.8881 0.3251 -0.3251
vn 0.3251 0.3251 -0.8881
vn -0.3827 -0.9239 -0.0000
vn -0.9239 -0.3827 -0.0000
vn -0.3827 -0.0000 0.9239
vn -0.9239 -0.0000 0.3827
vn -0.3827 0.9239 -0.0000
vn -0.9239 0.3827 -0.0000
vn -0.3827 -0.0000 -0.9239
vn -0.9239 -0.0000 -0.3827
vn -0.0000 -0.9239 -0.3827
vn -0.0000 -0.3827 -0.9239
vn -0.0000 0.9239 -0.3827
vn -0.0000 0.3827 -0.9239
vn 0.9239 -0.0000 -0.3827
vn 0.3827 -0.0000 -0.9239
vn 0.3827 -0.9239 -0.0000
vn 0.9239 -0.3827 -0.0000
vn 0.3827 0.9239 -0.0000
vn 0.9239 0.3827 -0.0000
vn 0.3827 -0.0000 0.9239
vn 0.9239 -0.0000 0.3827
vn -0.0000 -0.9239 0.3827
vn -0.0000 -0.3827 0.9239
vn -0.0000 0.9239 0.3827
vn -0.0000 0.3827 0.9239
vn -0.0000 -1.0000 -0.0000
vn -1.0000 -0.0000 -0.0000
vn -0.0000 -0.0000 1.0000
vn -0.0000 1.0000 -0.0000
vn -0.0000 -0.0000 -1.0000
vn 1.0000 -0.0000 -0.0000
vt 0.156250 0.700000
vt 0.156250 0.750000
vt 0.138208 0.750000
vt 0.125000 0.700000
vt 0.397059 0.968750
vt 0.397059 1.000000
vt 0.384323 1.000000
vt 0.375000 0.968750
vt 0.397059 0.050000
vt 0.375000 0.050000
vt 0.375000 0.021132
vt 0.397059 0.000000
vt 0.602941 0.968750
vt 0.625000 0.968750
vt 0.625000 0.986792
vt 0.602941 1.000000
vt 0.843750 0.700000
vt 0.875000 0.700000
vt 0.875000 0.728868
vt 0.843750 0.750000
vt 0.602941 0.050000
vt 0.602941 0.000000
vt 0.615677 0.000000
vt 0.625000 0.050000
vt 0.156250 0.550000
vt 0.125000 0.550000
vt 0.125000 0.521132
vt 0.156250 0.500000
vt 0.397059 0.200000
vt 0.397059 0.250000
vt 0.379662 0.256604
vt 0.375000 0.200000
vt 0.397059 0.281250
vt 0.375000 0.281250
vt 0.843750 0.550000
vt 0.843750 0.500000
vt 0.861792 0.500000
vt 0.875000 0.550000
vt 0.602941 0.281250
vt 0.602941 0.250000
vt 0.620338 0.239434
vt 0.625000 0.281250
vt 0.602941 0.200000
vt 0.625000 0.200000
vt 0.343750 0.700000
vt 0.375000 0.700000
vt 0.378108 0.747359
vt 0.359375 0.765625
vt 0.397059 0.700000
vt 0.397059 0.750000
vt 0.397059 0.781250
vt 0.656250 0.700000
vt 0.640625 0.765625
vt 0.626295 0.742956
vt 0.625000 0.700000
vt 0.602941 0.781250
vt 0.602941 0.750000
vt 0.602941 0.700000
vt 0.343750 0.550000
vt 0.359375 0.484375
vt 0.373705 0.507044
vt 0.375000 0.550000
vt 0.397059 0.468750
vt 0.397059 0.500000
vt 0.397059 0.550000
vt 0.656250 0.550000
vt 0.625000 0.550000
vt 0.621892 0.502642
vt 0.640625 0.484375
vt 0.602941 0.550000
vt 0.602941 0.500000
vt 0.602941 0.468750
s 0
usemtl MAT_Fabric_Olive
f 1/1/1 4/2/1 5/3/1 7/4/1
f 2/5/2 6/6/2 5/7/2 4/8/2
f 3/9/3 7/10/3 5/11/3 6/12/3
f 8/13/4 11/14/4 12/15/4 14/16/4
f 9/17/5 13/18/5 12/19/5 11/20/5
f 10/21/6 14/22/6 12/23/6 13/24/6
f 15/25/7 18/26/7 19/27/7 21/28/7
f 16/29/8 20/30/8 19/31/8 18/32/8
f 17/33/9 21/34/9 19/31/9 20/30/9
f 22/35/10 25/36/10 26/37/10 28/38/10
f 23/39/11 27/40/11 26/41/11 25/42/11
f 24/43/12 28/44/12 26/41/12 27/40/12
f 29/45/13 32/46/13 33/47/13 35/48/13
f 30/49/14 34/50/14 33/47/14 32/46/14
f 31/51/15 35/48/15 33/47/15 34/50/15
f 36/52/16 39/53/16 40/54/16 42/55/16
f 37/56/17 41/57/17 40/54/17 39/53/17
f 38/58/18 42/55/18 40/54/18 41/57/18
f 43/59/19 46/60/19 47/61/19 49/62/19
f 44/63/20 48/64/20 47/61/20 46/60/20
f 45/65/21 49/62/21 47/61/21 48/64/21
f 50/66/22 53/67/22 54/68/22 56/69/22
f 51/70/23 55/71/23 54/68/23 53/67/23
f 52/72/24 56/69/24 54/68/24 55/71/24
f 15/25/25 1/1/25 7/4/25 18/26/25
f 18/32/26 7/10/26 3/9/26 16/29/26
f 2/5/27 8/13/27 14/16/27 6/6/27
f 6/12/28 14/22/28 10/21/28 3/9/28
f 9/17/29 22/35/29 28/38/29 13/18/29
f 13/24/30 28/44/30 24/43/30 10/21/30
f 23/39/31 17/33/31 20/30/31 27/40/31
f 27/40/32 20/30/32 16/29/32 24/43/32
f 43/59/33 15/25/33 21/28/33 46/60/33
f 46/60/34 21/34/34 17/33/34 44/63/34
f 22/35/35 50/66/35 56/69/35 25/36/35
f 25/42/36 56/69/36 52/72/36 23/39/36
f 51/70/37 45/65/37 48/64/37 55/71/37
f 55/71/38 48/64/38 44/63/38 52/72/38
f 29/45/39 43/59/39 49/62/39 32/46/39
f 32/46/40 49/62/40 45/65/40 30/49/40
f 50/66/41 36/52/41 42/55/41 53/67/41
f 53/67/42 42/55/42 38/58/42 51/70/42
f 37/56/43 31/51/43 34/50/43 41/57/43
f 41/57/44 34/50/44 30/49/44 38/58/44
f 1/1/45 29/45/45 35/48/45 4/2/45
f 4/8/46 35/48/46 31/51/46 2/5/46
f 36/52/47 9/17/47 11/20/47 39/53/47
f 39/53/48 11/14/48 8/13/48 37/56/48
f 15/25/49 43/59/49 29/45/49 1/1/49
f 3/9/50 10/21/50 24/43/50 16/29/50
f 31/51/51 37/56/51 8/13/51 2/5/51
f 50/66/52 22/35/52 9/17/52 36/52/52
f 17/33/53 23/39/53 52/72/53 44/63/53
f 45/65/54 51/70/54 38/58/54 30/49/54
o male_UniformPelvis
v -0.800000 0.700000 0.090000
v -0.800000 0.750000 0.140000
v -0.850000 0.750000 0.090000
v -0.800000 0.714645 0.125355
v -0.828867 0.721133 0.118868
v -0.835355 0.750000 0.125355
v -0.835355 0.714645 0.090000
v -0.800000 0.970000 0.140000
v -0.800000 1.020000 0.090000
v -0.850000 0.970000 0.090000
v -0.800000 1.005355 0.125355
v -0.828867 0.998868 0.118868
v -0.835355 1.005355 0.090000
v -0.835355 0.970000 0.125355
v -0.800000 0.700000 -0.090000
v -0.850000 0.750000 -0.090000
v -0.800000 0.750000 -0.140000
v -0.835355 0.714645 -0.090000
v -0.828867 0.721133 -0.118868
v -0.835355 0.750000 -0.125355
v -0.800000 0.714645 -0.125355
v -0.800000 1.020000 -0.090000
v -0.800000 0.970000 -0.140000
v -0.850000 0.970000 -0.090000
v -0.800000 1.005355 -0.125355
v -0.828867 0.998868 -0.118868
v -0.835355 0.970000 -0.125355
v -0.835355 1.005355 -0.090000
v -0.500000 0.700000 0.090000
v -0.450000 0.750000 0.090000
v -0.500000 0.750000 0.140000
v -0.464645 0.714645 0.090000
v -0.471132 0.721133 0.118868
v -0.464645 0.750000 0.125355
v -0.500000 0.714645 0.125355
v -0.500000 1.020000 0.090000
v -0.500000 0.970000 0.140000
v -0.450000 0.970000 0.090000
v -0.500000 1.005355 0.125355
v -0.471132 0.998868 0.118868
v -0.464645 0.970000 0.125355
v -0.464645 1.005355 0.090000
v -0.500000 0.700000 -0.090000
v -0.500000 0.750000 -0.140000
v -0.450000 0.750000 -0.090000
v -0.500000 0.714645 -0.125355
v -0.471132 0.721133 -0.118868
v -0.464645 0.750000 -0.125355
v -0.464645 0.714645 -0.090000
v -0.500000 1.020000 -0.090000
v -0.450000 0.970000 -0.090000
v -0.500000 0.970000 -0.140000
v -0.464645 1.005355 -0.090000
v -0.471132 0.998868 -0.118868
v -0.464645 0.970000 -0.125355
v -0.500000 1.005355 -0.125355
vn -0.3251 -0.8881 0.3251
vn -0.3251 -0.3251 0.8881
vn -0.8881 -0.3251 0.3251
vn -0.3251 0.3251 0.8881
vn -0.3251 0.8881 0.3251
vn -0.8881 0.3251 0.3251
vn -0.3251 -0.8881 -0.3251
vn -0.8881 -0.3251 -0.3251
vn -0.3251 -0.3251 -0.8881
vn -0.3251 0.8881 -0.3251
vn -0.3251 0.3251 -0.8881
vn -0.8881 0.3251 -0.3251
vn 0.3251 -0.8881 0.3251
vn 0.8881 -0.3251 0.3251
vn 0.3251 -0.3251 0.8881
vn 0.3251 0.8881 0.3251
vn 0.3251 0.3251 0.8881
vn 0.8881 0.3251 0.3251
vn 0.3251 -0.8881 -0.3251
vn 0.3251 -0.3251 -0.8881
vn 0.8881 -0.3251 -0.3251
vn 0.3251 0.8881 -0.3251
vn 0.8881 0.3251 -0.3251
vn 0.3251 0.3251 -0.8881
vn -0.3827 -0.9239 -0.0000
vn -0.9239 -0.3827 -0.0000
vn -0.3827 -0.0000 0.9239
vn -0.9239 -0.0000 0.3827
vn -0.3827 0.9239 -0.0000
vn -0.9239 0.3827 -0.0000
vn -0.3827 -0.0000 -0.9239
vn -0.9239 -0.0000 -0.3827
vn -0.0000 -0.9239 -0.3827
vn -0.0000 -0.3827 -0.9239
vn -0.0000 0.9239 -0.3827
vn -0.0000 0.3827 -0.9239
vn 0.9239 -0.0000 -0.3827
vn 0.3827 -0.0000 -0.9239
vn 0.3827 -0.9239 -0.0000
vn 0.9239 -0.3827 -0.0000
vn 0.3827 0.9239 -0.0000
vn 0.9239 0.3827 -0.0000
vn 0.3827 -0.0000 0.9239
vn 0.9239 -0.0000 0.3827
vn -0.0000 -0.9239 0.3827
vn -0.0000 -0.3827 0.9239
vn -0.0000 0.9239 0.3827
vn -0.0000 0.3827 0.9239
vn -0.0000 -1.0000 -0.0000
vn -1.0000 -0.0000 -0.0000
vn -0.0000 -0.0000 1.0000
vn -0.0000 1.0000 -0.0000
vn -0.0000 -0.0000 -1.0000
vn 1.0000 -0.0000 -0.0000
vt 0.156250 0.705357
vt 0.156250 0.750000
vt 0.138208 0.750000
vt 0.125000 0.705357
vt 0.414062 0.968750
vt 0.414062 1.000000
vt 0.391510 1.000000
vt 0.375000 0.968750
vt 0.414062 0.044643
vt 0.375000 0.044643
vt 0.375000 0.018868
vt 0.414062 0.000000
vt 0.585938 0.968750
vt 0.625000 0.968750
vt 0.625000 0.986792
vt 0.585938 1.000000
vt 0.843750 0.705357
vt 0.875000 0.705357
vt 0.875000 0.731132
vt 0.843750 0.750000
vt 0.585937 0.044643
vt 0.585938 0.000000
vt 0.608490 0.000000
vt 0.625000 0.044643
vt 0.156250 0.544643
vt 0.125000 0.544643
vt 0.125000 0.518868
vt 0.156250 0.500000
vt 0.414062 0.205357
vt 0.414062 0.250000
vt 0.383255 0.256604
vt 0.375000 0.205357
vt 0.414062 0.281250
vt 0.375000 0.281250
vt 0.843750 0.544643
vt 0.843750 0.500000
vt 0.861792 0.500000
vt 0.875000 0.544643
vt 0.585938 0.281250
vt 0.585938 0.250000
vt 0.616745 0.240566
vt 0.625000 0.281250
vt 0.585938 0.205357
vt 0.625000 0.205357
vt 0.343750 0.705357
vt 0.375000 0.705357
vt 0.380503 0.748113
vt 0.359375 0.765625
vt 0.414062 0.705357
vt 0.414062 0.750000
vt 0.414062 0.781250
vt 0.656250 0.705357
vt 0.640625 0.765625
vt 0.623899 0.743711
vt 0.625000 0.705357
vt 0.585938 0.781250
vt 0.585938 0.750000
vt 0.585938 0.705357
vt 0.343750 0.544643
vt 0.359375 0.484375
vt 0.376101 0.506289
vt 0.375000 0.544643
vt 0.414062 0.468750
vt 0.414062 0.500000
vt 0.414062 0.544643
vt 0.656250 0.544643
vt 0.625000 0.544643
vt 0.619497 0.501887
vt 0.640625 0.484375
vt 0.585937 0.544643
vt 0.585938 0.500000
vt 0.585938 0.468750
s 0
usemtl MAT_Fabric_Olive
f 57/73/55 60/74/55 61/75/55 63/76/55
f 58/77/56 62/78/56 61/79/56 60/80/56
f 59/81/57 63/82/57 61/83/57 62/84/57
f 64/85/58 67/86/58 68/87/58 70/88/58
f 65/89/59 69/90/59 68/91/59 67/92/59
f 66/93/60 70/94/60 68/95/60 69/96/60
f 71/97/61 74/98/61 75/99/61 77/100/61
f 72/101/62 76/102/62 75/103/62 74/104/62
f 73/105/63 77/106/63 75/103/63 76/102/63
f 78/107/64 81/108/64 82/109/64 84/110/64
f 79/111/65 83/112/65 82/113/65 81/114/65
f 80/115/66 84/116/66 82/113/66 83/112/66
f 85/117/67 88/118/67 89/119/67 91/120/67
f 86/121/68 90/122/68 89/119/68 88/118/68
f 87/123/69 91/120/69 89/119/69 90/122/69
f 92/124/70 95/125/70 96/126/70 98/127/70
f 93/128/71 97/129/71 96/126/71 95/125/71
f 94/130/72 98/127/72 96/126/72 97/129/72
f 99/131/73 102/132/73 103/133/73 105/134/73
f 100/135/74 104/136/74 103/133/74 102/132/74
f 101/137/75 105/134/75 103/133/75 104/136/75
f 106/138/76 109/139/76 110/140/76 112/141/76
f 107/142/77 111/143/77 110/140/77 109/139/77
f 108/144/78 112/141/78 110/140/78 111/143/78
f 71/97/79 57/73/79 63/76/79 74/98/79
f 74/104/80 63/82/80 59/81/80 72/101/80
f 58/77/81 64/85/81 70/88/81 62/78/81
f 62/84/82 70/94/82 66/93/82 59/81/82
f 65/89/83 78/107/83 84/110/83 69/90/83
f 69/96/84 84/116/84 80/115/84 66/93/84
f 79/111/85 73/105/85 76/102/85 83/112/85
f 83/112/86 76/102/86 72/101/86 80/115/86
f 99/131/87 71/97/87 77/100/87 102/132/87
f 102/132/88 77/106/88 73/105/88 100/135/88
f 78/107/89 106/138/89 112/141/89 81/108/89
f 81/114/90 112/141/90 108/144/90 79/111/90
f 107/142/91 101/137/91 104/136/91 111/143/91
f 111/143/92 104/136/92 100/135/92 108/144/92
f 85/117/93 99/131/93 105/134/93 88/118/93
f 88/118/94 105/134/94 101/137/94 86/121/94
f 106/138/95 92/124/95 98/127/95 109/139/95
f 109/139/96 98/127/96 94/130/96 107/142/96
f 93/128/97 87/123/97 90/122/97 97/129/97
f 97/129/98 90/122/98 86/121/98 94/130/98
f 57/73/99 85/117/99 91/120/99 60/74/99
f 60/80/100 91/120/100 87/123/100 58/77/100
f 92/124/101 65/89/101 67/92/101 95/125/101
f 95/125/102 67/86/102 64/85/102 93/128/102
f 71/97/103 99/131/103 85/117/103 57/73/103
f 59/81/104 66/93/104 80/115/104 72/101/104
f 87/123/105 93/128/105 64/85/105 58/77/105
f 106/138/106 78/107/106 65/89/106 92/124/106
f 73/105/107 79/111/107 108/144/107 100/135/107
f 101/137/108 107/142/108 94/130/108 86/121/108
o male_Carrier
v -0.840000 0.925000 0.185000
v -0.840000 0.960000 0.220000
v -0.875000 0.960000 0.185000
v -0.840000 0.935251 0.209749
v -0.860207 0.939793 0.205207
v -0.864749 0.960000 0.209749
v -0.864749 0.935251 0.185000
v -0.840000 1.380000 0.220000
v -0.840000 1.415000 0.185000
v -0.875000 1.380000 0.185000
v -0.840000 1.404749 0.209749
v -0.860207 1.400207 0.205207
v -0.864749 1.404749 0.185000
v -0.864749 1.380000 0.209749
v -0.840000 0.925000 0.145000
v -0.875000 0.960000 0.145000
v -0.840000 0.960000 0.110000
v -0.864749 0.935251 0.145000
v -0.860207 0.939793 0.124793
v -0.864749 0.960000 0.120251
v -0.840000 0.935251 0.120251
v -0.840000 1.415000 0.145000
v -0.840000 1.380000 0.110000
v -0.875000 1.380000 0.145000
v -0.840000 1.404749 0.120251
v -0.860207 1.400207 0.124793
v -0.864749 1.380000 0.120251
v -0.864749 1.404749 0.145000
v -0.460000 0.925000 0.185000
v -0.425000 0.960000 0.185000
v -0.460000 0.960000 0.220000
v -0.435251 0.935251 0.185000
v -0.439793 0.939793 0.205207
v -0.435251 0.960000 0.209749
v -0.460000 0.935251 0.209749
v -0.460000 1.415000 0.185000
v -0.460000 1.380000 0.220000
v -0.425000 1.380000 0.185000
v -0.460000 1.404749 0.209749
v -0.439793 1.400207 0.205207
v -0.435251 1.380000 0.209749
v -0.435251 1.404749 0.185000
v -0.460000 0.925000 0.145000
v -0.460000 0.960000 0.110000
v -0.425000 0.960000 0.145000
v -0.460000 0.935251 0.120251
v -0.439793 0.939793 0.124793
v -0.435251 0.960000 0.120251
v -0.435251 0.935251 0.145000
v -0.460000 1.415000 0.145000
v -0.425000 1.380000 0.145000
v -0.460000 1.380000 0.110000
v -0.435251 1.404749 0.145000
v -0.439793 1.400207 0.124793
v -0.435251 1.380000 0.120251
v -0.460000 1.404749 0.120251
vn -0.3251 -0.8881 0.3251
vn -0.3251 -0.3251 0.8881
vn -0.8881 -0.3251 0.3251
vn -0.3251 0.3251 0.8881
vn -0.3251 0.8881 0.3251
vn -0.8881 0.3251 0.3251
vn -0.3251 -0.8881 -0.3251
vn -0.8881 -0.3251 -0.3251
vn -0.3251 -0.3251 -0.8881
vn -0.3251 0.8881 -0.3251
vn -0.3251 0.3251 -0.8881
vn -0.8881 0.3251 -0.3251
vn 0.3251 -0.8881 0.3251
vn 0.8881 -0.3251 0.3251
vn 0.3251 -0.3251 0.8881
vn 0.3251 0.8881 0.3251
vn 0.3251 0.3251 0.8881
vn 0.8881 0.3251 0.3251
vn 0.3251 -0.8881 -0.3251
vn 0.3251 -0.3251 -0.8881
vn 0.8881 -0.3251 -0.3251
vn 0.3251 0.8881 -0.3251
vn 0.8881 0.3251 -0.3251
vn 0.3251 0.3251 -0.8881
vn -0.3827 -0.9239 -0.0000
vn -0.9239 -0.3827 -0.0000
vn -0.3827 -0.0000 0.9239
vn -0.9239 -0.0000 0.3827
vn -0.3827 0.9239 -0.0000
vn -0.9239 0.3827 -0.0000
vn -0.3827 -0.0000 -0.9239
vn -0.9239 -0.0000 -0.3827
vn -0.0000 -0.9239 -0.3827
vn -0.0000 -0.3827 -0.9239
vn -0.0000 0.9239 -0.3827
vn -0.0000 0.3827 -0.9239
vn 0.9239 -0.0000 -0.3827
vn 0.3827 -0.0000 -0.9239
vn 0.3827 -0.9239 -0.0000
vn 0.9239 -0.3827 -0.0000
vn 0.3827 0.9239 -0.0000
vn 0.9239 0.3827 -0.0000
vn 0.3827 -0.0000 0.9239
vn 0.9239 -0.0000 0.3827
vn -0.0000 -0.9239 0.3827
vn -0.0000 -0.3827 0.9239
vn -0.0000 0.9239 0.3827
vn -0.0000 0.3827 0.9239
vn -0.0000 -1.0000 -0.0000
vn -1.0000 -0.0000 -0.0000
vn -0.0000 -0.0000 1.0000
vn -0.0000 1.0000 -0.0000
vn -0.0000 -0.0000 -1.0000
vn 1.0000 -0.0000 -0.0000
vt 0.144444 0.670455
vt 0.144444 0.750000
vt 0.133218 0.750000
vt 0.125000 0.670455
vt 0.392857 0.980556
vt 0.392857 1.000000
vt 0.382547 1.000000
vt 0.375000 0.980556
vt 0.392857 0.079545
vt 0.375000 0.079545
vt 0.375000 0.033620
vt 0.392857 0.000000
vt 0.607143 0.980556
vt 0.625000 0.980556
vt 0.625000 0.991782
vt 0.607143 1.000000
vt 0.855556 0.670455
vt 0.875000 0.670455
vt 0.875000 0.716380
vt 0.855556 0.750000
vt 0.607143 0.079545
vt 0.607143 0.000000
vt 0.617453 0.000000
vt 0.625000 0.079545
vt 0.144444 0.579545
vt 0.125000 0.579545
vt 0.125000 0.533620
vt 0.144444 0.500000
vt 0.392857 0.170455
vt 0.392857 0.250000
vt 0.378774 0.254109
vt 0.375000 0.170455
vt 0.392857 0.269444
vt 0.375000 0.269444
vt 0.855556 0.579545
vt 0.855556 0.500000
vt 0.866782 0.500000
vt 0.875000 0.579545
vt 0.607143 0.269444
vt 0.607143 0.250000
vt 0.621226 0.233190
vt 0.625000 0.269444
vt 0.607143 0.170455
vt 0.625000 0.170455
vt 0.355556 0.670455
vt 0.375000 0.670455
vt 0.377516 0.741533
vt 0.365278 0.759722
vt 0.392857 0.670455
vt 0.392857 0.750000
vt 0.392857 0.769444
vt 0.644444 0.670455
vt 0.634722 0.759722
vt 0.625224 0.738793
vt 0.625000 0.670455
vt 0.607143 0.769444
vt 0.607143 0.750000
vt 0.607143 0.670455
vt 0.355556 0.579545
vt 0.365278 0.490278
vt 0.374776 0.511207
vt 0.375000 0.579545
vt 0.392857 0.480556
vt 0.392857 0.500000
vt 0.392857 0.579545
vt 0.644444 0.579545
vt 0.625000 0.579545
vt 0.622484 0.508467
vt 0.634722 0.490278
vt 0.607143 0.579545
vt 0.607143 0.500000
vt 0.607143 0.480556
s 0
usemtl MAT_Cordura
f 113/145/109 116/146/109 117/147/109 119/148/109
f 114/149/110 118/150/110 117/151/110 116/152/110
f 115/153/111 119/154/111 117/155/111 118/156/111
f 120/157/112 123/158/112 124/159/112 126/160/112
f 121/161/113 125/162/113 124/163/113 123/164/113
f 122/165/114 126/166/114 124/167/114 125/168/114
f 127/169/115 130/170/115 131/171/115 133/172/115
f 128/173/116 132/174/116 131/175/116 130/176/116
f 129/177/117 133/178/117 131/175/117 132/174/117
f 134/179/118 137/180/118 138/181/118 140/182/118
f 135/183/119 139/184/119 138/185/119 137/186/119
f 136/187/120 140/188/120 138/185/120 139/184/120
f 141/189/121 144/190/121 145/191/121 147/192/121
f 142/193/122 146/194/122 145/191/122 144/190/122
f 143/195/123 147/192/123 145/191/123 146/194/123
f 148/196/124 151/197/124 152/198/124 154/199/124
f 149/200/125 153/201/125 152/198/125 151/197/125
f 150/202/126 154/199/126 152/198/126 153/201/126
f 155/203/127 158/204/127 159/205/127 161/206/127
f 156/207/128 160/208/128 159/205/128 158/204/128
f 157/209/129 161/206/129 159/205/129 160/208/129
f 162/210/130 165/211/130 166/212/130 168/213/130
f 163/214/131 167/215/131 166/212/131 165/211/131
f 164/216/132 168/213/132 166/212/132 167/215/132
f 127/169/133 113/145/133 119/148/133 130/170/133
f 130/176/134 119/154/134 115/153/134 128/173/134
f 114/149/135 120/157/135 126/160/135 118/150/135
f 118/156/136 126/166/136 122/165/136 115/153/136
f 121/161/137 134/179/137 140/182/137 125/162/137
f 125/168/138 140/188/138 136/187/138 122/165/138
f 135/183/139 129/177/139 132/174/139 139/184/139
f 139/184/140 132/174/140 128/173/140 136/187/140
f 155/203/141 127/169/141 133/172/141 158/204/141
f 158/204/142 133/178/142 129/177/142 156/207/142
f 134/179/143 162/210/143 168/213/143 137/180/143
f 137/186/144 168/213/144 164/216/144 135/183/144
f 163/214/145 157/209/145 160/208/145 167/215/145
f 167/215/146 160/208/146 156/207/146 164/216/146
f 141/189/147 155/203/147 161/206/147 144/190/147
f 144/190/148 161/206/148 157/209/148 142/193/148
f 162/210/149 148/196/149 154/199/149 165/211/149
f 165/211/150 154/199/150 150/202/150 163/214/150
f 149/200/151 143/195/151 146/194/151 153/201/151
f 153/201/152 146/194/152 142/193/152 150/202/152
f 113/145/153 141/189/153 147/192/153 116/146/153
f 116/152/154 147/192/154 143/195/154 114/149/154
f 148/196/155 121/161/155 123/164/155 151/197/155
f 151/197/156 123/158/156 120/157/156 149/200/156
f 127/169/157 155/203/157 141/189/157 113/145/157
f 115/153/158 122/165/158 136/187/158 128/173/158
f 143/195/159 149/200/159 120/157/159 114/149/159
f 162/210/160 134/179/160 121/161/160 148/196/160
f 129/177/161 135/183/161 164/216/161 156/207/161
f 157/209/162 163/214/162 150/202/162 142/193/162
o male_FrontPlate
v -0.787000 1.010000 0.227000
v -0.787000 1.033000 0.250000
v -0.810000 1.033000 0.227000
v -0.787000 1.016737 0.243263
v -0.800279 1.019721 0.240279
v -0.803263 1.033000 0.243263
v -0.803263 1.016737 0.227000
v -0.787000 1.327000 0.250000
v -0.787000 1.350000 0.227000
v -0.810000 1.327000 0.227000
v -0.787000 1.343263 0.243263
v -0.800279 1.340279 0.240279
v -0.803263 1.343263 0.227000
v -0.803263 1.327000 0.243263
v -0.787000 1.010000 0.227000
v -0.810000 1.033000 0.227000
v -0.787000 1.033000 0.204000
v -0.803263 1.016737 0.227000
v -0.800279 1.019721 0.213721
v -0.803263 1.033000 0.210737
v -0.787000 1.016737 0.210737
v -0.787000 1.350000 0.227000
v -0.787000 1.327000 0.204000
v -0.810000 1.327000 0.227000
v -0.787000 1.343263 0.210737
v -0.800279 1.340279 0.213721
v -0.803263 1.327000 0.210737
v -0.803263 1.343263 0.227000
v -0.513000 1.010000 0.227000
v -0.490000 1.033000 0.227000
v -0.513000 1.033000 0.250000
v -0.496737 1.016737 0.227000
v -0.499721 1.019721 0.240279
v -0.496737 1.033000 0.243263
v -0.513000 1.016737 0.243263
v -0.513000 1.350000 0.227000
v -0.513000 1.327000 0.250000
v -0.490000 1.327000 0.227000
v -0.513000 1.343263 0.243263
v -0.499721 1.340279 0.240279
v -0.496737 1.327000 0.243263
v -0.496737 1.343263 0.227000
v -0.513000 1.010000 0.227000
v -0.513000 1.033000 0.204000
v -0.490000 1.033000 0.227000
v -0.513000 1.016737 0.210737
v -0.499721 1.019721 0.213721
v -0.496737 1.033000 0.210737
v -0.496737 1.016737 0.227000
v -0.513000 1.350000 0.227000
v -0.490000 1.327000 0.227000
v -0.513000 1.327000 0.204000
v -0.496737 1.343263 0.227000
v -0.499721 1.340279 0.213721
v -0.496737 1.327000 0.210737
v -0.513000 1.343263 0.210737
vn -0.3251 -0.8881 0.3251
vn -0.3251 -0.3251 0.8881
vn -0.8881 -0.3251 0.3251
vn -0.3251 0.3251 0.8881
vn -0.3251 0.8881 0.3251
vn -0.8881 0.3251 0.3251
vn -0.3251 -0.8881 -0.3251
vn -0.8881 -0.3251 -0.3251
vn -0.3251 -0.3251 -0.8881
vn -0.3251 0.8881 -0.3251
vn -0.3251 0.3251 -0.8881
vn -0.8881 0.3251 -0.3251
vn 0.3251 -0.8881 0.3251
vn 0.8881 -0.3251 0.3251
vn 0.3251 -0.3251 0.8881
vn 0.3251 0.8881 0.3251
vn 0.3251 0.3251 0.8881
vn 0.8881 0.3251 0.3251
vn 0.3251 -0.8881 -0.3251
vn 0.3251 -0.3251 -0.8881
vn 0.8881 -0.3251 -0.3251
vn 0.3251 0.8881 -0.3251
vn 0.8881 0.3251 -0.3251
vn 0.3251 0.3251 -0.8881
vn -0.3827 -0.9239 -0.0000
vn -0.9239 -0.3827 -0.0000
vn -0.3827 -0.0000 0.9239
vn -0.9239 -0.0000 0.3827
vn -0.3827 0.9239 -0.0000
vn -0.9239 0.3827 -0.0000
vn -0.3827 -0.0000 -0.9239
vn -0.9239 -0.0000 -0.3827
vn -0.0000 -0.9239 -0.3827
vn -0.0000 -0.3827 -0.9239
vn -0.0000 0.9239 -0.3827
vn -0.0000 0.3827 -0.9239
vn 0.9239 -0.0000 -0.3827
vn 0.3827 -0.0000 -0.9239
vn 0.3827 -0.9239 -0.0000
vn 0.9239 -0.3827 -0.0000
vn 0.3827 0.9239 -0.0000
vn 0.9239 0.3827 -0.0000
vn 0.3827 -0.0000 0.9239
vn 0.9239 -0.0000 0.3827
vn -0.0000 -0.9239 0.3827
vn -0.0000 -0.3827 0.9239
vn -0.0000 0.9239 0.3827
vn -0.0000 0.3827 0.9239
vn -0.0000 -1.0000 -0.0000
vn -1.0000 -0.0000 -0.0000
vn -0.0000 -0.0000 1.0000
vn -0.0000 1.0000 -0.0000
vn -0.0000 -0.0000 -1.0000
vn 1.0000 -0.0000 -0.0000
vt 0.142969 0.625000
vt 0.142969 0.750000
vt 0.132594 0.750000
vt 0.125000 0.625000
vt 0.391912 0.982031
vt 0.391912 1.000000
vt 0.382148 1.000000
vt 0.375000 0.982031
vt 0.391912 0.125000
vt 0.375000 0.125000
vt 0.375000 0.052831
vt 0.391912 0.000000
vt 0.608088 0.982031
vt 0.625000 0.982031
vt 0.625000 0.992406
vt 0.608088 1.000000
vt 0.857031 0.625000
vt 0.875000 0.625000
vt 0.875000 0.697169
vt 0.857031 0.750000
vt 0.608088 0.125000
vt 0.608088 0.000000
vt 0.617852 0.000000
vt 0.625000 0.125000
vt 0.125000 0.552831
vt 0.142969 0.500000
vt 0.391912 0.125000
vt 0.391912 0.250000
vt 0.378574 0.253797
vt 0.375000 0.125000
vt 0.391912 0.267969
vt 0.375000 0.267969
vt 0.857031 0.500000
vt 0.867405 0.500000
vt 0.608088 0.267969
vt 0.608088 0.250000
vt 0.621426 0.223584
vt 0.625000 0.267969
vt 0.608088 0.125000
vt 0.625000 0.125000
vt 0.357031 0.625000
vt 0.375000 0.625000
vt 0.377383 0.734921
vt 0.366016 0.758984
vt 0.391912 0.625000
vt 0.391912 0.750000
vt 0.391912 0.767969
vt 0.642969 0.625000
vt 0.633984 0.758984
vt 0.625149 0.732390
vt 0.625000 0.625000
vt 0.608088 0.767969
vt 0.608088 0.750000
vt 0.608088 0.625000
vt 0.366016 0.491016
vt 0.374851 0.517610
vt 0.391912 0.482031
vt 0.391912 0.500000
vt 0.391912 0.625000
vt 0.622617 0.515079
vt 0.633984 0.491016
vt 0.608088 0.625000
vt 0.608088 0.500000
vt 0.608088 0.482031
s 0
usemtl MAT_Polymer
f 169/217/163 172/218/163 173/219/163 175/220/163
f 170/221/164 174/222/164 173/223/164 172/224/164
f 171/225/165 175/226/165 173/227/165 174/228/165
f 176/229/166 179/230/166 180/231/166 182/232/166
f 177/233/167 181/234/167 180/235/167 179/236/167
f 178/237/168 182/238/168 180/239/168 181/240/168
f 183/217/169 186/220/169 187/241/169 189/242/169
f 184/243/170 188/244/170 187/245/170 186/246/170
f 185/247/171 189/248/171 187/245/171 188/244/171
f 190/233/172 193/249/172 194/250/172 196/234/172
f 191/251/173 195/252/173 194/253/173 193/254/173
f 192/255/174 196/256/174 194/253/174 195/252/174
f 197/257/175 200/258/175 201/259/175 203/260/175
f 198/261/176 202/262/176 201/259/176 200/258/176
f 199/263/177 203/260/177 201/259/177 202/262/177
f 204/264/178 207/265/178 208/266/178 210/267/178
f 205/268/179 209/269/179 208/266/179 207/265/179
f 206/270/180 210/267/180 208/266/180 209/269/180
f 211/257/181 214/271/181 215/272/181 217/258/181
f 212/273/182 216/274/182 215/272/182 214/271/182
f 213/275/183 217/258/183 215/272/183 216/274/183
f 218/264/184 221/267/184 222/276/184 224/277/184
f 219/278/185 223/279/185 222/276/185 221/267/185
f 220/280/186 224/277/186 222/276/186 223/279/186
f 183/217/187 169/217/187 175/220/187 186/220/187
f 186/246/188 175/226/188 171/225/188 184/243/188
f 170/221/189 176/229/189 182/232/189 174/222/189
f 174/228/190 182/238/190 178/237/190 171/225/190
f 177/233/191 190/233/191 196/234/191 181/234/191
f 181/240/192 196/256/192 192/255/192 178/237/192
f 191/251/193 185/247/193 188/244/193 195/252/193
f 195/252/194 188/244/194 184/243/194 192/255/194
f 211/257/195 183/217/195 189/242/195 214/271/195
f 214/271/196 189/248/196 185/247/196 212/273/196
f 190/233/197 218/264/197 224/277/197 193/249/197
f 193/254/198 224/277/198 220/280/198 191/251/198
f 219/278/199 213/275/199 216/274/199 223/279/199
f 223/279/200 216/274/200 212/273/200 220/280/200
f 197/257/201 211/257/201 217/258/201 200/258/201
f 200/258/202 217/258/202 213/275/202 198/261/202
f 218/264/203 204/264/203 210/267/203 221/267/203
f 221/267/204 210/267/204 206/270/204 219/278/204
f 205/268/205 199/263/205 202/262/205 209/269/205
f 209/269/206 202/262/206 198/261/206 206/270/206
f 169/217/207 197/257/207 203/260/207 172/218/207
f 172/224/208 203/260/208 199/263/208 170/221/208
f 204/264/209 177/233/209 179/236/209 207/265/209
f 207/265/210 179/230/210 176/229/210 205/268/210
f 183/217/211 211/257/211 197/257/211 169/217/211
f 171/225/212 178/237/212 192/255/212 184/243/212
f 199/263/213 205/268/213 176/229/213 170/221/213
f 218/264/214 190/233/214 177/233/214 204/264/214
f 185/247/215 191/251/215 220/280/215 212/273/215
f 213/275/216 219/278/216 206/270/216 198/261/216
o male_Pouch_-0.11
v -0.793000 0.945000 0.298000
v -0.793000 0.957000 0.310000
v -0.805000 0.957000 0.298000
v -0.793000 0.948515 0.306485
v -0.799928 0.950072 0.304928
v -0.801485 0.957000 0.306485
v -0.801485 0.948515 0.298000
v -0.793000 1.083000 0.310000
v -0.793000 1.095000 0.298000
v -0.805000 1.083000 0.298000
v -0.793000 1.091485 0.306485
v -0.799928 1.089928 0.304928
v -0.801485 1.091485 0.298000
v -0.801485 1.083000 0.306485
v -0.793000 0.945000 0.242000
v -0.805000 0.957000 0.242000
v -0.793000 0.957000 0.230000
v -0.801485 0.948515 0.242000
v -0.799928 0.950072 0.235072
v -0.801485 0.957000 0.233515
v -0.793000 0.948515 0.233515
v -0.793000 1.095000 0.242000
v -0.793000 1.083000 0.230000
v -0.805000 1.083000 0.242000
v -0.793000 1.091485 0.233515
v -0.799928 1.089928 0.235072
v -0.801485 1.083000 0.233515
v -0.801485 1.091485 0.242000
v -0.727000 0.945000 0.298000
v -0.715000 0.957000 0.298000
v -0.727000 0.957000 0.310000
v -0.718515 0.948515 0.298000
v -0.720072 0.950072 0.304928
v -0.718515 0.957000 0.306485
v -0.727000 0.948515 0.306485
v -0.727000 1.095000 0.298000
v -0.727000 1.083000 0.310000
v -0.715000 1.083000 0.298000
v -0.727000 1.091485 0.306485
v -0.720072 1.089928 0.304928
v -0.718515 1.083000 0.306485
v -0.718515 1.091485 0.298000
v -0.727000 0.945000 0.242000
v -0.727000 0.957000 0.230000
v -0.715000 0.957000 0.242000
v -0.727000 0.948515 0.233515
v -0.720072 0.950072 0.235072
v -0.718515 0.957000 0.233515
v -0.718515 0.948515 0.242000
v -0.727000 1.095000 0.242000
v -0.715000 1.083000 0.242000
v -0.727000 1.083000 0.230000
v -0.718515 1.091485 0.242000
v -0.720072 1.089928 0.235072
v -0.718515 1.083000 0.233515
v -0.727000 1.091485 0.233515
vn -0.3251 -0.8881 0.3251
vn -0.3251 -0.3251 0.8881
vn -0.8881 -0.3251 0.3251
vn -0.3251 0.3251 0.8881
vn -0.3251 0.8881 0.3251
vn -0.8881 0.3251 0.3251
vn -0.3251 -0.8881 -0.3251
vn -0.8881 -0.3251 -0.3251
vn -0.3251 -0.3251 -0.8881
vn -0.3251 0.8881 -0.3251
vn -0.3251 0.3251 -0.8881
vn -0.8881 0.3251 -0.3251
vn 0.3251 -0.8881 0.3251
vn 0.8881 -0.3251 0.3251
vn 0.3251 -0.3251 0.8881
vn 0.3251 0.8881 0.3251
vn 0.3251 0.3251 0.8881
vn 0.8881 0.3251 0.3251
vn 0.3251 -0.8881 -0.3251
vn 0.3251 -0.3251 -0.8881
vn 0.8881 -0.3251 -0.3251
vn 0.3251 0.8881 -0.3251
vn 0.8881 0.3251 -0.3251
vn 0.3251 0.3251 -0.8881
vn -0.3827 -0.9239 -0.0000
vn -0.9239 -0.3827 -0.0000
vn -0.3827 -0.0000 0.9239
vn -0.9239 -0.0000 0.3827
vn -0.3827 0.9239 -0.0000
vn -0.9239 0.3827 -0.0000
vn -0.3827 -0.0000 -0.9239
vn -0.9239 -0.0000 -0.3827
vn -0.0000 -0.9239 -0.3827
vn -0.0000 -0.3827 -0.9239
vn -0.0000 0.9239 -0.3827
vn -0.0000 0.3827 -0.9239
vn 0.9239 -0.0000 -0.3827
vn 0.3827 -0.0000 -0.9239
vn 0.3827 -0.9239 -0.0000
vn 0.9239 -0.3827 -0.0000
vn 0.3827 0.9239 -0.0000
vn 0.9239 0.3827 -0.0000
vn 0.3827 -0.0000 0.9239
vn 0.9239 -0.0000 0.3827
vn -0.0000 -0.9239 0.3827
vn -0.0000 -0.3827 0.9239
vn -0.0000 0.9239 0.3827
vn -0.0000 0.3827 0.9239
vn -0.0000 -1.0000 -0.0000
vn -1.0000 -0.0000 -0.0000
vn -0.0000 -0.0000 1.0000
vn -0.0000 1.0000 -0.0000
vn -0.0000 -0.0000 -1.0000
vn 1.0000 -0.0000 -0.0000
vt 0.158333 0.712500
vt 0.158333 0.750000
vt 0.139088 0.750000
vt 0.125000 0.712500
vt 0.395000 0.966667
vt 0.395000 1.000000
vt 0.383453 1.000000
vt 0.375000 0.966667
vt 0.395000 0.037500
vt 0.375000 0.037500
vt 0.375000 0.015849
vt 0.395000 0.000000
vt 0.605000 0.966667
vt 0.625000 0.966667
vt 0.625000 0.985912
vt 0.605000 1.000000
vt 0.841667 0.712500
vt 0.875000 0.712500
vt 0.875000 0.734151
vt 0.841667 0.750000
vt 0.605000 0.037500
vt 0.605000 0.000000
vt 0.616547 0.000000
vt 0.625000 0.037500
vt 0.158333 0.537500
vt 0.125000 0.537500
vt 0.125000 0.515849
vt 0.158333 0.500000
vt 0.395000 0.212500
vt 0.395000 0.250000
vt 0.379226 0.257044
vt 0.375000 0.212500
vt 0.395000 0.283333
vt 0.375000 0.283333
vt 0.841667 0.537500
vt 0.841667 0.500000
vt 0.860912 0.500000
vt 0.875000 0.537500
vt 0.605000 0.283333
vt 0.605000 0.250000
vt 0.620774 0.242075
vt 0.625000 0.283333
vt 0.605000 0.212500
vt 0.625000 0.212500
vt 0.341667 0.712500
vt 0.375000 0.712500
vt 0.377818 0.749413
vt 0.358333 0.766667
vt 0.395000 0.712500
vt 0.395000 0.750000
vt 0.395000 0.783333
vt 0.658333 0.712500
vt 0.641667 0.766667
vt 0.626878 0.744717
vt 0.625000 0.712500
vt 0.605000 0.783333
vt 0.605000 0.750000
vt 0.605000 0.712500
vt 0.341667 0.537500
vt 0.358333 0.483333
vt 0.373122 0.505283
vt 0.375000 0.537500
vt 0.395000 0.466667
vt 0.395000 0.500000
vt 0.395000 0.537500
vt 0.658333 0.537500
vt 0.625000 0.537500
vt 0.622182 0.500587
vt 0.641667 0.483333
vt 0.605000 0.537500
vt 0.605000 0.500000
vt 0.605000 0.466667
s 0
usemtl MAT_Cordura
f 225/281/217 228/282/217 229/283/217 231/284/217
f 226/285/218 230/286/218 229/287/218 228/288/218
f 227/289/219 231/290/219 229/291/219 230/292/219
f 232/293/220 235/294/220 236/295/220 238/296/220
f 233/297/221 237/298/221 236/299/221 235/300/221
f 234/301/222 238/302/222 236/303/222 237/304/222
f 239/305/223 242/306/223 243/307/223 245/308/223
f 240/309/224 244/310/224 243/311/224 242/312/224
f 241/313/225 245/314/225 243/311/225 244/310/225
f 246/315/226 249/316/226 250/317/226 252/318/226
f 247/319/227 251/320/227 250/321/227 249/322/227
f 248/323/228 252/324/228 250/321/228 251/320/228
f 253/325/229 256/326/229 257/327/229 259/328/229
f 254/329/230 258/330/230 257/327/230 256/326/230
f 255/331/231 259/328/231 257/327/231 258/330/231
f 260/332/232 263/333/232 264/334/232 266/335/232
f 261/336/233 265/337/233 264/334/233 263/333/233
f 262/338/234 266/335/234 264/334/234 265/337/234
f 267/339/235 270/340/235 271/341/235 273/342/235
f 268/343/236 272/344/236 271/341/236 270/340/236
f 269/345/237 273/342/237 271/341/237 272/344/237
f 274/346/238 277/347/238 278/348/238 280/349/238
f 275/350/239 279/351/239 278/348/239 277/347/239
f 276/352/240 280/349/240 278/348/240 279/351/240
f 239/305/241 225/281/241 231/284/241 242/306/241
f 242/312/242 231/290/242 227/289/242 240/309/242
f 226/285/243 232/293/243 238/296/243 230/286/243
f 230/292/244 238/302/244 234/301/244 227/289/244
f 233/297/245 246/315/245 252/318/245 237/298/245
f 237/304/246 252/324/246 248/323/246 234/301/246
f 247/319/247 241/313/247 244/310/247 251/320/247
f 251/320/248 244/310/248 240/309/248 248/323/248
f 267/339/249 239/305/249 245/308/249 270/340/249
f 270/340/250 245/314/250 241/313/250 268/343/250
f 246/315/251 274/346/251 280/349/251 249/316/251
f 249/322/252 280/349/252 276/352/252 247/319/252
f 275/350/253 269/345/253 272/344/253 279/351/253
f 279/351/254 272/344/254 268/343/254 276/352/254
f 253/325/255 267/339/255 273/342/255 256/326/255
f 256/326/256 273/342/256 269/345/256 254/329/256
f 274/346/257 260/332/257 266/335/257 277/347/257
f 277/347/258 266/335/258 262/338/258 275/350/258
f 261/336/259 255/331/259 258/330/259 265/337/259
f 265/337/260 258/330/260 254/329/260 262/338/260
f 225/281/261 253/325/261 259/328/261 228/282/261
f 228/288/262 259/328/262 255/331/262 226/285/262
f 260/332/263 233/297/263 235/300/263 263/333/263
f 263/333/264 235/294/264 232/293/264 261/336/264
f 239/305/265 267/339/265 253/325/265 225/281/265
f 227/289/266 234/301/266 248/323/266 240/309/266
f 255/331/267 261/336/267 232/293/267 226/285/267
f 274/346/268 246/315/268 233/297/268 260/332/268
f 241/313/269 247/319/269 276/352/269 268/343/269
f 269/345/270 275/350/270 262/338/270 254/329/270
o male_Pouch_0
v -0.683000 0.945000 0.298000
v -0.683000 0.957000 0.310000
v -0.695000 0.957000 0.298000
v -0.683000 0.948515 0.306485
v -0.689928 0.950072 0.304928
v -0.691485 0.957000 0.306485
v -0.691485 0.948515 0.298000
v -0.683000 1.083000 0.310000
v -0.683000 1.095000 0.298000
v -0.695000 1.083000 0.298000
v -0.683000 1.091485 0.306485
v -0.689928 1.089928 0.304928
v -0.691485 1.091485 0.298000
v -0.691485 1.083000 0.306485
v -0.683000 0.945000 0.242000
v -0.695000 0.957000 0.242000
v -0.683000 0.957000 0.230000
v -0.691485 0.948515 0.242000
v -0.689928 0.950072 0.235072
v -0.691485 0.957000 0.233515
v -0.683000 0.948515 0.233515
v -0.683000 1.095000 0.242000
v -0.683000 1.083000 0.230000
v -0.695000 1.083000 0.242000
v -0.683000 1.091485 0.233515
v -0.689928 1.089928 0.235072
v -0.691485 1.083000 0.233515
v -0.691485 1.091485 0.242000
v -0.617000 0.945000 0.298000
v -0.605000 0.957000 0.298000
v -0.617000 0.957000 0.310000
v -0.608515 0.948515 0.298000
v -0.610072 0.950072 0.304928
v -0.608515 0.957000 0.306485
v -0.617000 0.948515 0.306485
v -0.617000 1.095000 0.298000
v -0.617000 1.083000 0.310000
v -0.605000 1.083000 0.298000
v -0.617000 1.091485 0.306485
v -0.610072 1.089928 0.304928
v -0.608515 1.083000 0.306485
v -0.608515 1.091485 0.298000
v -0.617000 0.945000 0.242000
v -0.617000 0.957000 0.230000
v -0.605000 0.957000 0.242000
v -0.617000 0.948515 0.233515
v -0.610072 0.950072 0.235072
v -0.608515 0.957000 0.233515
v -0.608515 0.948515 0.242000
v -0.617000 1.095000 0.242000
v -0.605000 1.083000 0.242000
v -0.617000 1.083000 0.230000
v -0.608515 1.091485 0.242000
v -0.610072 1.089928 0.235072
v -0.608515 1.083000 0.233515
v -0.617000 1.091485 0.233515
vn -0.3251 -0.8881 0.3251
vn -0.3251 -0.3251 0.8881
vn -0.8881 -0.3251 0.3251
vn -0.3251 0.3251 0.8881
vn -0.3251 0.8881 0.3251
vn -0.8881 0.3251 0.3251
vn -0.3251 -0.8881 -0.3251
vn -0.8881 -0.3251 -0.3251
vn -0.3251 -0.3251 -0.8881
vn -0.3251 0.8881 -0.3251
vn -0.3251 0.3251 -0.8881
vn -0.8881 0.3251 -0.3251
vn 0.3251 -0.8881 0.3251
vn 0.8881 -0.3251 0.3251
vn 0.3251 -0.3251 0.8881
vn 0.3251 0.8881 0.3251
vn 0.3251 0.3251 0.8881
vn 0.8881 0.3251 0.3251
vn 0.3251 -0.8881 -0.3251
vn 0.3251 -0.3251 -0.8881
vn 0.8881 -0.3251 -0.3251
vn 0.3251 0.8881 -0.3251
vn 0.8881 0.3251 -0.3251
vn 0.3251 0.3251 -0.8881
vn -0.3827 -0.9239 -0.0000
vn -0.9239 -0.3827 -0.0000
vn -0.3827 -0.0000 0.9239
vn -0.9239 -0.0000 0.3827
vn -0.3827 0.9239 -0.0000
vn -0.9239 0.3827 -0.0000
vn -0.3827 -0.0000 -0.9239
vn -0.9239 -0.0000 -0.3827
vn -0.0000 -0.9239 -0.3827
vn -0.0000 -0.3827 -0.9239
vn -0.0000 0.9239 -0.3827
vn -0.0000 0.3827 -0.9239
vn 0.9239 -0.0000 -0.3827
vn 0.3827 -0.0000 -0.9239
vn 0.3827 -0.9239 -0.0000
vn 0.9239 -0.3827 -0.0000
vn 0.3827 0.9239 -0.0000
vn 0.9239 0.3827 -0.0000
vn 0.3827 -0.0000 0.9239
vn 0.9239 -0.0000 0.3827
vn -0.0000 -0.9239 0.3827
vn -0.0000 -0.3827 0.9239
vn -0.0000 0.9239 0.3827
vn -0.0000 0.3827 0.9239
vn -0.0000 -1.0000 -0.0000
vn -1.0000 -0.0000 -0.0000
vn -0.0000 -0.0000 1.0000
vn -0.0000 1.0000 -0.0000
vn -0.0000 -0.0000 -1.0000
vn 1.0000 -0.0000 -0.0000
vt 0.158333 0.712500
vt 0.158333 0.750000
vt 0.139088 0.750000
vt 0.125000 0.712500
vt 0.395000 0.966667
vt 0.395000 1.000000
vt 0.383453 1.000000
vt 0.375000 0.966667
vt 0.395000 0.037500
vt 0.375000 0.037500
vt 0.375000 0.015849
vt 0.395000 0.000000
vt 0.605000 0.966667
vt 0.625000 0.966667
vt 0.625000 0.985912
vt 0.605000 1.000000
vt 0.841667 0.712500
vt 0.875000 0.712500
vt 0.875000 0.734151
vt 0.841667 0.750000
vt 0.605000 0.037500
vt 0.605000 0.000000
vt 0.616547 0.000000
vt 0.625000 0.037500
vt 0.158333 0.537500
vt 0.125000 0.537500
vt 0.125000 0.515849
vt 0.158333 0.500000
vt 0.395000 0.212500
vt 0.395000 0.250000
vt 0.379226 0.257044
vt 0.375000 0.212500
vt 0.395000 0.283333
vt 0.375000 0.283333
vt 0.841667 0.537500
vt 0.841667 0.500000
vt 0.860912 0.500000
vt 0.875000 0.537500
vt 0.605000 0.283333
vt 0.605000 0.250000
vt 0.620774 0.242075
vt 0.625000 0.283333
vt 0.605000 0.212500
vt 0.625000 0.212500
vt 0.341667 0.712500
vt 0.375000 0.712500
vt 0.377818 0.749413
vt 0.358333 0.766667
vt 0.395000 0.712500
vt 0.395000 0.750000
vt 0.395000 0.783333
vt 0.658333 0.712500
vt 0.641667 0.766667
vt 0.626878 0.744717
vt 0.625000 0.712500
vt 0.605000 0.783333
vt 0.605000 0.750000
vt 0.605000 0.712500
vt 0.341667 0.537500
vt 0.358333 0.483333
vt 0.373122 0.505283
vt 0.375000 0.537500
vt 0.395000 0.466667
vt 0.395000 0.500000
vt 0.395000 0.537500
vt 0.658333 0.537500
vt 0.625000 0.537500
vt 0.622182 0.500587
vt 0.641667 0.483333
vt 0.605000 0.537500
vt 0.605000 0.500000
vt 0.605000 0.466667
s 0
usemtl MAT_Cordura
f 281/353/271 284/354/271 285/355/271 287/356/271
f 282/357/272 286/358/272 285/359/272 284/360/272
f 283/361/273 287/362/273 285/363/273 286/364/273
f 288/365/274 291/366/274 292/367/274 294/368/274
f 289/369/275 293/370/275 292/371/275 291/372/275
f 290/373/276 294/374/276 292/375/276 293/376/276
f 295/377/277 298/378/277 299/379/277 301/380/277
f 296/381/278 300/382/278 299/383/278 298/384/278
f 297/385/279 301/386/279 299/383/279 300/382/279
f 302/387/280 305/388/280 306/389/280 308/390/280
f 303/391/281 307/392/281 306/393/281 305/394/281
f 304/395/282 308/396/282 306/393/282 307/392/282
f 309/397/283 312/398/283 313/399/283 315/400/283
f 310/401/284 314/402/284 313/399/284 312/398/284
f 311/403/285 315/400/285 313/399/285 314/402/285
f 316/404/286 319/405/286 320/406/286 322/407/286
f 317/408/287 321/409/287 320/406/287 319/405/287
f 318/410/288 322/407/288 320/406/288 321/409/288
f 323/411/289 326/412/289 327/413/289 329/414/289
f 324/415/290 328/416/290 327/413/290 326/412/290
f 325/417/291 329/414/291 327/413/291 328/416/291
f 330/418/292 333/419/292 334/420/292 336/421/292
f 331/422/293 335/423/293 334/420/293 333/419/293
f 332/424/294 336/421/294 334/420/294 335/423/294
f 295/377/295 281/353/295 287/356/295 298/378/295
f 298/384/296 287/362/296 283/361/296 296/381/296
f 282/357/297 288/365/297 294/368/297 286/358/297
f 286/364/298 294/374/298 290/373/298 283/361/298
f 289/369/299 302/387/299 308/390/299 293/370/299
f 293/376/300 308/396/300 304/395/300 290/373/300
f 303/391/301 297/385/301 300/382/301 307/392/301
f 307/392/302 300/382/302 296/381/302 304/395/302
f 323/411/303 295/377/303 301/380/303 326/412/303
f 326/412/304 301/386/304 297/385/304 324/415/304
f 302/387/305 330/418/305 336/421/305 305/388/305
f 305/394/306 336/421/306 332/424/306 303/391/306
f 331/422/307 325/417/307 328/416/307 335/423/307
f 335/423/308 328/416/308 324/415/308 332/424/308
f 309/397/309 323/411/309 329/414/309 312/398/309
f 312/398/310 329/414/310 325/417/310 310/401/310
f 330/418/311 316/404/311 322/407/311 333/419/311
f 333/419/312 322/407/312 318/410/312 331/422/312
f 317/408/313 311/403/313 314/402/313 321/409/313
f 321/409/314 314/402/314 310/401/314 318/410/314
f 281/353/315 309/397/315 315/400/315 284/354/315
f 284/360/316 315/400/316 311/403/316 282/357/316
f 316/404/317 289/369/317 291/372/317 319/405/317
f 319/405/318 291/366/318 288/365/318 317/408/318
f 295/377/319 323/411/319 309/397/319 281/353/319
f 283/361/320 290/373/320 304/395/320 296/381/320
f 311/403/321 317/408/321 288/365/321 282/357/321
f 330/418/322 302/387/322 289/369/322 316/404/322
f 297/385/323 303/391/323 332/424/323 324/415/323
f 325/417/324 331/422/324 318/410/324 310/401/324
o male_Pouch_0.11
v -0.573000 0.945000 0.298000
v -0.573000 0.957000 0.310000
v -0.585000 0.957000 0.298000
v -0.573000 0.948515 0.306485
v -0.579928 0.950072 0.304928
v -0.581485 0.957000 0.306485
v -0.581485 0.948515 0.298000
v -0.573000 1.083000 0.310000
v -0.573000 1.095000 0.298000
v -0.585000 1.083000 0.298000
v -0.573000 1.091485 0.306485
v -0.579928 1.089928 0.304928
v -0.581485 1.091485 0.298000
v -0.581485 1.083000 0.306485
v -0.573000 0.945000 0.242000
v -0.585000 0.957000 0.242000
v -0.573000 0.957000 0.230000
v -0.581485 0.948515 0.242000
v -0.579928 0.950072 0.235072
v -0.581485 0.957000 0.233515
v -0.573000 0.948515 0.233515
v -0.573000 1.095000 0.242000
v -0.573000 1.083000 0.230000
v -0.585000 1.083000 0.242000
v -0.573000 1.091485 0.233515
v -0.579928 1.089928 0.235072
v -0.581485 1.083000 0.233515
v -0.581485 1.091485 0.242000
v -0.507000 0.945000 0.298000
v -0.495000 0.957000 0.298000
v -0.507000 0.957000 0.310000
v -0.498515 0.948515 0.298000
v -0.500072 0.950072 0.304928
v -0.498515 0.957000 0.306485
v -0.507000 0.948515 0.306485
v -0.507000 1.095000 0.298000
v -0.507000 1.083000 0.310000
v -0.495000 1.083000 0.298000
v -0.507000 1.091485 0.306485
v -0.500072 1.089928 0.304928
v -0.498515 1.083000 0.306485
v -0.498515 1.091485 0.298000
v -0.507000 0.945000 0.242000
v -0.507000 0.957000 0.230000
v -0.495000 0.957000 0.242000
v -0.507000 0.948515 0.233515
v -0.500072 0.950072 0.235072
v -0.498515 0.957000 0.233515
v -0.498515 0.948515 0.242000
v -0.507000 1.095000 0.242000
v -0.495000 1.083000 0.242000
v -0.507000 1.083000 0.230000
v -0.498515 1.091485 0.242000
v -0.500072 1.089928 0.235072
v -0.498515 1.083000 0.233515
v -0.507000 1.091485 0.233515
vn -0.3251 -0.8881 0.3251
vn -0.3251 -0.3251 0.8881
vn -0.8881 -0.3251 0.3251
vn -0.3251 0.3251 0.8881
vn -0.3251 0.8881 0.3251
vn -0.8881 0.3251 0.3251
vn -0.3251 -0.8881 -0.3251
vn -0.8881 -0.3251 -0.3251
vn -0.3251 -0.3251 -0.8881
vn -0.3251 0.8881 -0.3251
vn -0.3251 0.3251 -0.8881
vn -0.8881 0.3251 -0.3251
vn 0.3251 -0.8881 0.3251
vn 0.8881 -0.3251 0.3251
vn 0.3251 -0.3251 0.8881
vn 0.3251 0.8881 0.3251
vn 0.3251 0.3251 0.8881
vn 0.8881 0.3251 0.3251
vn 0.3251 -0.8881 -0.3251
vn 0.3251 -0.3251 -0.8881
vn 0.8881 -0.3251 -0.3251
vn 0.3251 0.8881 -0.3251
vn 0.8881 0.3251 -0.3251
vn 0.3251 0.3251 -0.8881
vn -0.3827 -0.9239 -0.0000
vn -0.9239 -0.3827 -0.0000
vn -0.3827 -0.0000 0.9239
vn -0.9239 -0.0000 0.3827
vn -0.3827 0.9239 -0.0000
vn -0.9239 0.3827 -0.0000
vn -0.3827 -0.0000 -0.9239
vn -0.9239 -0.0000 -0.3827
vn -0.0000 -0.9239 -0.3827
vn -0.0000 -0.3827 -0.9239
vn -0.0000 0.9239 -0.3827
vn -0.0000 0.3827 -0.9239
vn 0.9239 -0.0000 -0.3827
vn 0.3827 -0.0000 -0.9239
vn 0.3827 -0.9239 -0.0000
vn 0.9239 -0.3827 -0.0000
vn 0.3827 0.9239 -0.0000
vn 0.9239 0.3827 -0.0000
vn 0.3827 -0.0000 0.9239
vn 0.9239 -0.0000 0.3827
vn -0.0000 -0.9239 0.3827
vn -0.0000 -0.3827 0.9239
vn -0.0000 0.9239 0.3827
vn -0.0000 0.3827 0.9239
vn -0.0000 -1.0000 -0.0000
vn -1.0000 -0.0000 -0.0000
vn -0.0000 -0.0000 1.0000
vn -0.0000 1.0000 -0.0000
vn -0.0000 -0.0000 -1.0000
vn 1.0000 -0.0000 -0.0000
vt 0.158333 0.712500
vt 0.158333 0.750000
vt 0.139088 0.750000
vt 0.125000 0.712500
vt 0.395000 0.966667
vt 0.395000 1.000000
vt 0.383453 1.000000
vt 0.375000 0.966667
vt 0.395000 0.037500
vt 0.375000 0.037500
vt 0.375000 0.015849
vt 0.395000 0.000000
vt 0.605000 0.966667
vt 0.625000 0.966667
vt 0.625000 0.985912
vt 0.605000 1.000000
vt 0.841667 0.712500
vt 0.875000 0.712500
vt 0.875000 0.734151
vt 0.841667 0.750000
vt 0.605000 0.037500
vt 0.605000 0.000000
vt 0.616547 0.000000
vt 0.625000 0.037500
vt 0.158333 0.537500
vt 0.125000 0.537500
vt 0.125000 0.515849
vt 0.158333 0.500000
vt 0.395000 0.212500
vt 0.395000 0.250000
vt 0.379226 0.257044
vt 0.375000 0.212500
vt 0.395000 0.283333
vt 0.375000 0.283333
vt 0.841667 0.537500
vt 0.841667 0.500000
vt 0.860912 0.500000
vt 0.875000 0.537500
vt 0.605000 0.283333
vt 0.605000 0.250000
vt 0.620774 0.242075
vt 0.625000 0.283333
vt 0.605000 0.212500
vt 0.625000 0.212500
vt 0.341667 0.712500
vt 0.375000 0.712500
vt 0.377818 0.749413
vt 0.358333 0.766667
vt 0.395000 0.712500
vt 0.395000 0.750000
vt 0.395000 0.783333
vt 0.658333 0.712500
vt 0.641667 0.766667
vt 0.626878 0.744717
vt 0.625000 0.712500
vt 0.605000 0.783333
vt 0.605000 0.750000
vt 0.605000 0.712500
vt 0.341667 0.537500
vt 0.358333 0.483333
vt 0.373122 0.505283
vt 0.375000 0.537500
vt 0.395000 0.466667
vt 0.395000 0.500000
vt 0.395000 0.537500
vt 0.658333 0.537500
vt 0.625000 0.537500
vt 0.622182 0.500587
vt 0.641667 0.483333
vt 0.605000 0.537500
vt 0.605000 0.500000
vt 0.605000 0.466667
s 0
usemtl MAT_Cordura
f 337/425/325 340/426/325 341/427/325 343/428/325
f 338/429/326 342/430/326 341/431/326 340/432/326
f 339/433/327 343/434/327 341/435/327 342/436/327
f 344/437/328 347/438/328 348/439/328 350/440/328
f 345/441/329 349/442/329 348/443/329 347/444/329
f 346/445/330 350/446/330 348/447/330 349/448/330
f 351/449/331 354/450/331 355/451/331 357/452/331
f 352/453/332 356/454/332 355/455/332 354/456/332
f 353/457/333 357/458/333 355/455/333 356/454/333
f 358/459/334 361/460/334 362/461/334 364/462/334
f 359/463/335 363/464/335 362/465/335 361/466/335
f 360/467/336 364/468/336 362/465/336 363/464/336
f 365/469/337 368/470/337 369/471/337 371/472/337
f 366/473/338 370/474/338 369/471/338 368/470/338
f 367/475/339 371/472/339 369/471/339 370/474/339
f 372/476/340 375/477/340 376/478/340 378/479/340
f 373/480/341 377/481/341 376/478/341 375/477/341
f 374/482/342 378/479/342 376/478/342 377/481/342
f 379/483/343 382/484/343 383/485/343 385/486/343
f 380/487/344 384/488/344 383/485/344 382/484/344
f 381/489/345 385/486/345 383/485/345 384/488/345
f 386/490/346 389/491/346 390/492/346 392/493/346
f 387/494/347 391/495/347 390/492/347 389/491/347
f 388/496/348 392/493/348 390/492/348 391/495/348
f 351/449/349 337/425/349 343/428/349 354/450/349
f 354/456/350 343/434/350 339/433/350 352/453/350
f 338/429/351 344/437/351 350/440/351 342/430/351
f 342/436/352 350/446/352 346/445/352 339/433/352
f 345/441/353 358/459/353 364/462/353 349/442/353
f 349/448/354 364/468/354 360/467/354 346/445/354
f 359/463/355 353/457/355 356/454/355 363/464/355
f 363/464/356 356/454/356 352/453/356 360/467/356
f 379/483/357 351/449/357 357/452/357 382/484/357
f 382/484/358 357/458/358 353/457/358 380/487/358
f 358/459/359 386/490/359 392/493/359 361/460/359
f 361/466/360 392/493/360 388/496/360 359/463/360
f 387/494/361 381/489/361 384/488/361 391/495/361
f 391/495/362 384/488/362 380/487/362 388/496/362
f 365/469/363 379/483/363 385/486/363 368/470/363
f 368/470/364 385/486/364 381/489/364 366/473/364
f 386/490/365 372/476/365 378/479/365 389/491/365
f 389/491/366 378/479/366 374/482/366 387/494/366
f 373/480/367 367/475/367 370/474/367 377/481/367
f 377/481/368 370/474/368 366/473/368 374/482/368
f 337/425/369 365/469/369 371/472/369 340/426/369
f 340/432/370 371/472/370 367/475/370 338/429/370
f 372/476/371 345/441/371 347/444/371 375/477/371
f 375/477/372 347/438/372 344/437/372 373/480/372
f 351/449/373 379/483/373 365/469/373 337/425/373
f 339/433/374 346/445/374 360/467/374 352/453/374
f 367/475/375 373/480/375 344/437/375 338/429/375
f 386/490/376 358/459/376 345/441/376 372/476/376
f 353/457/377 359/463/377 388/496/377 380/487/377
f 381/489/378 387/494/378 374/482/378 366/473/378
o male_Belt
v -0.843000 0.772000 0.143000
v -0.843000 0.784000 0.155000
v -0.855000 0.784000 0.143000
v -0.843000 0.775515 0.151485
v -0.849928 0.777072 0.149928
v -0.851485 0.784000 0.151485
v -0.851485 0.775515 0.143000
v -0.843000 0.816000 0.155000
v -0.843000 0.828000 0.143000
v -0.855000 0.816000 0.143000
v -0.843000 0.824485 0.151485
v -0.849928 0.822928 0.149928
v -0.851485 0.824485 0.143000
v -0.851485 0.816000 0.151485
v -0.843000 0.772000 -0.143000
v -0.855000 0.784000 -0.143000
v -0.843000 0.784000 -0.155000
v -0.851485 0.775515 -0.143000
v -0.849928 0.777072 -0.149928
v -0.851485 0.784000 -0.151485
v -0.843000 0.775515 -0.151485
v -0.843000 0.828000 -0.143000
v -0.843000 0.816000 -0.155000
v -0.855000 0.816000 -0.143000
v -0.843000 0.824485 -0.151485
v -0.849928 0.822928 -0.149928
v -0.851485 0.816000 -0.151485
v -0.851485 0.824485 -0.143000
v -0.457000 0.772000 0.143000
v -0.445000 0.784000 0.143000
v -0.457000 0.784000 0.155000
v -0.448515 0.775515 0.143000
v -0.450072 0.777072 0.149928
v -0.448515 0.784000 0.151485
v -0.457000 0.775515 0.151485
v -0.457000 0.828000 0.143000
v -0.457000 0.816000 0.155000
v -0.445000 0.816000 0.143000
v -0.457000 0.824485 0.151485
v -0.450072 0.822928 0.149928
v -0.448515 0.816000 0.151485
v -0.448515 0.824485 0.143000
v -0.457000 0.772000 -0.143000
v -0.457000 0.784000 -0.155000
v -0.445000 0.784000 -0.143000
v -0.457000 0.775515 -0.151485
v -0.450072 0.777072 -0.149928
v -0.448515 0.784000 -0.151485
v -0.448515 0.775515 -0.143000
v -0.457000 0.828000 -0.143000
v -0.445000 0.816000 -0.143000
v -0.457000 0.816000 -0.155000
v -0.448515 0.824485 -0.143000
v -0.450072 0.822928 -0.149928
v -0.448515 0.816000 -0.151485
v -0.457000 0.824485 -0.151485
vn -0.3251 -0.8881 0.3251
vn -0.3251 -0.3251 0.8881
vn -0.8881 -0.3251 0.3251
vn -0.3251 0.3251 0.8881
vn -0.3251 0.8881 0.3251
vn -0.8881 0.3251 0.3251
vn -0.3251 -0.8881 -0.3251
vn -0.8881 -0.3251 -0.3251
vn -0.3251 -0.3251 -0.8881
vn -0.3251 0.8881 -0.3251
vn -0.3251 0.3251 -0.8881
vn -0.8881 0.3251 -0.3251
vn 0.3251 -0.8881 0.3251
vn 0.8881 -0.3251 0.3251
vn 0.3251 -0.3251 0.8881
vn 0.3251 0.8881 0.3251
vn 0.3251 0.3251 0.8881
vn 0.8881 0.3251 0.3251
vn 0.3251 -0.8881 -0.3251
vn 0.3251 -0.3251 -0.8881
vn 0.8881 -0.3251 -0.3251
vn 0.3251 0.8881 -0.3251
vn 0.8881 0.3251 -0.3251
vn 0.3251 0.3251 -0.8881
vn -0.3827 -0.9239 -0.0000
vn -0.9239 -0.3827 -0.0000
vn -0.3827 -0.0000 0.9239
vn -0.9239 -0.0000 0.3827
vn -0.3827 0.9239 -0.0000
vn -0.9239 0.3827 -0.0000
vn -0.3827 -0.0000 -0.9239
vn -0.9239 -0.0000 -0.3827
vn -0.0000 -0.9239 -0.3827
vn -0.0000 -0.3827 -0.9239
vn -0.0000 0.9239 -0.3827
vn -0.0000 0.3827 -0.9239
vn 0.9239 -0.0000 -0.3827
vn 0.3827 -0.0000 -0.9239
vn 0.3827 -0.9239 -0.0000
vn 0.9239 -0.3827 -0.0000
vn 0.3827 0.9239 -0.0000
vn 0.9239 0.3827 -0.0000
vn 0.3827 -0.0000 0.9239
vn 0.9239 -0.0000 0.3827
vn -0.0000 -0.9239 0.3827
vn -0.0000 -0.3827 0.9239
vn -0.0000 0.9239 0.3827
vn -0.0000 0.3827 0.9239
vn -0.0000 -1.0000 -0.0000
vn -1.0000 -0.0000 -0.0000
vn -0.0000 -0.0000 1.0000
vn -0.0000 1.0000 -0.0000
vn -0.0000 -0.0000 -1.0000
vn 1.0000 -0.0000 -0.0000
vt 0.132317 0.740323
vt 0.132317 0.750000
vt 0.128093 0.750000
vt 0.125000 0.740323
vt 0.428571 0.992683
vt 0.428571 1.000000
vt 0.397642 1.000000
vt 0.375000 0.992683
vt 0.428571 0.009677
vt 0.375000 0.009677
vt 0.375000 0.004090
vt 0.428571 0.000000
vt 0.571429 0.992683
vt 0.625000 0.992683
vt 0.625000 0.996907
vt 0.571429 1.000000
vt 0.867683 0.740323
vt 0.875000 0.740323
vt 0.875000 0.745910
vt 0.867683 0.750000
vt 0.571429 0.009677
vt 0.571429 0.000000
vt 0.602358 0.000000
vt 0.625000 0.009677
vt 0.132317 0.509677
vt 0.125000 0.509677
vt 0.125000 0.504090
vt 0.132317 0.500000
vt 0.428571 0.240323
vt 0.428571 0.250000
vt 0.386321 0.251546
vt 0.375000 0.240323
vt 0.428571 0.257317
vt 0.375000 0.257317
vt 0.867683 0.509677
vt 0.867683 0.500000
vt 0.871907 0.500000
vt 0.875000 0.509677
vt 0.571429 0.257317
vt 0.571429 0.250000
vt 0.613679 0.247955
vt 0.625000 0.257317
vt 0.571429 0.240323
vt 0.625000 0.240323
vt 0.367683 0.740323
vt 0.375000 0.740323
vt 0.382547 0.749668
vt 0.371341 0.753659
vt 0.428571 0.740323
vt 0.428571 0.750000
vt 0.428571 0.757317
vt 0.632317 0.740323
vt 0.628659 0.753659
vt 0.618484 0.748637
vt 0.625000 0.740323
vt 0.571429 0.757317
vt 0.571429 0.750000
vt 0.571429 0.740323
vt 0.367683 0.509677
vt 0.371341 0.496341
vt 0.381516 0.501363
vt 0.375000 0.509677
vt 0.428571 0.492683
vt 0.428571 0.500000
vt 0.428571 0.509677
vt 0.632317 0.509677
vt 0.625000 0.509677
vt 0.617453 0.500333
vt 0.628659 0.496341
vt 0.571429 0.509677
vt 0.571429 0.500000
vt 0.571429 0.492683
s 0
usemtl MAT_Cordura
f 393/497/379 396/498/379 397/499/379 399/500/379
f 394/501/380 398/502/380 397/503/380 396/504/380
f 395/505/381 399/506/381 397/507/381 398/508/381
f 400/509/382 403/510/382 404/511/382 406/512/382
f 401/513/383 405/514/383 404/515/383 403/516/383
f 402/517/384 406/518/384 404/519/384 405/520/384
f 407/521/385 410/522/385 411/523/385 413/524/385
f 408/525/386 412/526/386 411/527/386 410/528/386
f 409/529/387 413/530/387 411/527/387 412/526/387
f 414/531/388 417/532/388 418/533/388 420/534/388
f 415/535/389 419/536/389 418/537/389 417/538/389
f 416/539/390 420/540/390 418/537/390 419/536/390
f 421/541/391 424/542/391 425/543/391 427/544/391
f 422/545/392 426/546/392 425/543/392 424/542/392
f 423/547/393 427/544/393 425/543/393 426/546/393
f 428/548/394 431/549/394 432/550/394 434/551/394
f 429/552/395 433/553/395 432/550/395 431/549/395
f 430/554/396 434/551/396 432/550/396 433/553/396
f 435/555/397 438/556/397 439/557/397 441/558/397
f 436/559/398 440/560/398 439/557/398 438/556/398
f 437/561/399 441/558/399 439/557/399 440/560/399
f 442/562/400 445/563/400 446/564/400 448/565/400
f 443/566/401 447/567/401 446/564/401 445/563/401
f 444/568/402 448/565/402 446/564/402 447/567/402
f 407/521/403 393/497/403 399/500/403 410/522/403
f 410/528/404 399/506/404 395/505/404 408/525/404
f 394/501/405 400/509/405 406/512/405 398/502/405
f 398/508/406 406/518/406 402/517/406 395/505/406
f 401/513/407 414/531/407 420/534/407 405/514/407
f 405/520/408 420/540/408 416/539/408 402/517/408
f 415/535/409 409/529/409 412/526/409 419/536/409
f 419/536/410 412/526/410 408/525/410 416/539/410
f 435/555/411 407/521/411 413/524/411 438/556/411
f 438/556/412 413/530/412 409/529/412 436/559/412
f 414/531/413 442/562/413 448/565/413 417/532/413
f 417/538/414 448/565/414 444/568/414 415/535/414
f 443/566/415 437/561/415 440/560/415 447/567/415
f 447/567/416 440/560/416 436/559/416 444/568/416
f 421/541/417 435/555/417 441/558/417 424/542/417
f 424/542/418 441/558/418 437/561/418 422/545/418
f 442/562/419 428/548/419 434/551/419 445/563/419
f 445/563/420 434/551/420 430/554/420 443/566/420
f 429/552/421 423/547/421 426/546/421 433/553/421
f 433/553/422 426/546/422 422/545/422 430/554/422
f 393/497/423 421/541/423 427/544/423 396/498/423
f 396/504/424 427/544/424 423/547/424 394/501/424
f 428/548/425 401/513/425 403/516/425 431/549/425
f 431/549/426 403/510/426 400/509/426 429/552/426
f 407/521/427 435/555/427 421/541/427 393/497/427
f 395/505/428 402/517/428 416/539/428 408/525/428
f 423/547/429 429/552/429 400/509/429 394/501/429
f 442/562/430 414/531/430 401/513/430 428/548/430
f 409/529/431 415/535/431 444/568/431 436/559/431
f 437/561/432 443/566/432 430/554/432 422/545/432
o male_Knee_-0.115
v -0.813000 0.380000 0.123000
v -0.813000 0.402000 0.145000
v -0.835000 0.402000 0.123000
v -0.813000 0.386444 0.138556
v -0.825702 0.389298 0.135702
v -0.828556 0.402000 0.138556
v -0.828556 0.386444 0.123000
v -0.813000 0.538000 0.145000
v -0.813000 0.560000 0.123000
v -0.835000 0.538000 0.123000
v -0.813000 0.553556 0.138556
v -0.825702 0.550702 0.135702
v -0.828556 0.553556 0.123000
v -0.828556 0.538000 0.138556
v -0.813000 0.380000 0.097000
v -0.835000 0.402000 0.097000
v -0.813000 0.402000 0.075000
v -0.828556 0.386444 0.097000
v -0.825702 0.389298 0.084298
v -0.828556 0.402000 0.081444
v -0.813000 0.386444 0.081444
v -0.813000 0.560000 0.097000
v -0.813000 0.538000 0.075000
v -0.835000 0.538000 0.097000
v -0.813000 0.553556 0.081444
v -0.825702 0.550702 0.084298
v -0.828556 0.538000 0.081444
v -0.828556 0.553556 0.097000
v -0.717000 0.380000 0.123000
v -0.695000 0.402000 0.123000
v -0.717000 0.402000 0.145000
v -0.701444 0.386444 0.123000
v -0.704298 0.389298 0.135702
v -0.701444 0.402000 0.138556
v -0.717000 0.386444 0.138556
v -0.717000 0.560000 0.123000
v -0.717000 0.538000 0.145000
v -0.695000 0.538000 0.123000
v -0.717000 0.553556 0.138556
v -0.704298 0.550702 0.135702
v -0.701444 0.538000 0.138556
v -0.701444 0.553556 0.123000
v -0.717000 0.380000 0.097000
v -0.717000 0.402000 0.075000
v -0.695000 0.402000 0.097000
v -0.717000 0.386444 0.081444
v -0.704298 0.389298 0.084298
v -0.701444 0.402000 0.081444
v -0.701444 0.386444 0.097000
v -0.717000 0.560000 0.097000
v -0.695000 0.538000 0.097000
v -0.717000 0.538000 0.075000
v -0.701444 0.553556 0.097000
v -0.704298 0.550702 0.084298
v -0.701444 0.538000 0.081444
v -0.717000 0.553556 0.081444
vn -0.3251 -0.8881 0.3251
vn -0.3251 -0.3251 0.8881
vn -0.8881 -0.3251 0.3251
vn -0.3251 0.3251 0.8881
vn -0.3251 0.8881 0.3251
vn -0.8881 0.3251 0.3251
vn -0.3251 -0.8881 -0.3251
vn -0.8881 -0.3251 -0.3251
vn -0.3251 -0.3251 -0.8881
vn -0.3251 0.8881 -0.3251
vn -0.3251 0.3251 -0.8881
vn -0.8881 0.3251 -0.3251
vn 0.3251 -0.8881 0.3251
vn 0.8881 -0.3251 0.3251
vn 0.3251 -0.3251 0.8881
vn 0.3251 0.8881 0.3251
vn 0.3251 0.3251 0.8881
vn 0.8881 0.3251 0.3251
vn 0.3251 -0.8881 -0.3251
vn 0.3251 -0.3251 -0.8881
vn 0.8881 -0.3251 -0.3251
vn 0.3251 0.8881 -0.3251
vn 0.8881 0.3251 -0.3251
vn 0.3251 0.3251 -0.8881
vn -0.3827 -0.9239 -0.0000
vn -0.9239 -0.3827 -0.0000
vn -0.3827 -0.0000 0.9239
vn -0.9239 -0.0000 0.3827
vn -0.3827 0.9239 -0.0000
vn -0.9239 0.3827 -0.0000
vn -0.3827 -0.0000 -0.9239
vn -0.9239 -0.0000 -0.3827
vn -0.0000 -0.9239 -0.3827
vn -0.0000 -0.3827 -0.9239
vn -0.0000 0.9239 -0.3827
vn -0.0000 0.3827 -0.9239
vn 0.9239 -0.0000 -0.3827
vn 0.3827 -0.0000 -0.9239
vn 0.3827 -0.9239 -0.0000
vn 0.9239 -0.3827 -0.0000
vn 0.3827 0.9239 -0.0000
vn 0.9239 0.3827 -0.0000
vn 0.3827 -0.0000 0.9239
vn 0.9239 -0.0000 0.3827
vn -0.0000 -0.9239 0.3827
vn -0.0000 -0.3827 0.9239
vn -0.0000 0.9239 0.3827
vn -0.0000 0.3827 0.9239
vn -0.0000 -1.0000 -0.0000
vn -1.0000 -0.0000 -0.0000
vn -0.0000 -0.0000 1.0000
vn -0.0000 1.0000 -0.0000
vn -0.0000 -0.0000 -1.0000
vn 1.0000 -0.0000 -0.0000
vt 0.164286 0.671429
vt 0.164286 0.750000
vt 0.141604 0.750000
vt 0.125000 0.671429
vt 0.405556 0.960714
vt 0.405556 1.000000
vt 0.387914 1.000000
vt 0.375000 0.960714
vt 0.405556 0.078571
vt 0.375000 0.078571
vt 0.375000 0.033208
vt 0.405556 0.000000
vt 0.594444 0.960714
vt 0.625000 0.960714
vt 0.625000 0.983396
vt 0.594444 1.000000
vt 0.835714 0.671429
vt 0.875000 0.671429
vt 0.875000 0.716792
vt 0.835714 0.750000
vt 0.594444 0.078571
vt 0.594445 0.000000
vt 0.612086 0.000000
vt 0.625000 0.078571
vt 0.164286 0.578571
vt 0.125000 0.578571
vt 0.125000 0.533208
vt 0.164286 0.500000
vt 0.405556 0.171429
vt 0.405556 0.250000
vt 0.381457 0.258302
vt 0.375000 0.171429
vt 0.405556 0.289286
vt 0.375000 0.289286
vt 0.835714 0.578571
vt 0.835714 0.500000
vt 0.858396 0.500000
vt 0.875000 0.578571
vt 0.594445 0.289286
vt 0.594445 0.250000
vt 0.618543 0.233396
vt 0.625000 0.289286
vt 0.594444 0.171429
vt 0.625000 0.171429
vt 0.335714 0.671429
vt 0.375000 0.671429
vt 0.379305 0.744465
vt 0.355357 0.769643
vt 0.405556 0.671429
vt 0.405556 0.750000
vt 0.405556 0.789286
vt 0.664286 0.671429
vt 0.644643 0.769643
vt 0.626230 0.738931
vt 0.625000 0.671429
vt 0.594445 0.789286
vt 0.594445 0.750000
vt 0.594444 0.671429
vt 0.335714 0.578571
vt 0.355357 0.480357
vt 0.373770 0.511069
vt 0.375000 0.578571
vt 0.405556 0.460714
vt 0.405556 0.500000
vt 0.405556 0.578571
vt 0.664286 0.578571
vt 0.625000 0.578571
vt 0.620695 0.505535
vt 0.644643 0.480357
vt 0.594444 0.578571
vt 0.594445 0.500000
vt 0.594444 0.460714
s 0
usemtl MAT_Polymer
f 449/569/433 452/570/433 453/571/433 455/572/433
f 450/573/434 454/574/434 453/575/434 452/576/434
f 451/577/435 455/578/435 453/579/435 454/580/435
f 456/581/436 459/582/436 460/583/436 462/584/436
f 457/585/437 461/586/437 460/587/437 459/588/437
f 458/589/438 462/590/438 460/591/438 461/592/438
f 463/593/439 466/594/439 467/595/439 469/596/439
f 464/597/440 468/598/440 467/599/440 466/600/440
f 465/601/441 469/602/441 467/599/441 468/598/441
f 470/603/442 473/604/442 474/605/442 476/606/442
f 471/607/443 475/608/443 474/609/443 473/610/443
f 472/611/444 476/612/444 474/609/444 475/608/444
f 477/613/445 480/614/445 481/615/445 483/616/445
f 478/617/446 482/618/446 481/615/446 480/614/446
f 479/619/447 483/616/447 481/615/447 482/618/447
f 484/620/448 487/621/448 488/622/448 490/623/448
f 485/624/449 489/625/449 488/622/449 487/621/449
f 486/626/450 490/623/450 488/622/450 489/625/450
f 491/627/451 494/628/451 495/629/451 497/630/451
f 492/631/452 496/632/452 495/629/452 494/628/452
f 493/633/453 497/630/453 495/629/453 496/632/453
f 498/634/454 501/635/454 502/636/454 504/637/454
f 499/638/455 503/639/455 502/636/455 501/635/455
f 500/640/456 504/637/456 502/636/456 503/639/456
f 463/593/457 449/569/457 455/572/457 466/594/457
f 466/600/458 455/578/458 451/577/458 464/597/458
f 450/573/459 456/581/459 462/584/459 454/574/459
f 454/580/460 462/590/460 458/589/460 451/577/460
f 457/585/461 470/603/461 476/606/461 461/586/461
f 461/592/462 476/612/462 472/611/462 458/589/462
f 471/607/463 465/601/463 468/598/463 475/608/463
f 475/608/464 468/598/464 464/597/464 472/611/464
f 491/627/465 463/593/465 469/596/465 494/628/465
f 494/628/466 469/602/466 465/601/466 492/631/466
f 470/603/467 498/634/467 504/637/467 473/604/467
f 473/610/468 504/637/468 500/640/468 471/607/468
f 499/638/469 493/633/469 496/632/469 503/639/469
f 503/639/470 496/632/470 492/631/470 500/640/470
f 477/613/471 491/627/471 497/630/471 480/614/471
f 480/614/472 497/630/472 493/633/472 478/617/472
f 498/634/473 484/620/473 490/623/473 501/635/473
f 501/635/474 490/623/474 486/626/474 499/638/474
f 485/624/475 479/619/475 482/618/475 489/625/475
f 489/625/476 482/618/476 478/617/476 486/626/476
f 449/569/477 477/613/477 483/616/477 452/570/477
f 452/576/478 483/616/478 479/619/478 450/573/478
f 484/620/479 457/585/479 459/588/479 487/621/479
f 487/621/480 459/582/480 456/581/480 485/624/480
f 463/593/481 491/627/481 477/613/481 449/569/481
f 451/577/482 458/589/482 472/611/482 464/597/482
f 479/619/483 485/624/483 456/581/483 450/573/483
f 498/634/484 470/603/484 457/585/484 484/620/484
f 465/601/485 471/607/485 500/640/485 492/631/485
f 493/633/486 499/638/486 486/626/486 478/617/486
o male_Knee_0.115
v -0.583000 0.380000 0.123000
v -0.583000 0.402000 0.145000
v -0.605000 0.402000 0.123000
v -0.583000 0.386444 0.138556
v -0.595702 0.389298 0.135702
v -0.598556 0.402000 0.138556
v -0.598556 0.386444 0.123000
v -0.583000 0.538000 0.145000
v -0.583000 0.560000 0.123000
v -0.605000 0.538000 0.123000
v -0.583000 0.553556 0.138556
v -0.595702 0.550702 0.135702
v -0.598556 0.553556 0.123000
v -0.598556 0.538000 0.138556
v -0.583000 0.380000 0.097000
v -0.605000 0.402000 0.097000
v -0.583000 0.402000 0.075000
v -0.598556 0.386444 0.097000
v -0.595702 0.389298 0.084298
v -0.598556 0.402000 0.081444
v -0.583000 0.386444 0.081444
v -0.583000 0.560000 0.097000
v -0.583000 0.538000 0.075000
v -0.605000 0.538000 0.097000
v -0.583000 0.553556 0.081444
v -0.595702 0.550702 0.084298
v -0.598556 0.538000 0.081444
v -0.598556 0.553556 0.097000
v -0.487000 0.380000 0.123000
v -0.465000 0.402000 0.123000
v -0.487000 0.402000 0.145000
v -0.471444 0.386444 0.123000
v -0.474298 0.389298 0.135702
v -0.471444 0.402000 0.138556
v -0.487000 0.386444 0.138556
v -0.487000 0.560000 0.123000
v -0.487000 0.538000 0.145000
v -0.465000 0.538000 0.123000
v -0.487000 0.553556 0.138556
v -0.474298 0.550702 0.135702
v -0.471444 0.538000 0.138556
v -0.471444 0.553556 0.123000
v -0.487000 0.380000 0.097000
v -0.487000 0.402000 0.075000
v -0.465000 0.402000 0.097000
v -0.487000 0.386444 0.081444
v -0.474298 0.389298 0.084298
v -0.471444 0.402000 0.081444
v -0.471444 0.386444 0.097000
v -0.487000 0.560000 0.097000
v -0.465000 0.538000 0.097000
v -0.487000 0.538000 0.075000
v -0.471444 0.553556 0.097000
v -0.474298 0.550702 0.084298
v -0.471444 0.538000 0.081444
v -0.487000 0.553556 0.081444
vn -0.3251 -0.8881 0.3251
vn -0.3251 -0.3251 0.8881
vn -0.8881 -0.3251 0.3251
vn -0.3251 0.3251 0.8881
vn -0.3251 0.8881 0.3251
vn -0.8881 0.3251 0.3251
vn -0.3251 -0.8881 -0.3251
vn -0.8881 -0.3251 -0.3251
vn -0.3251 -0.3251 -0.8881
vn -0.3251 0.8881 -0.3251
vn -0.3251 0.3251 -0.8881
vn -0.8881 0.3251 -0.3251
vn 0.3251 -0.8881 0.3251
vn 0.8881 -0.3251 0.3251
vn 0.3251 -0.3251 0.8881
vn 0.3251 0.8881 0.3251
vn 0.3251 0.3251 0.8881
vn 0.8881 0.3251 0.3251
vn 0.3251 -0.8881 -0.3251
vn 0.3251 -0.3251 -0.8881
vn 0.8881 -0.3251 -0.3251
vn 0.3251 0.8881 -0.3251
vn 0.8881 0.3251 -0.3251
vn 0.3251 0.3251 -0.8881
vn -0.3827 -0.9239 -0.0000
vn -0.9239 -0.3827 -0.0000
vn -0.3827 -0.0000 0.9239
vn -0.9239 -0.0000 0.3827
vn -0.3827 0.9239 -0.0000
vn -0.9239 0.3827 -0.0000
vn -0.3827 -0.0000 -0.9239
vn -0.9239 -0.0000 -0.3827
vn -0.0000 -0.9239 -0.3827
vn -0.0000 -0.3827 -0.9239
vn -0.0000 0.9239 -0.3827
vn -0.0000 0.3827 -0.9239
vn 0.9239 -0.0000 -0.3827
vn 0.3827 -0.0000 -0.9239
vn 0.3827 -0.9239 -0.0000
vn 0.9239 -0.3827 -0.0000
vn 0.3827 0.9239 -0.0000
vn 0.9239 0.3827 -0.0000
vn 0.3827 -0.0000 0.9239
vn 0.9239 -0.0000 0.3827
vn -0.0000 -0.9239 0.3827
vn -0.0000 -0.3827 0.9239
vn -0.0000 0.9239 0.3827
vn -0.0000 0.3827 0.9239
vn -0.0000 -1.0000 -0.0000
vn -1.0000 -0.0000 -0.0000
vn -0.0000 -0.0000 1.0000
vn -0.0000 1.0000 -0.0000
vn -0.0000 -0.0000 -1.0000
vn 1.0000 -0.0000 -0.0000
vt 0.164286 0.671429
vt 0.164286 0.750000
vt 0.141604 0.750000
vt 0.125000 0.671429
vt 0.405556 0.960714
vt 0.405556 1.000000
vt 0.387914 1.000000
vt 0.375000 0.960714
vt 0.405556 0.078571
vt 0.375000 0.078571
vt 0.375000 0.033208
vt 0.405556 0.000000
vt 0.594444 0.960714
vt 0.625000 0.960714
vt 0.625000 0.983396
vt 0.594444 1.000000
vt 0.835714 0.671429
vt 0.875000 0.671429
vt 0.875000 0.716792
vt 0.835714 0.750000
vt 0.594444 0.078571
vt 0.594445 0.000000
vt 0.612086 0.000000
vt 0.625000 0.078571
vt 0.164286 0.578571
vt 0.125000 0.578571
vt 0.125000 0.533208
vt 0.164286 0.500000
vt 0.405556 0.171429
vt 0.405556 0.250000
vt 0.381457 0.258302
vt 0.375000 0.171429
vt 0.405556 0.289286
vt 0.375000 0.289286
vt 0.835714 0.578571
vt 0.835714 0.500000
vt 0.858396 0.500000
vt 0.875000 0.578571
vt 0.594445 0.289286
vt 0.594445 0.250000
vt 0.618543 0.233396
vt 0.625000 0.289286
vt 0.594444 0.171429
vt 0.625000 0.171429
vt 0.335714 0.671429
vt 0.375000 0.671429
vt 0.379305 0.744465
vt 0.355357 0.769643
vt 0.405556 0.671429
vt 0.405556 0.750000
vt 0.405556 0.789286
vt 0.664286 0.671429
vt 0.644643 0.769643
vt 0.626230 0.738931
vt 0.625000 0.671429
vt 0.594445 0.789286
vt 0.594445 0.750000
vt 0.594444 0.671429
vt 0.335714 0.578571
vt 0.355357 0.480357
vt 0.373770 0.511069
vt 0.375000 0.578571
vt 0.405556 0.460714
vt 0.405556 0.500000
vt 0.405556 0.578571
vt 0.664286 0.578571
vt 0.625000 0.578571
vt 0.620695 0.505535
vt 0.644643 0.480357
vt 0.594444 0.578571
vt 0.594445 0.500000
vt 0.594444 0.460714
s 0
usemtl MAT_Polymer
f 505/641/487 508/642/487 509/643/487 511/644/487
f 506/645/488 510/646/488 509/647/488 508/648/488
f 507/649/489 511/650/489 509/651/489 510/652/489
f 512/653/490 515/654/490 516/655/490 518/656/490
f 513/657/491 517/658/491 516/659/491 515/660/491
f 514/661/492 518/662/492 516/663/492 517/664/492
f 519/665/493 522/666/493 523/667/493 525/668/493
f 520/669/494 524/670/494 523/671/494 522/672/494
f 521/673/495 525/674/495 523/671/495 524/670/495
f 526/675/496 529/676/496 530/677/496 532/678/496
f 527/679/497 531/680/497 530/681/497 529/682/497
f 528/683/498 532/684/498 530/681/498 531/680/498
f 533/685/499 536/686/499 537/687/499 539/688/499
f 534/689/500 538/690/500 537/687/500 536/686/500
f 535/691/501 539/688/501 537/687/501 538/690/501
f 540/692/502 543/693/502 544/694/502 546/695/502
f 541/696/503 545/697/503 544/694/503 543/693/503
f 542/698/504 546/695/504 544/694/504 545/697/504
f 547/699/505 550/700/505 551/701/505 553/702/505
f 548/703/506 552/704/506 551/701/506 550/700/506
f 549/705/507 553/702/507 551/701/507 552/704/507
f 554/706/508 557/707/508 558/708/508 560/709/508
f 555/710/509 559/711/509 558/708/509 557/707/509
f 556/712/510 560/709/510 558/708/510 559/711/510
f 519/665/511 505/641/511 511/644/511 522/666/511
f 522/672/512 511/650/512 507/649/512 520/669/512
f 506/645/513 512/653/513 518/656/513 510/646/513
f 510/652/514 518/662/514 514/661/514 507/649/514
f 513/657/515 526/675/515 532/678/515 517/658/515
f 517/664/516 532/684/516 528/683/516 514/661/516
f 527/679/517 521/673/517 524/670/517 531/680/517
f 531/680/518 524/670/518 520/669/518 528/683/518
f 547/699/519 519/665/519 525/668/519 550/700/519
f 550/700/520 525/674/520 521/673/520 548/703/520
f 526/675/521 554/706/521 560/709/521 529/676/521
f 529/682/522 560/709/522 556/712/522 527/679/522
f 555/710/523 549/705/523 552/704/523 559/711/523
f 559/711/524 552/704/524 548/703/524 556/712/524
f 533/685/525 547/699/525 553/702/525 536/686/525
f 536/686/526 553/702/526 549/705/526 534/689/526
f 554/706/527 540/692/527 546/695/527 557/707/527
f 557/707/528 546/695/528 542/698/528 555/710/528
f 541/696/529 535/691/529 538/690/529 545/697/529
f 545/697/530 538/690/530 534/689/530 542/698/530
f 505/641/531 533/685/531 539/688/531 508/642/531
f 508/648/532 539/688/532 535/691/532 506/645/532
f 540/692/533 513/657/533 515/660/533 543/693/533
f 543/693/534 515/654/534 512/653/534 541/696/534
f 519/665/535 547/699/535 533/685/535 505/641/535
f 507/649/536 514/661/536 528/683/536 520/669/536
f 535/691/537 541/696/537 512/653/537 506/645/537
f 554/706/538 526/675/538 513/657/538 540/692/538
f 521/673/539 527/679/539 556/712/539 548/703/539
f 549/705/540 555/710/540 542/698/540 534/689/540
o male_Helmet
v -0.650000 1.715000 0.010000
v -0.650000 1.713707 -0.010336
v -0.650000 1.694947 -0.066412
v -0.650000 1.671717 -0.095172
v -0.650000 1.657669 -0.105831
v -0.650000 1.626426 -0.118399
v -0.650000 1.577553 -0.113637
v -0.650000 1.562331 -0.105831
v -0.650000 1.548283 -0.095172
v -0.650000 1.535754 -0.081924
v -0.650000 1.510139 -0.030172
v -0.650000 1.506293 -0.010336
v -0.650000 1.505000 0.010000
v -0.645575 1.713707 -0.009946
v -0.641258 1.709861 -0.029400
v -0.637157 1.703556 -0.047885
v -0.633373 1.694947 -0.064944
v -0.629997 1.684246 -0.080158
v -0.627114 1.671717 -0.093151
v -0.624795 1.657669 -0.103605
v -0.623096 1.642447 -0.111262
v -0.622060 1.626426 -0.115932
v -0.621712 1.610000 -0.117502
v -0.622060 1.593574 -0.115932
v -0.623096 1.577553 -0.111262
v -0.624795 1.562331 -0.103605
v -0.627114 1.548283 -0.093151
v -0.629997 1.535754 -0.080158
v -0.633373 1.525053 -0.064944
v -0.637157 1.516444 -0.047885
v -0.641258 1.510139 -0.029400
v -0.645575 1.506293 -0.009946
v -0.641320 1.713707 -0.008788
v -0.632853 1.709861 -0.027114
v -0.624808 1.703556 -0.044526
v -0.617384 1.694947 -0.060596
v -0.610763 1.684246 -0.074927
v -0.605108 1.671717 -0.087166
v -0.600559 1.657669 -0.097014
v -0.597227 1.642447 -0.104226
v -0.595194 1.626426 -0.108626
v -0.594511 1.610000 -0.110104
v -0.595194 1.593574 -0.108626
v -0.597227 1.577553 -0.104226
v -0.600559 1.562331 -0.097014
v -0.605108 1.548283 -0.087166
v -0.610763 1.535754 -0.074927
v -0.617384 1.525053 -0.060596
v -0.624808 1.516444 -0.044526
v -0.632853 1.510139 -0.027114
v -0.641320 1.506293 -0.008788
v -0.637398 1.713707 -0.006909
v -0.625106 1.709861 -0.023402
v -0.613428 1.703556 -0.039072
v -0.602649 1.694947 -0.053534
v -0.593037 1.684246 -0.066432
v -0.584827 1.671717 -0.077447
v -0.578223 1.657669 -0.086310
v -0.573385 1.642447 -0.092801
v -0.570434 1.626426 -0.096760
v -0.569442 1.610000 -0.098091
v -0.570434 1.593574 -0.096760
v -0.573385 1.577553 -0.092801
v -0.578223 1.562331 -0.086310
v -0.584827 1.548283 -0.077447
v -0.593037 1.535754 -0.066432
v -0.602649 1.525053 -0.053534
v -0.613428 1.516444 -0.039072
v -0.625106 1.510139 -0.023402
v -0.637398 1.506293 -0.006909
v -0.633961 1.713707 -0.004380
v -0.618316 1.709861 -0.018406
v -0.603452 1.703556 -0.031733
v -0.589734 1.694947 -0.044031
v -0.577500 1.684246 -0.055000
v -0.567051 1.671717 -0.064368
v -0.558645 1.657669 -0.071905
v -0.552488 1.642447 -0.077425
v -0.548732 1.626426 -0.080792
v -0.547469 1.610000 -0.081924
v -0.548732 1.593574 -0.080792
v -0.552488 1.577553 -0.077425
v -0.558645 1.562331 -0.071905
v -0.567051 1.548283 -0.064368
v -0.577500 1.535754 -0.055000
v -0.589734 1.525053 -0.044031
v -0.603452 1.516444 -0.031733
v -0.618316 1.510139 -0.018406
v -0.633961 1.506293 -0.004380
v -0.631140 1.713707 -0.001298
v -0.612744 1.709861 -0.012318
v -0.595266 1.703556 -0.022789
v -0.579135 1.694947 -0.032452
v -0.564749 1.684246 -0.041070
v -0.552462 1.671717 -0.048431
v -0.542578 1.657669 -0.054352
v -0.535338 1.642447 -0.058689
v -0.530921 1.626426 -0.061335
v -0.529437 1.610000 -0.062224
v -0.530921 1.593574 -0.061335
v -0.535338 1.577553 -0.058689
v -0.542578 1.562331 -0.054352
v -0.552462 1.548283 -0.048431
v -0.564749 1.535754 -0.041070
v -0.579135 1.525053 -0.032452
v -0.595266 1.516444 -0.022789
v -0.612744 1.510139 -0.012318
v -0.631140 1.506293 -0.001298
v -0.629044 1.713707 0.002218
v -0.608603 1.709861 -0.005373
v -0.589182 1.703556 -0.012585
v -0.571259 1.694947 -0.019242
v -0.555274 1.684246 -0.025178
v -0.541622 1.671717 -0.030248
v -0.530639 1.657669 -0.034327
v -0.522594 1.642447 -0.037314
v -0.517687 1.626426 -0.039136
v -0.516037 1.610000 -0.039749
v -0.517687 1.593574 -0.039136
v -0.522594 1.577553 -0.037314
v -0.530639 1.562331 -0.034327
v -0.541622 1.548283 -0.030248
v -0.555274 1.535754 -0.025178
v -0.571259 1.525053 -0.019242
v -0.589182 1.516444 -0.012585
v -0.608603 1.510139 -0.005373
v -0.629044 1.506293 0.002218
v -0.627753 1.713707 0.006033
v -0.606053 1.709861 0.002163
v -0.585436 1.703556 -0.001514
v -0.566409 1.694947 -0.004907
v -0.549440 1.684246 -0.007933
v -0.534947 1.671717 -0.010518
v -0.523287 1.657669 -0.012597
v -0.514747 1.642447 -0.014120
v -0.509537 1.626426 -0.015049
v -0.507786 1.610000 -0.015362
v -0.509537 1.593574 -0.015049
v -0.514747 1.577553 -0.014120
v -0.523287 1.562331 -0.012597
v -0.534947 1.548283 -0.010518
v -0.549440 1.535754 -0.007933
v -0.566409 1.525053 -0.004907
v -0.585436 1.516444 -0.001514
v -0.606053 1.510139 0.002163
v -0.627753 1.506293 0.006033
v -0.627317 1.713707 0.010000
v -0.605193 1.709861 0.010000
v -0.584171 1.703556 0.010000
v -0.564771 1.694947 0.010000
v -0.547469 1.684246 0.010000
v -0.532693 1.671717 0.010000
v -0.520804 1.657669 0.010000
v -0.512097 1.642447 0.010000
v -0.506785 1.626426 0.010000
v -0.505000 1.610000 0.010000
v -0.506785 1.593574 0.010000
v -0.512097 1.577553 0.010000
v -0.520804 1.562331 0.010000
v -0.532693 1.548283 0.010000
v -0.547469 1.535754 0.010000
v -0.564771 1.525053 0.010000
v -0.584171 1.516444 0.010000
v -0.605193 1.510139 0.010000
v -0.627317 1.506293 0.010000
v -0.627753 1.713707 0.013967
v -0.606053 1.709861 0.017837
v -0.585436 1.703556 0.021514
v -0.566409 1.694947 0.024907
v -0.549440 1.684246 0.027933
v -0.534947 1.671717 0.030518
v -0.523287 1.657669 0.032597
v -0.514747 1.642447 0.034120
v -0.509537 1.626426 0.035049
v -0.507786 1.610000 0.035362
v -0.509537 1.593574 0.035049
v -0.514747 1.577553 0.034120
v -0.523287 1.562331 0.032597
v -0.534947 1.548283 0.030518
v -0.549440 1.535754 0.027933
v -0.566409 1.525053 0.024907
v -0.585436 1.516444 0.021514
v -0.606053 1.510139 0.017837
v -0.627753 1.506293 0.013967
v -0.629044 1.713707 0.017782
v -0.608603 1.709861 0.025373
v -0.589182 1.703556 0.032586
v -0.571259 1.694947 0.039242
v -0.555274 1.684246 0.045178
v -0.541622 1.671717 0.050248
v -0.530639 1.657669 0.054327
v -0.522594 1.642447 0.057314
v -0.517687 1.626426 0.059136
v -0.516038 1.610000 0.059749
v -0.517687 1.593574 0.059136
v -0.522594 1.577553 0.057314
v -0.530639 1.562331 0.054327
v -0.541622 1.548283 0.050248
v -0.555274 1.535754 0.045178
v -0.571259 1.525053 0.039242
v -0.589182 1.516444 0.032586
v -0.608603 1.510139 0.025373
v -0.629044 1.506293 0.017782
v -0.631140 1.713707 0.021298
v -0.612744 1.709861 0.032318
v -0.595266 1.703556 0.042789
v -0.579135 1.694947 0.052452
v -0.564749 1.684246 0.061070
v -0.552462 1.671717 0.068431
v -0.542578 1.657669 0.074352
v -0.535338 1.642447 0.078689
v -0.530921 1.626426 0.081335
v -0.529437 1.610000 0.082224
v -0.530921 1.593574 0.081335
v -0.535338 1.577553 0.078689
v -0.542578 1.562331 0.074352
v -0.552462 1.548283 0.068431
v -0.564749 1.535754 0.061070
v -0.579135 1.525053 0.052452
v -0.595266 1.516444 0.042789
v -0.612744 1.510139 0.032318
v -0.631140 1.506293 0.021298
v -0.633961 1.713707 0.024380
v -0.618316 1.709861 0.038406
v -0.603452 1.703556 0.051733
v -0.589734 1.694947 0.064031
v -0.577500 1.684246 0.075000
v -0.567051 1.671717 0.084368
v -0.558645 1.657669 0.091905
v -0.552488 1.642447 0.097425
v -0.548732 1.626426 0.100792
v -0.547470 1.610000 0.101924
v -0.548732 1.593574 0.100792
v -0.552488 1.577553 0.097425
v -0.558645 1.562331 0.091905
v -0.567051 1.548283 0.084368
v -0.577500 1.535754 0.075000
v -0.589734 1.525053 0.064031
v -0.603452 1.516444 0.051733
v -0.618316 1.510139 0.038406
v -0.633961 1.506293 0.024380
v -0.637398 1.713707 0.026909
v -0.625106 1.709861 0.043402
v -0.613428 1.703556 0.059072
v -0.602649 1.694947 0.073534
v -0.593037 1.684246 0.086432
v -0.584827 1.671717 0.097447
v -0.578223 1.657669 0.106310
v -0.573385 1.642447 0.112801
v -0.570434 1.626426 0.116760
v -0.569442 1.610000 0.118091
v -0.570434 1.593574 0.116760
v -0.573385 1.577553 0.112801
v -0.578223 1.562331 0.106310
v -0.584827 1.548283 0.097447
v -0.593037 1.535754 0.086432
v -0.602649 1.525053 0.073534
v -0.613428 1.516444 0.059072
v -0.625106 1.510139 0.043402
v -0.637398 1.506293 0.026909
v -0.641320 1.713707 0.028788
v -0.632853 1.709861 0.047114
v -0.624808 1.703556 0.064526
v -0.617384 1.694947 0.080596
v -0.610763 1.684246 0.094927
v -0.605108 1.671717 0.107166
v -0.600559 1.657669 0.117014
v -0.597227 1.642447 0.124226
v -0.595194 1.626426 0.128626
v -0.594511 1.610000 0.130104
v -0.595194 1.593574 0.128626
v -0.597227 1.577553 0.124226
v -0.600559 1.562331 0.117014
v -0.605108 1.548283 0.107166
v -0.610763 1.535754 0.094927
v -0.617384 1.525053 0.080596
v -0.624808 1.516444 0.064526
v -0.632853 1.510139 0.047114
v -0.641320 1.506293 0.028788
v -0.645575 1.713707 0.029946
v -0.641258 1.709861 0.049400
v -0.637157 1.703556 0.067885
v -0.633373 1.694947 0.084944
v -0.629997 1.684246 0.100158
v -0.627114 1.671717 0.113151
v -0.624795 1.657669 0.123605
v -0.623096 1.642447 0.131262
v -0.622060 1.626426 0.135932
v -0.621712 1.610000 0.137502
v -0.622060 1.593574 0.135932
v -0.623096 1.577553 0.131262
v -0.624795 1.562331 0.123605
v -0.627114 1.548283 0.113151
v -0.629997 1.535754 0.100158
v -0.633373 1.525053 0.084944
v -0.637157 1.516444 0.067885
v -0.641258 1.510139 0.049400
v -0.645575 1.506293 0.029946
v -0.650000 1.713707 0.030336
v -0.650000 1.709861 0.050172
v -0.650000 1.703556 0.069019
v -0.650000 1.694947 0.086412
v -0.650000 1.684246 0.101924
v -0.650000 1.671717 0.115172
v -0.650000 1.657669 0.125831
v -0.650000 1.642447 0.133637
v -0.650000 1.626426 0.138399
v -0.650000 1.610000 0.140000
v -0.650000 1.593574 0.138399
v -0.650000 1.577553 0.133637
v -0.650000 1.562331 0.125831
v -0.650000 1.548283 0.115172
v -0.650000 1.535754 0.101924
v -0.650000 1.525053 0.086412
v -0.650000 1.516444 0.069019
v -0.650000 1.510139 0.050172
v -0.650000 1.506293 0.030336
v -0.654425 1.713707 0.029946
v -0.658741 1.709861 0.049400
v -0.662843 1.703556 0.067885
v -0.666627 1.694947 0.084944
v -0.670003 1.684246 0.100158
v -0.672886 1.671717 0.113151
v -0.675205 1.657669 0.123605
v -0.676904 1.642447 0.131262
v -0.677940 1.626426 0.135932
v -0.678288 1.610000 0.137502
v -0.677940 1.593574 0.135932
v -0.676904 1.577553 0.131262
v -0.675205 1.562331 0.123605
v -0.672886 1.548283 0.113151
v -0.670003 1.535754 0.100158
v -0.666627 1.525053 0.084944
v -0.662843 1.516444 0.067885
v -0.658741 1.510139 0.049400
v -0.654425 1.506293 0.029946
v -0.658680 1.713707 0.028788
v -0.667147 1.709861 0.047114
v -0.675192 1.703556 0.064526
v -0.682616 1.694947 0.080596
v -0.689237 1.684246 0.094927
v -0.694892 1.671717 0.107166
v -0.699441 1.657669 0.117014
v -0.702773 1.642447 0.124226
v -0.704806 1.626426 0.128626
v -0.705489 1.610000 0.130104
v -0.704806 1.593574 0.128626
v -0.702773 1.577553 0.124226
v -0.699441 1.562331 0.117014
v -0.694892 1.548283 0.107166
v -0.689237 1.535754 0.094927
v -0.682616 1.525053 0.080596
v -0.675192 1.516444 0.064526
v -0.667147 1.510139 0.047114
v -0.658680 1.506293 0.028788
v -0.662602 1.713707 0.026909
v -0.674894 1.709861 0.043402
v -0.686572 1.703556 0.059072
v -0.697351 1.694947 0.073534
v -0.706963 1.684246 0.086432
v -0.715172 1.671717 0.097447
v -0.721777 1.657669 0.106310
v -0.726615 1.642447 0.112801
v -0.729566 1.626426 0.116760
v -0.730558 1.610000 0.118091
v -0.729566 1.593574 0.116760
v -0.726615 1.577553 0.112801
v -0.721777 1.562331 0.106310
v -0.715172 1.548283 0.097447
v -0.706963 1.535754 0.086432
v -0.697351 1.525053 0.073534
v -0.686572 1.516444 0.059072
v -0.674894 1.510139 0.043402
v -0.662602 1.506293 0.026909
v -0.666039 1.713707 0.024380
v -0.681684 1.709861 0.038406
v -0.696548 1.703556 0.051733
v -0.710266 1.694947 0.064031
v -0.722500 1.684246 0.075000
v -0.732949 1.671717 0.084368
v -0.741355 1.657669 0.091905
v -0.747512 1.642447 0.097425
v -0.751268 1.626426 0.100792
v -0.752530 1.610000 0.101924
v -0.751268 1.593574 0.100792
v -0.747512 1.577553 0.097425
v -0.741355 1.562331 0.091905
v -0.732949 1.548283 0.084368
v -0.722500 1.535754 0.075000
v -0.710266 1.525053 0.064031
v -0.696548 1.516444 0.051733
v -0.681684 1.510139 0.038406
v -0.666039 1.506293 0.024380
v -0.668860 1.713707 0.021298
v -0.687256 1.709861 0.032318
v -0.704734 1.703556 0.042789
v -0.720865 1.694947 0.052452
v -0.735251 1.684246 0.061070
v -0.747537 1.671717 0.068430
v -0.757422 1.657669 0.074352
v -0.764662 1.642447 0.078689
v -0.769079 1.626426 0.081335
v -0.770563 1.610000 0.082224
v -0.769079 1.593574 0.081335
v -0.764662 1.577553 0.078689
v -0.757422 1.562331 0.074352
v -0.747537 1.548283 0.068430
v -0.735251 1.535754 0.061070
v -0.720865 1.525053 0.052452
v -0.704734 1.516444 0.042789
v -0.687256 1.510139 0.032318
v -0.668860 1.506293 0.021298
v -0.670956 1.713707 0.017782
v -0.691397 1.709861 0.025373
v -0.710818 1.703556 0.032585
v -0.728741 1.694947 0.039242
v -0.744726 1.684246 0.045178
v -0.758378 1.671717 0.050248
v -0.769361 1.657669 0.054326
v -0.777406 1.642447 0.057314
v -0.782313 1.626426 0.059136
v -0.783962 1.610000 0.059749
v -0.782313 1.593574 0.059136
v -0.777406 1.577553 0.057314
v -0.769361 1.562331 0.054326
v -0.758378 1.548283 0.050248
v -0.744726 1.535754 0.045178
v -0.728741 1.525053 0.039242
v -0.710818 1.516444 0.032585
v -0.691397 1.510139 0.025373
v -0.670956 1.506293 0.017782
v -0.672247 1.713707 0.013967
v -0.693946 1.709861 0.017837
v -0.714564 1.703556 0.021514
v -0.733591 1.694947 0.024907
v -0.750560 1.684246 0.027933
v -0.765053 1.671717 0.030518
v -0.776713 1.657669 0.032597
v -0.785253 1.642447 0.034120
v -0.790463 1.626426 0.035049
v -0.792214 1.610000 0.035362
v -0.790463 1.593574 0.035049
v -0.785253 1.577553 0.034120
v -0.776713 1.562331 0.032597
v -0.765053 1.548283 0.030518
v -0.750560 1.535754 0.027933
v -0.733591 1.525053 0.024907
v -0.714564 1.516444 0.021514
v -0.693946 1.510139 0.017837
v -0.672247 1.506293 0.013967
v -0.672683 1.713707 0.010000
v -0.694807 1.709861 0.010000
v -0.715829 1.703556 0.010000
v -0.735229 1.694947 0.010000
v -0.752530 1.684246 0.010000
v -0.767307 1.671717 0.010000
v -0.779196 1.657669 0.010000
v -0.787903 1.642447 0.010000
v -0.793215 1.626426 0.010000
v -0.795000 1.610000 0.010000
v -0.793215 1.593574 0.010000
v -0.787903 1.577553 0.010000
v -0.779196 1.562331 0.010000
v -0.767307 1.548283 0.010000
v -0.752530 1.535754 0.010000
v -0.735229 1.525053 0.010000
v -0.715829 1.516444 0.010000
v -0.694807 1.510139 0.010000
v -0.672683 1.506293 0.010000
v -0.672247 1.713707 0.006033
v -0.693946 1.709861 0.002163
v -0.714564 1.703556 -0.001514
v -0.733591 1.694947 -0.004907
v -0.750560 1.684246 -0.007933
v -0.765053 1.671717 -0.010518
v -0.776713 1.657669 -0.012598
v -0.785253 1.642447 -0.014120
v -0.790463 1.626426 -0.015049
v -0.792214 1.610000 -0.015362
v -0.790463 1.593574 -0.015049
v -0.785253 1.577553 -0.014120
v -0.776713 1.562331 -0.012598
v -0.765053 1.548283 -0.010518
v -0.750560 1.535754 -0.007933
v -0.733591 1.525053 -0.004907
v -0.714564 1.516444 -0.001514
v -0.693946 1.510139 0.002163
v -0.672247 1.506293 0.006033
v -0.670956 1.713707 0.002218
v -0.691397 1.709861 -0.005373
v -0.710818 1.703556 -0.012586
v -0.728741 1.694947 -0.019242
v -0.744726 1.684246 -0.025178
v -0.758378 1.671717 -0.030248
v -0.769361 1.657669 -0.034327
v -0.777406 1.642447 -0.037314
v -0.782313 1.626426 -0.039136
v -0.783962 1.610000 -0.039749
v -0.782313 1.593574 -0.039136
v -0.777406 1.577553 -0.037314
v -0.769361 1.562331 -0.034327
v -0.758378 1.548283 -0.030248
v -0.744726 1.535754 -0.025178
v -0.728741 1.525053 -0.019242
v -0.710818 1.516444 -0.012586
v -0.691397 1.510139 -0.005373
v -0.670956 1.506293 0.002218
v -0.668860 1.713707 -0.001298
v -0.687256 1.709861 -0.012318
v -0.704734 1.703556 -0.022789
v -0.720865 1.694947 -0.032452
v -0.735251 1.684246 -0.041070
v -0.747537 1.671717 -0.048431
v -0.757422 1.657669 -0.054352
v -0.764662 1.642447 -0.058689
v -0.769079 1.626426 -0.061335
v -0.770563 1.610000 -0.062224
v -0.769079 1.593574 -0.061335
v -0.764662 1.577553 -0.058689
v -0.757422 1.562331 -0.054352
v -0.747537 1.548283 -0.048431
v -0.735251 1.535754 -0.041070
v -0.720865 1.525053 -0.032452
v -0.704734 1.516444 -0.022789
v -0.687256 1.510139 -0.012318
v -0.668860 1.506293 -0.001298
v -0.666039 1.713707 -0.004380
v -0.681684 1.709861 -0.018406
v -0.696548 1.703556 -0.031733
v -0.710266 1.694947 -0.044031
v -0.722500 1.684246 -0.055000
v -0.732949 1.671717 -0.064368
v -0.741355 1.657669 -0.071905
v -0.747512 1.642447 -0.077425
v -0.751268 1.626426 -0.080792
v -0.752530 1.610000 -0.081924
v -0.751268 1.593574 -0.080792
v -0.747512 1.577553 -0.077425
v -0.741355 1.562331 -0.071905
v -0.732949 1.548283 -0.064368
v -0.722500 1.535754 -0.055000
v -0.710266 1.525053 -0.044031
v -0.696548 1.516444 -0.031733
v -0.681684 1.510139 -0.018406
v -0.666039 1.506293 -0.004380
v -0.662602 1.713707 -0.006909
v -0.674894 1.709861 -0.023402
v -0.686572 1.703556 -0.039072
v -0.697351 1.694947 -0.053534
v -0.706963 1.684246 -0.066432
v -0.715172 1.671717 -0.077447
v -0.721777 1.657669 -0.086310
v -0.726615 1.642447 -0.092801
v -0.729566 1.626426 -0.096760
v -0.730558 1.610000 -0.098091
v -0.729566 1.593574 -0.096760
v -0.726615 1.577553 -0.092801
v -0.721777 1.562331 -0.086310
v -0.715172 1.548283 -0.077447
v -0.706963 1.535754 -0.066432
v -0.697351 1.525053 -0.053534
v -0.686572 1.516444 -0.039072
v -0.674894 1.510139 -0.023402
v -0.662602 1.506293 -0.006909
v -0.658680 1.713707 -0.008788
v -0.667147 1.709861 -0.027114
v -0.675191 1.703556 -0.044526
v -0.682616 1.694947 -0.060596
v -0.689237 1.684246 -0.074927
v -0.694892 1.671717 -0.087166
v -0.699441 1.657669 -0.097014
v -0.702773 1.642447 -0.104226
v -0.704806 1.626426 -0.108626
v -0.705489 1.610000 -0.110104
v -0.704806 1.593574 -0.108626
v -0.702773 1.577553 -0.104226
v -0.699441 1.562331 -0.097014
v -0.694892 1.548283 -0.087166
v -0.689237 1.535754 -0.074927
v -0.682616 1.525053 -0.060596
v -0.675191 1.516444 -0.044526
v -0.667147 1.510139 -0.027114
v -0.658680 1.506293 -0.008788
v -0.654425 1.713707 -0.009946
v -0.658741 1.709861 -0.029400
v -0.662842 1.703556 -0.047885
v -0.666627 1.694947 -0.064944
v -0.670003 1.684246 -0.080158
v -0.672885 1.671717 -0.093151
v -0.675205 1.657669 -0.103605
v -0.676904 1.642447 -0.111262
v -0.677940 1.626426 -0.115932
v -0.678288 1.610000 -0.117502
v -0.677940 1.593574 -0.115932
v -0.676904 1.577553 -0.111262
v -0.675205 1.562331 -0.103605
v -0.672885 1.548283 -0.093151
v -0.670003 1.535754 -0.080158
v -0.666627 1.525053 -0.064944
v -0.662842 1.516444 -0.047885
v -0.658741 1.510139 -0.029400
v -0.654425 1.506293 -0.009946
v -0.650000 1.709861 -0.030172
v -0.650000 1.703556 -0.049019
v -0.650000 1.684246 -0.081924
v -0.650000 1.642447 -0.113637
v -0.650000 1.610000 -0.120000
v -0.650000 1.593574 -0.118399
v -0.650000 1.525053 -0.066412
v -0.650000 1.516444 -0.049019
vn 0.0606 -0.7252 -0.6858
vn 0.0783 0.4549 -0.8871
vn 0.0056 0.9980 -0.0634
vn 0.0501 -0.8221 -0.5671
vn 0.0843 0.2839 -0.9551
vn 0.0168 0.9816 -0.1903
vn 0.0391 -0.8955 -0.4433
vn 0.0875 0.0966 -0.9915
vn 0.0280 0.9480 -0.3171
vn 0.0280 -0.9480 -0.3171
vn 0.0875 -0.0966 -0.9915
vn 0.0391 0.8955 -0.4433
vn 0.0168 -0.9816 -0.1903
vn 0.0843 -0.2839 -0.9551
vn 0.0501 0.8221 -0.5671
vn 0.0056 -0.9980 -0.0634
vn 0.0783 -0.4549 -0.8871
vn 0.0606 0.7252 -0.6858
vn 0.0702 -0.6029 -0.7947
vn 0.0702 0.6029 -0.7947
vn 0.0498 0.9818 -0.1831
vn 0.1161 -0.8968 -0.4268
vn 0.2612 0.0973 -0.9604
vn 0.0830 0.9487 -0.3052
vn 0.0830 -0.9487 -0.3052
vn 0.2612 -0.0973 -0.9604
vn 0.1161 0.8968 -0.4268
vn 0.0498 -0.9818 -0.1831
vn 0.2515 -0.2858 -0.9247
vn 0.1487 0.8241 -0.5466
vn 0.0166 -0.9980 -0.0610
vn 0.2333 -0.4576 -0.8580
vn 0.1800 0.7278 -0.6618
vn 0.2088 -0.6058 -0.7677
vn 0.2088 0.6058 -0.7677
vn 0.1800 -0.7278 -0.6618
vn 0.2333 0.4576 -0.8580
vn 0.0166 0.9980 -0.0610
vn 0.1487 -0.8241 -0.5466
vn 0.2515 0.2858 -0.9247
vn 0.3831 -0.4627 -0.7995
vn 0.2942 0.7325 -0.6139
vn 0.3421 -0.6111 -0.7138
vn 0.3421 0.6111 -0.7138
vn 0.2942 -0.7325 -0.6139
vn 0.3831 0.4627 -0.7995
vn 0.0269 0.9981 -0.0562
vn 0.2425 -0.8277 -0.5060
vn 0.4136 0.2895 -0.8632
vn 0.0809 0.9823 -0.1688
vn 0.1890 -0.8993 -0.3944
vn 0.4300 0.0987 -0.8974
vn 0.1350 0.9500 -0.2816
vn 0.1350 -0.9500 -0.2816
vn 0.4300 -0.0987 -0.8974
vn 0.1890 0.8993 -0.3944
vn 0.0809 -0.9823 -0.1688
vn 0.4136 -0.2895 -0.8632
vn 0.2425 0.8277 -0.5060
vn 0.0269 -0.9981 -0.0562
vn 0.5664 0.2946 -0.7697
vn 0.1089 0.9830 -0.1481
vn 0.2553 -0.9025 -0.3470
vn 0.5896 0.1005 -0.8014
vn 0.1820 0.9517 -0.2473
vn 0.1820 -0.9517 -0.2473
vn 0.5896 -0.1005 -0.8014
vn 0.2553 0.9025 -0.3470
vn 0.1089 -0.9830 -0.1481
vn 0.5664 -0.2946 -0.7697
vn 0.3283 0.8326 -0.4461
vn 0.0363 -0.9981 -0.0493
vn 0.5233 -0.4695 -0.7112
vn 0.3993 0.7389 -0.5428
vn 0.4658 -0.6183 -0.6330
vn 0.4658 0.6183 -0.6330
vn 0.3993 -0.7389 -0.5428
vn 0.5233 0.4695 -0.7112
vn 0.0363 0.9981 -0.0493
vn 0.3283 -0.8326 -0.4461
vn 0.4026 0.8380 -0.3685
vn 0.0442 -0.9982 -0.0404
vn 0.6482 -0.4773 -0.5933
vn 0.4913 0.7459 -0.4497
vn 0.5750 -0.6264 -0.5263
vn 0.5750 0.6264 -0.5263
vn 0.4913 -0.7459 -0.4497
vn 0.6482 0.4773 -0.5933
vn 0.0442 0.9982 -0.0404
vn 0.4026 -0.8380 -0.3685
vn 0.7036 0.3003 -0.6440
vn 0.1328 0.9837 -0.1216
vn 0.3123 -0.9060 -0.2858
vn 0.7337 0.1027 -0.6716
vn 0.2222 0.9536 -0.2034
vn 0.2222 -0.9536 -0.2034
vn 0.7337 -0.1027 -0.6716
vn 0.3123 0.9060 -0.2858
vn 0.1328 -0.9837 -0.1216
vn 0.7036 -0.3003 -0.6440
vn 0.0504 0.9983 -0.0301
vn 0.4620 -0.8430 -0.2755
vn 0.8178 0.3059 -0.4875
vn 0.1516 0.9843 -0.0904
vn 0.3576 -0.9092 -0.2132
vn 0.8542 0.1048 -0.5093
vn 0.2539 0.9553 -0.1514
vn 0.2539 -0.9553 -0.1514
vn 0.8542 -0.1048 -0.5093
vn 0.3576 0.9092 -0.2132
vn 0.1516 -0.9843 -0.0904
vn 0.8178 -0.3059 -0.4875
vn 0.4620 0.8430 -0.2755
vn 0.0504 -0.9983 -0.0301
vn 0.7512 -0.4849 -0.4479
vn 0.5655 0.7527 -0.3372
vn 0.6641 -0.6342 -0.3959
vn 0.6641 0.6342 -0.3959
vn 0.5655 -0.7527 -0.3372
vn 0.7512 0.4849 -0.4479
vn 0.1646 -0.9848 -0.0557
vn 0.9004 -0.3105 -0.3047
vn 0.5037 0.8469 -0.1704
vn 0.0547 -0.9983 -0.0185
vn 0.8252 -0.4909 -0.2792
vn 0.6179 0.7579 -0.2091
vn 0.7276 -0.6403 -0.2462
vn 0.7276 0.6403 -0.2462
vn 0.6179 -0.7579 -0.2091
vn 0.8252 0.4909 -0.2792
vn 0.0547 0.9983 -0.0185
vn 0.5037 -0.8469 -0.1704
vn 0.9004 0.3105 -0.3047
vn 0.1646 0.9848 -0.0557
vn 0.3890 -0.9118 -0.1316
vn 0.9419 0.1065 -0.3187
vn 0.2759 0.9566 -0.0934
vn 0.2759 -0.9566 -0.0934
vn 0.9419 -0.1065 -0.3187
vn 0.3890 0.9118 -0.1316
vn 0.6451 -0.7608 -0.0709
vn 0.8641 0.4943 -0.0949
vn 0.0569 0.9984 -0.0063
vn 0.5251 -0.8491 -0.0577
vn 0.9441 0.3130 -0.1037
vn 0.1713 0.9850 -0.0188
vn 0.4052 -0.9131 -0.0445
vn 0.9883 0.1074 -0.1086
vn 0.2872 0.9574 -0.0315
vn 0.2872 -0.9574 -0.0315
vn 0.9883 -0.1074 -0.1086
vn 0.4052 0.9131 -0.0445
vn 0.1713 -0.9850 -0.0188
vn 0.9441 -0.3130 -0.1037
vn 0.5251 0.8491 -0.0577
vn 0.0569 -0.9984 -0.0063
vn 0.8641 -0.4943 -0.0949
vn 0.6451 0.7608 -0.0709
vn 0.7607 -0.6437 -0.0836
vn 0.7607 0.6437 -0.0836
vn 0.9883 -0.1074 0.1086
vn 0.4052 0.9131 0.0445
vn 0.1713 -0.9850 0.0188
vn 0.9441 -0.3130 0.1037
vn 0.5251 0.8491 0.0577
vn 0.0569 -0.9984 0.0063
vn 0.8641 -0.4943 0.0949
vn 0.6451 0.7608 0.0709
vn 0.7607 -0.6437 0.0836
vn 0.7607 0.6437 0.0836
vn 0.6451 -0.7608 0.0709
vn 0.8641 0.4943 0.0949
vn 0.0569 0.9984 0.0063
vn 0.5251 -0.8491 0.0577
vn 0.9441 0.3130 0.1037
vn 0.1713 0.9850 0.0188
vn 0.4052 -0.9131 0.0445
vn 0.9883 0.1074 0.1086
vn 0.2872 0.9574 0.0315
vn 0.2872 -0.9574 0.0315
vn 0.7276 0.6403 0.2462
vn 0.6179 -0.7579 0.2091
vn 0.8252 0.4909 0.2792
vn 0.0547 0.9983 0.0185
vn 0.5037 -0.8469 0.1704
vn 0.9004 0.3105 0.3047
vn 0.1646 0.9848 0.0557
vn 0.3890 -0.9118 0.1316
vn 0.9419 0.1065 0.3187
vn 0.2759 0.9566 0.0934
vn 0.2759 -0.9566 0.0934
vn 0.9419 -0.1065 0.3187
vn 0.3890 0.9118 0.1316
vn 0.1646 -0.9848 0.0557
vn 0.9004 -0.3105 0.3047
vn 0.5037 0.8469 0.1704
vn 0.0547 -0.9983 0.0185
vn 0.8252 -0.4909 0.2792
vn 0.6179 0.7579 0.2091
vn 0.7276 -0.6403 0.2462
vn 0.2539 0.9553 0.1514
vn 0.2539 -0.9553 0.1514
vn 0.8542 -0.1048 0.5093
vn 0.3576 0.9092 0.2132
vn 0.1516 -0.9843 0.0904
vn 0.8178 -0.3059 0.4875
vn 0.4620 0.8430 0.2755
vn 0.0504 -0.9983 0.0301
vn 0.7512 -0.4849 0.4479
vn 0.5655 0.7527 0.3372
vn 0.6641 -0.6342 0.3959
vn 0.6641 0.6342 0.3959
vn 0.5655 -0.7527 0.3372
vn 0.7512 0.4849 0.4479
vn 0.0504 0.9983 0.0301
vn 0.4620 -0.8430 0.2755
vn 0.8178 0.3059 0.4875
vn 0.1516 0.9843 0.0904
vn 0.3576 -0.9092 0.2132
vn 0.8542 0.1048 0.5093
vn 0.5750 -0.6264 0.5263
vn 0.5750 0.6264 0.5263
vn 0.4913 -0.7459 0.4497
vn 0.6482 0.4773 0.5933
vn 0.0442 0.9982 0.0404
vn 0.4026 -0.8380 0.3685
vn 0.7036 0.3003 0.6440
vn 0.1328 0.9837 0.1216
vn 0.3123 -0.9060 0.2858
vn 0.7337 0.1027 0.6716
vn 0.2222 0.9536 0.2034
vn 0.2222 -0.9536 0.2034
vn 0.7337 -0.1027 0.6716
vn 0.3123 0.9060 0.2858
vn 0.1328 -0.9837 0.1216
vn 0.7036 -0.3003 0.6440
vn 0.4026 0.8380 0.3685
vn 0.0442 -0.9982 0.0404
vn 0.6482 -0.4773 0.5933
vn 0.4913 0.7459 0.4497
vn 0.5896 0.1005 0.8014
vn 0.1820 0.9517 0.2473
vn 0.1820 -0.9517 0.2473
vn 0.5896 -0.1005 0.8014
vn 0.2553 0.9025 0.3470
vn 0.1089 -0.9830 0.1481
vn 0.5664 -0.2946 0.7697
vn 0.3283 0.8326 0.4461
vn 0.0363 -0.9981 0.0493
vn 0.5233 -0.4695 0.7112
vn 0.3993 0.7389 0.5428
vn 0.4658 -0.6183 0.6330
vn 0.4658 0.6183 0.6330
vn 0.3993 -0.7389 0.5428
vn 0.5233 0.4695 0.7112
vn 0.0363 0.9981 0.0493
vn 0.3283 -0.8326 0.4461
vn 0.5664 0.2946 0.7697
vn 0.1089 0.9830 0.1481
vn 0.2553 -0.9025 0.3470
vn 0.2942 0.7325 0.6139
vn 0.3421 -0.6111 0.7138
vn 0.3421 0.6111 0.7138
vn 0.2942 -0.7325 0.6139
vn 0.3831 0.4627 0.7995
vn 0.0269 0.9981 0.0562
vn 0.2425 -0.8277 0.5060
vn 0.4136 0.2895 0.8632
vn 0.0809 0.9823 0.1688
vn 0.1890 -0.8993 0.3944
vn 0.4300 0.0987 0.8974
vn 0.1350 0.9500 0.2817
vn 0.1350 -0.9500 0.2817
vn 0.4300 -0.0987 0.8974
vn 0.1890 0.8993 0.3944
vn 0.0809 -0.9823 0.1688
vn 0.4136 -0.2895 0.8632
vn 0.2425 0.8277 0.5060
vn 0.0269 -0.9981 0.0562
vn 0.3831 -0.4627 0.7995
vn 0.0498 0.9818 0.1831
vn 0.1161 -0.8968 0.4268
vn 0.2612 0.0973 0.9604
vn 0.0830 0.9487 0.3052
vn 0.0830 -0.9487 0.3052
vn 0.2612 -0.0973 0.9604
vn 0.1161 0.8968 0.4268
vn 0.0498 -0.9818 0.1831
vn 0.2515 -0.2858 0.9247
vn 0.1487 0.8241 0.5466
vn 0.0166 -0.9980 0.0610
vn 0.2333 -0.4576 0.8580
vn 0.1800 0.7278 0.6618
vn 0.2088 -0.6058 0.7677
vn 0.2088 0.6058 0.7677
vn 0.1800 -0.7278 0.6618
vn 0.2333 0.4576 0.8580
vn 0.0166 0.9980 0.0610
vn 0.1487 -0.8241 0.5466
vn 0.2515 0.2858 0.9247
vn 0.0056 -0.9980 0.0634
vn 0.0783 -0.4549 0.8871
vn 0.0606 0.7252 0.6858
vn 0.0702 -0.6029 0.7947
vn 0.0702 0.6029 0.7947
vn 0.0606 -0.7252 0.6858
vn 0.0783 0.4549 0.8871
vn 0.0056 0.9980 0.0634
vn 0.0501 -0.8221 0.5671
vn 0.0843 0.2839 0.9551
vn 0.0168 0.9816 0.1903
vn 0.0391 -0.8955 0.4433
vn 0.0875 0.0966 0.9915
vn 0.0280 0.9480 0.3171
vn 0.0280 -0.9480 0.3171
vn 0.0875 -0.0966 0.9915
vn 0.0391 0.8955 0.4433
vn 0.0168 -0.9816 0.1903
vn 0.0843 -0.2839 0.9551
vn 0.0501 0.8221 0.5671
vn -0.0501 -0.8221 0.5671
vn -0.0843 0.2839 0.9551
vn -0.0168 0.9816 0.1903
vn -0.0391 -0.8955 0.4433
vn -0.0875 0.0966 0.9915
vn -0.0280 0.9480 0.3171
vn -0.0280 -0.9480 0.3171
vn -0.0875 -0.0966 0.9915
vn -0.0391 0.8955 0.4433
vn -0.0168 -0.9816 0.1903
vn -0.0843 -0.2839 0.9551
vn -0.0501 0.8221 0.5671
vn -0.0056 -0.9980 0.0634
vn -0.0783 -0.4549 0.8871
vn -0.0606 0.7252 0.6858
vn -0.0702 -0.6029 0.7947
vn -0.0702 0.6029 0.7947
vn -0.0606 -0.7252 0.6858
vn -0.0783 0.4549 0.8871
vn -0.0056 0.9980 0.0634
vn -0.2515 -0.2858 0.9247
vn -0.1487 0.8241 0.5466
vn -0.0166 -0.9980 0.0610
vn -0.2333 -0.4576 0.8580
vn -0.1800 0.7278 0.6618
vn -0.2088 -0.6058 0.7677
vn -0.2088 0.6058 0.7677
vn -0.1800 -0.7278 0.6618
vn -0.2333 0.4576 0.8580
vn -0.0166 0.9980 0.0610
vn -0.1487 -0.8241 0.5466
vn -0.2515 0.2858 0.9247
vn -0.0498 0.9818 0.1831
vn -0.1161 -0.8968 0.4268
vn -0.2612 0.0973 0.9604
vn -0.0830 0.9487 0.3052
vn -0.0830 -0.9487 0.3052
vn -0.2612 -0.0973 0.9604
vn -0.1161 0.8968 0.4268
vn -0.0498 -0.9818 0.1831
vn -0.3831 0.4627 0.7995
vn -0.0269 0.9981 0.0562
vn -0.2425 -0.8277 0.5060
vn -0.4136 0.2895 0.8632
vn -0.0809 0.9823 0.1688
vn -0.1890 -0.8993 0.3944
vn -0.4300 0.0987 0.8974
vn -0.1350 0.9500 0.2817
vn -0.1350 -0.9500 0.2817
vn -0.4300 -0.0987 0.8974
vn -0.1890 0.8993 0.3944
vn -0.0809 -0.9823 0.1688
vn -0.4136 -0.2895 0.8632
vn -0.2425 0.8277 0.5060
vn -0.0269 -0.9981 0.0562
vn -0.3831 -0.4627 0.7995
vn -0.2942 0.7325 0.6139
vn -0.3421 -0.6111 0.7138
vn -0.3421 0.6111 0.7138
vn -0.2942 -0.7325 0.6139
vn -0.2553 0.9025 0.3470
vn -0.1089 -0.9830 0.1481
vn -0.5664 -0.2946 0.7697
vn -0.3283 0.8326 0.4461
vn -0.0363 -0.9981 0.0493
vn -0.5233 -0.4695 0.7112
vn -0.3993 0.7389 0.5428
vn -0.4658 -0.6183 0.6330
vn -0.4658 0.6183 0.6330
vn -0.3993 -0.7389 0.5428
vn -0.5233 0.4695 0.7112
vn -0.0363 0.9981 0.0493
vn -0.3283 -0.8326 0.4461
vn -0.5664 0.2946 0.7697
vn -0.1089 0.9830 0.1481
vn -0.2553 -0.9025 0.3470
vn -0.5896 0.1005 0.8014
vn -0.1820 0.9517 0.2473
vn -0.1820 -0.9517 0.2473
vn -0.5896 -0.1005 0.8014
vn -0.4913 -0.7459 0.4497
vn -0.6482 0.4773 0.5933
vn -0.0442 0.9982 0.0404
vn -0.4026 -0.8380 0.3685
vn -0.7036 0.3003 0.6440
vn -0.1328 0.9837 0.1216
vn -0.3123 -0.9060 0.2858
vn -0.7337 0.1027 0.6716
vn -0.2222 0.9536 0.2034
vn -0.2222 -0.9536 0.2034
vn -0.7337 -0.1027 0.6716
vn -0.3123 0.9060 0.2858
vn -0.1328 -0.9837 0.1216
vn -0.7036 -0.3003 0.6440
vn -0.4026 0.8380 0.3685
vn -0.0442 -0.9982 0.0404
vn -0.6482 -0.4773 0.5933
vn -0.4913 0.7459 0.4497
vn -0.5750 -0.6264 0.5263
vn -0.5750 0.6264 0.5263
vn -0.8542 -0.1048 0.5093
vn -0.3576 0.9092 0.2132
vn -0.1516 -0.9843 0.0904
vn -0.8178 -0.3059 0.4875
vn -0.4620 0.8430 0.2755
vn -0.0504 -0.9983 0.0301
vn -0.7512 -0.4849 0.4479
vn -0.5655 0.7527 0.3372
vn -0.6641 -0.6342 0.3959
vn -0.6641 0.6342 0.3959
vn -0.5655 -0.7527 0.3372
vn -0.7512 0.4849 0.4479
vn -0.0504 0.9983 0.0301
vn -0.4620 -0.8430 0.2755
vn -0.8178 0.3059 0.4875
vn -0.1516 0.9843 0.0904
vn -0.3576 -0.9092 0.2132
vn -0.8542 0.1048 0.5093
vn -0.2539 0.9553 0.1514
vn -0.2539 -0.9553 0.1514
vn -0.7276 0.6403 0.2462
vn -0.6179 -0.7579 0.2091
vn -0.8252 0.4909 0.2792
vn -0.0547 0.9983 0.0185
vn -0.5037 -0.8469 0.1704
vn -0.9004 0.3105 0.3047
vn -0.1646 0.9848 0.0557
vn -0.3890 -0.9118 0.1316
vn -0.9419 0.1065 0.3187
vn -0.2759 0.9566 0.0934
vn -0.2759 -0.9566 0.0934
vn -0.9419 -0.1065 0.3187
vn -0.3890 0.9118 0.1316
vn -0.1646 -0.9848 0.0557
vn -0.9004 -0.3105 0.3047
vn -0.5037 0.8469 0.1704
vn -0.0547 -0.9983 0.0185
vn -0.8252 -0.4909 0.2792
vn -0.6179 0.7579 0.2091
vn -0.7276 -0.6403 0.2462
vn -0.2872 0.9574 0.0315
vn -0.2872 -0.9574 0.0315
vn -0.9883 -0.1074 0.1086
vn -0.4052 0.9131 0.0445
vn -0.1713 -0.9850 0.0188
vn -0.9441 -0.3130 0.1037
vn -0.5251 0.8491 0.0577
vn -0.0569 -0.9984 0.0063
vn -0.8641 -0.4943 0.0949
vn -0.6451 0.7608 0.0709
vn -0.7607 -0.6437 0.0836
vn -0.7607 0.6437 0.0836
vn -0.6451 -0.7608 0.0709
vn -0.8641 0.4943 0.0949
vn -0.0569 0.9984 0.0063
vn -0.5251 -0.8491 0.0577
vn -0.9441 0.3130 0.1037
vn -0.1713 0.9850 0.0188
vn -0.4052 -0.9131 0.0445
vn -0.9883 0.1074 0.1086
vn -0.7607 -0.6437 -0.0836
vn -0.7607 0.6437 -0.0836
vn -0.6451 -0.7608 -0.0709
vn -0.8641 0.4943 -0.0949
vn -0.0569 0.9984 -0.0063
vn -0.5251 -0.8491 -0.0577
vn -0.9441 0.3130 -0.1037
vn -0.1713 0.9850 -0.0188
vn -0.4052 -0.9131 -0.0445
vn -0.9883 0.1074 -0.1086
vn -0.2872 0.9574 -0.0315
vn -0.2872 -0.9574 -0.0315
vn -0.9883 -0.1074 -0.1086
vn -0.4052 0.9131 -0.0445
vn -0.1713 -0.9850 -0.0188
vn -0.9441 -0.3130 -0.1037
vn -0.5251 0.8491 -0.0577
vn -0.0569 -0.9984 -0.0063
vn -0.8641 -0.4943 -0.0949
vn -0.6451 0.7608 -0.0709
vn -0.3890 -0.9118 -0.1316
vn -0.9419 0.1065 -0.3187
vn -0.2759 0.9566 -0.0934
vn -0.2759 -0.9566 -0.0934
vn -0.9419 -0.1065 -0.3187
vn -0.3890 0.9118 -0.1316
vn -0.1646 -0.9848 -0.0557
vn -0.9004 -0.3105 -0.3047
vn -0.5037 0.8469 -0.1704
vn -0.0547 -0.9983 -0.0185
vn -0.8252 -0.4909 -0.2792
vn -0.6179 0.7579 -0.2091
vn -0.7276 -0.6403 -0.2462
vn -0.7276 0.6403 -0.2462
vn -0.6179 -0.7579 -0.2091
vn -0.8252 0.4909 -0.2792
vn -0.0547 0.9983 -0.0185
vn -0.5037 -0.8469 -0.1704
vn -0.9004 0.3105 -0.3047
vn -0.1646 0.9848 -0.0557
vn -0.7512 -0.4849 -0.4479
vn -0.5655 0.7527 -0.3372
vn -0.6641 -0.6342 -0.3959
vn -0.6641 0.6342 -0.3959
vn -0.5655 -0.7527 -0.3372
vn -0.7512 0.4849 -0.4479
vn -0.0504 0.9983 -0.0301
vn -0.4620 -0.8430 -0.2755
vn -0.8178 0.3059 -0.4875
vn -0.1516 0.9843 -0.0904
vn -0.3576 -0.9092 -0.2132
vn -0.8542 0.1048 -0.5093
vn -0.2539 0.9553 -0.1514
vn -0.2539 -0.9553 -0.1514
vn -0.8542 -0.1048 -0.5093
vn -0.3576 0.9092 -0.2132
vn -0.1516 -0.9843 -0.0904
vn -0.8178 -0.3059 -0.4875
vn -0.4620 0.8430 -0.2755
vn -0.0504 -0.9983 -0.0301
vn -0.7036 0.3003 -0.6440
vn -0.1328 0.9837 -0.1216
vn -0.3123 -0.9060 -0.2858
vn -0.7337 0.1027 -0.6716
vn -0.2222 0.9536 -0.2034
vn -0.2222 -0.9536 -0.2034
vn -0.7337 -0.1027 -0.6716
vn -0.3123 0.9060 -0.2858
vn -0.1328 -0.9837 -0.1216
vn -0.7036 -0.3003 -0.6440
vn -0.4026 0.8380 -0.3685
vn -0.0442 -0.9982 -0.0404
vn -0.6482 -0.4773 -0.5933
vn -0.4913 0.7459 -0.4497
vn -0.5750 -0.6264 -0.5263
vn -0.5750 0.6264 -0.5263
vn -0.4913 -0.7459 -0.4497
vn -0.6482 0.4773 -0.5933
vn -0.0442 0.9982 -0.0404
vn -0.4026 -0.8380 -0.3685
vn -0.3283 0.8326 -0.4461
vn -0.0363 -0.9981 -0.0493
vn -0.5233 -0.4695 -0.7112
vn -0.3993 0.7389 -0.5428
vn -0.4658 -0.6183 -0.6330
vn -0.4658 0.6183 -0.6330
vn -0.3993 -0.7389 -0.5428
vn -0.5233 0.4695 -0.7112
vn -0.0363 0.9981 -0.0493
vn -0.3283 -0.8326 -0.4461
vn -0.5664 0.2946 -0.7697
vn -0.1089 0.9830 -0.1481
vn -0.2553 -0.9025 -0.3470
vn -0.5896 0.1005 -0.8014
vn -0.1820 0.9517 -0.2473
vn -0.1820 -0.9517 -0.2473
vn -0.5896 -0.1005 -0.8014
vn -0.2553 0.9025 -0.3470
vn -0.1089 -0.9830 -0.1481
vn -0.5664 -0.2946 -0.7697
vn -0.0269 0.9981 -0.0562
vn -0.2425 -0.8277 -0.5060
vn -0.4136 0.2895 -0.8632
vn -0.0809 0.9823 -0.1688
vn -0.1890 -0.8993 -0.3944
vn -0.4300 0.0987 -0.8974
vn -0.1350 0.9500 -0.2817
vn -0.1350 -0.9500 -0.2817
vn -0.4300 -0.0987 -0.8974
vn -0.1890 0.8993 -0.3944
vn -0.0809 -0.9823 -0.1688
vn -0.4136 -0.2895 -0.8632
vn -0.2425 0.8277 -0.5060
vn -0.0269 -0.9981 -0.0562
vn -0.3831 -0.4627 -0.7995
vn -0.2942 0.7325 -0.6139
vn -0.3421 -0.6111 -0.7138
vn -0.3421 0.6111 -0.7138
vn -0.2942 -0.7325 -0.6139
vn -0.3831 0.4627 -0.7995
vn -0.2515 -0.2858 -0.9247
vn -0.1487 0.8241 -0.5466
vn -0.0166 -0.9980 -0.0610
vn -0.2333 -0.4576 -0.8580
vn -0.1800 0.7278 -0.6618
vn -0.2088 -0.6058 -0.7677
vn -0.2088 0.6058 -0.7677
vn -0.1800 -0.7278 -0.6618
vn -0.2333 0.4576 -0.8580
vn -0.0166 0.9980 -0.0610
vn -0.1487 -0.8241 -0.5466
vn -0.2515 0.2858 -0.9247
vn -0.0498 0.9818 -0.1831
vn -0.1161 -0.8968 -0.4268
vn -0.2612 0.0973 -0.9604
vn -0.0830 0.9487 -0.3052
vn -0.0830 -0.9487 -0.3052
vn -0.2612 -0.0973 -0.9604
vn -0.1161 0.8968 -0.4268
vn -0.0498 -0.9818 -0.1831
vn -0.0783 0.4549 -0.8871
vn -0.0056 0.9980 -0.0634
vn -0.0501 -0.8221 -0.5671
vn -0.0843 0.2839 -0.9551
vn -0.0168 0.9816 -0.1903
vn -0.0391 -0.8955 -0.4433
vn -0.0876 0.0966 -0.9915
vn -0.0280 0.9480 -0.3171
vn -0.0280 -0.9480 -0.3171
vn -0.0875 -0.0966 -0.9915
vn -0.0391 0.8955 -0.4433
vn -0.0168 -0.9816 -0.1903
vn -0.0843 -0.2839 -0.9551
vn -0.0501 0.8221 -0.5671
vn -0.0056 -0.9980 -0.0634
vn -0.0783 -0.4549 -0.8871
vn -0.0606 0.7252 -0.6858
vn -0.0702 -0.6029 -0.7947
vn -0.0702 0.6029 -0.7947
vn -0.0606 -0.7252 -0.6858
vt 0.750000 0.250000
vt 0.750000 0.300000
vt 0.718750 0.300000
vt 0.718750 0.250000
vt 0.750000 0.600000
vt 0.750000 0.650000
vt 0.718750 0.650000
vt 0.718750 0.600000
vt 0.750000 0.950000
vt 0.734375 1.000000
vt 0.718750 0.950000
vt 0.750000 0.200000
vt 0.718750 0.200000
vt 0.750000 0.550000
vt 0.718750 0.550000
vt 0.750000 0.900000
vt 0.718750 0.900000
vt 0.750000 0.150000
vt 0.718750 0.150000
vt 0.750000 0.500000
vt 0.718750 0.500000
vt 0.750000 0.850000
vt 0.718750 0.850000
vt 0.750000 0.100000
vt 0.718750 0.100000
vt 0.750000 0.450000
vt 0.718750 0.450000
vt 0.750000 0.800000
vt 0.718750 0.800000
vt 0.750000 0.050000
vt 0.718750 0.050000
vt 0.750000 0.400000
vt 0.718750 0.400000
vt 0.750000 0.750000
vt 0.718750 0.750000
vt 0.734375 0.000000
vt 0.750000 0.350000
vt 0.718750 0.350000
vt 0.750000 0.700000
vt 0.718750 0.700000
vt 0.687500 0.950000
vt 0.687500 0.900000
vt 0.687500 0.200000
vt 0.687500 0.150000
vt 0.687500 0.550000
vt 0.687500 0.500000
vt 0.687500 0.850000
vt 0.687500 0.100000
vt 0.687500 0.450000
vt 0.687500 0.800000
vt 0.687500 0.050000
vt 0.687500 0.400000
vt 0.687500 0.750000
vt 0.703125 0.000000
vt 0.687500 0.350000
vt 0.687500 0.700000
vt 0.687500 0.300000
vt 0.687500 0.650000
vt 0.687500 0.250000
vt 0.687500 0.600000
vt 0.703125 1.000000
vt 0.656250 0.400000
vt 0.656250 0.350000
vt 0.656250 0.750000
vt 0.656250 0.700000
vt 0.656250 0.300000
vt 0.656250 0.650000
vt 0.656250 0.250000
vt 0.656250 0.600000
vt 0.671875 1.000000
vt 0.656250 0.950000
vt 0.656250 0.200000
vt 0.656250 0.550000
vt 0.656250 0.900000
vt 0.656250 0.150000
vt 0.656250 0.500000
vt 0.656250 0.850000
vt 0.656250 0.100000
vt 0.656250 0.450000
vt 0.656250 0.800000
vt 0.656250 0.050000
vt 0.671875 0.000000
vt 0.625000 0.600000
vt 0.625000 0.550000
vt 0.625000 0.950000
vt 0.625000 0.900000
vt 0.625000 0.200000
vt 0.625000 0.150000
vt 0.625000 0.500000
vt 0.625000 0.850000
vt 0.625000 0.100000
vt 0.625000 0.450000
vt 0.625000 0.800000
vt 0.625000 0.050000
vt 0.625000 0.400000
vt 0.625000 0.750000
vt 0.640625 0.000000
vt 0.625000 0.350000
vt 0.625000 0.700000
vt 0.625000 0.300000
vt 0.625000 0.650000
vt 0.625000 0.250000
vt 0.640625 1.000000
vt 0.593750 0.800000
vt 0.593750 0.750000
vt 0.609375 0.000000
vt 0.593750 0.050000
vt 0.593750 0.400000
vt 0.593750 0.350000
vt 0.593750 0.700000
vt 0.593750 0.300000
vt 0.593750 0.650000
vt 0.593750 0.250000
vt 0.593750 0.600000
vt 0.609375 1.000000
vt 0.593750 0.950000
vt 0.593750 0.200000
vt 0.593750 0.550000
vt 0.593750 0.900000
vt 0.593750 0.150000
vt 0.593750 0.500000
vt 0.593750 0.850000
vt 0.593750 0.100000
vt 0.593750 0.450000
vt 0.578125 1.000000
vt 0.562500 0.950000
vt 0.562500 0.250000
vt 0.562500 0.200000
vt 0.562500 0.600000
vt 0.562500 0.550000
vt 0.562500 0.900000
vt 0.562500 0.150000
vt 0.562500 0.500000
vt 0.562500 0.850000
vt 0.562500 0.100000
vt 0.562500 0.450000
vt 0.562500 0.800000
vt 0.562500 0.050000
vt 0.562500 0.400000
vt 0.562500 0.750000
vt 0.578125 0.000000
vt 0.562500 0.350000
vt 0.562500 0.700000
vt 0.562500 0.300000
vt 0.562500 0.650000
vt 0.531250 0.100000
vt 0.531250 0.050000
vt 0.531250 0.450000
vt 0.531250 0.400000
vt 0.531250 0.800000
vt 0.531250 0.750000
vt 0.546875 0.000000
vt 0.531250 0.350000
vt 0.531250 0.700000
vt 0.531250 0.300000
vt 0.531250 0.650000
vt 0.531250 0.250000
vt 0.531250 0.600000
vt 0.546875 1.000000
vt 0.531250 0.950000
vt 0.531250 0.200000
vt 0.531250 0.550000
vt 0.531250 0.900000
vt 0.531250 0.150000
vt 0.531250 0.500000
vt 0.531250 0.850000
vt 0.500000 0.300000
vt 0.500000 0.250000
vt 0.500000 0.650000
vt 0.500000 0.600000
vt 0.515625 1.000000
vt 0.500000 0.950000
vt 0.500000 0.200000
vt 0.500000 0.550000
vt 0.500000 0.900000
vt 0.500000 0.150000
vt 0.500000 0.500000
vt 0.500000 0.850000
vt 0.500000 0.100000
vt 0.500000 0.450000
vt 0.500000 0.800000
vt 0.500000 0.050000
vt 0.500000 0.400000
vt 0.500000 0.750000
vt 0.515625 0.000000
vt 0.500000 0.350000
vt 0.500000 0.700000
vt 0.468750 0.500000
vt 0.468750 0.450000
vt 0.468750 0.850000
vt 0.468750 0.800000
vt 0.468750 0.100000
vt 0.468750 0.050000
vt 0.468750 0.400000
vt 0.468750 0.750000
vt 0.484375 0.000000
vt 0.468750 0.350000
vt 0.468750 0.700000
vt 0.468750 0.300000
vt 0.468750 0.650000
vt 0.468750 0.250000
vt 0.468750 0.600000
vt 0.484375 1.000000
vt 0.468750 0.950000
vt 0.468750 0.200000
vt 0.468750 0.550000
vt 0.468750 0.900000
vt 0.468750 0.150000
vt 0.437500 0.700000
vt 0.437500 0.650000
vt 0.437500 0.300000
vt 0.437500 0.250000
vt 0.437500 0.600000
vt 0.453125 1.000000
vt 0.437500 0.950000
vt 0.437500 0.200000
vt 0.437500 0.550000
vt 0.437500 0.900000
vt 0.437500 0.150000
vt 0.437500 0.500000
vt 0.437500 0.850000
vt 0.437500 0.100000
vt 0.437500 0.450000
vt 0.437500 0.800000
vt 0.437500 0.050000
vt 0.437500 0.400000
vt 0.437500 0.750000
vt 0.453125 0.000000
vt 0.437500 0.350000
vt 0.406250 0.900000
vt 0.406250 0.850000
vt 0.406250 0.150000
vt 0.406250 0.100000
vt 0.406250 0.500000
vt 0.406250 0.450000
vt 0.406250 0.800000
vt 0.406250 0.050000
vt 0.406250 0.400000
vt 0.406250 0.750000
vt 0.421875 0.000000
vt 0.406250 0.350000
vt 0.406250 0.700000
vt 0.406250 0.300000
vt 0.406250 0.650000
vt 0.406250 0.250000
vt 0.406250 0.600000
vt 0.421875 1.000000
vt 0.406250 0.950000
vt 0.406250 0.200000
vt 0.406250 0.550000
vt 0.375000 0.350000
vt 0.375000 0.300000
vt 0.375000 0.700000
vt 0.375000 0.650000
vt 0.375000 0.250000
vt 0.375000 0.600000
vt 0.390625 1.000000
vt 0.375000 0.950000
vt 0.375000 0.200000
vt 0.375000 0.550000
vt 0.375000 0.900000
vt 0.375000 0.150000
vt 0.375000 0.500000
vt 0.375000 0.850000
vt 0.375000 0.100000
vt 0.375000 0.450000
vt 0.375000 0.800000
vt 0.375000 0.050000
vt 0.375000 0.400000
vt 0.375000 0.750000
vt 0.390625 0.000000
vt 0.343750 0.550000
vt 0.343750 0.500000
vt 0.343750 0.900000
vt 0.343750 0.850000
vt 0.343750 0.150000
vt 0.343750 0.100000
vt 0.343750 0.450000
vt 0.343750 0.800000
vt 0.343750 0.050000
vt 0.343750 0.400000
vt 0.343750 0.750000
vt 0.359375 0.000000
vt 0.343750 0.350000
vt 0.343750 0.700000
vt 0.343750 0.300000
vt 0.343750 0.650000
vt 0.343750 0.250000
vt 0.343750 0.600000
vt 0.359375 1.000000
vt 0.343750 0.950000
vt 0.343750 0.200000
vt 0.312500 0.750000
vt 0.312500 0.700000
vt 0.312500 0.350000
vt 0.312500 0.300000
vt 0.312500 0.650000
vt 0.312500 0.250000
vt 0.312500 0.600000
vt 0.328125 1.000000
vt 0.312500 0.950000
vt 0.312500 0.200000
vt 0.312500 0.550000
vt 0.312500 0.900000
vt 0.312500 0.150000
vt 0.312500 0.500000
vt 0.312500 0.850000
vt 0.312500 0.100000
vt 0.312500 0.450000
vt 0.312500 0.800000
vt 0.312500 0.050000
vt 0.312500 0.400000
vt 0.328125 0.000000
vt 0.281250 0.950000
vt 0.281250 0.900000
vt 0.281250 0.200000
vt 0.281250 0.150000
vt 0.281250 0.550000
vt 0.281250 0.500000
vt 0.281250 0.850000
vt 0.281250 0.100000
vt 0.281250 0.450000
vt 0.281250 0.800000
vt 0.281250 0.050000
vt 0.281250 0.400000
vt 0.281250 0.750000
vt 0.296875 0.000000
vt 0.281250 0.350000
vt 0.281250 0.700000
vt 0.281250 0.300000
vt 0.281250 0.650000
vt 0.281250 0.250000
vt 0.281250 0.600000
vt 0.296875 1.000000
vt 0.265625 0.000000
vt 0.250000 0.050000
vt 0.250000 0.400000
vt 0.250000 0.350000
vt 0.250000 0.750000
vt 0.250000 0.700000
vt 0.250000 0.300000
vt 0.250000 0.650000
vt 0.250000 0.250000
vt 0.250000 0.600000
vt 0.265625 1.000000
vt 0.250000 0.950000
vt 0.250000 0.200000
vt 0.250000 0.550000
vt 0.250000 0.900000
vt 0.250000 0.150000
vt 0.250000 0.500000
vt 0.250000 0.850000
vt 0.250000 0.100000
vt 0.250000 0.450000
vt 0.250000 0.800000
vt 0.218750 0.250000
vt 0.218750 0.200000
vt 0.218750 0.600000
vt 0.218750 0.550000
vt 0.218750 0.950000
vt 0.218750 0.900000
vt 0.218750 0.150000
vt 0.218750 0.500000
vt 0.218750 0.850000
vt 0.218750 0.100000
vt 0.218750 0.450000
vt 0.218750 0.800000
vt 0.218750 0.050000
vt 0.218750 0.400000
vt 0.218750 0.750000
vt 0.234375 0.000000
vt 0.218750 0.350000
vt 0.218750 0.700000
vt 0.218750 0.300000
vt 0.218750 0.650000
vt 0.234375 1.000000
vt 0.187500 0.450000
vt 0.187500 0.400000
vt 0.187500 0.800000
vt 0.187500 0.750000
vt 0.203125 0.000000
vt 0.187500 0.050000
vt 0.187500 0.350000
vt 0.187500 0.700000
vt 0.187500 0.300000
vt 0.187500 0.650000
vt 0.187500 0.250000
vt 0.187500 0.600000
vt 0.203125 1.000000
vt 0.187500 0.950000
vt 0.187500 0.200000
vt 0.187500 0.550000
vt 0.187500 0.900000
vt 0.187500 0.150000
vt 0.187500 0.500000
vt 0.187500 0.850000
vt 0.187500 0.100000
vt 0.156250 0.650000
vt 0.156250 0.600000
vt 0.171875 1.000000
vt 0.156250 0.950000
vt 0.156250 0.250000
vt 0.156250 0.200000
vt 0.156250 0.550000
vt 0.156250 0.900000
vt 0.156250 0.150000
vt 0.156250 0.500000
vt 0.156250 0.850000
vt 0.156250 0.100000
vt 0.156250 0.450000
vt 0.156250 0.800000
vt 0.156250 0.050000
vt 0.156250 0.400000
vt 0.156250 0.750000
vt 0.171875 0.000000
vt 0.156250 0.350000
vt 0.156250 0.700000
vt 0.156250 0.300000
vt 0.125000 0.850000
vt 0.125000 0.800000
vt 0.125000 0.100000
vt 0.125000 0.050000
vt 0.125000 0.450000
vt 0.125000 0.400000
vt 0.125000 0.750000
vt 0.140625 0.000000
vt 0.125000 0.350000
vt 0.125000 0.700000
vt 0.125000 0.300000
vt 0.125000 0.650000
vt 0.125000 0.250000
vt 0.125000 0.600000
vt 0.140625 1.000000
vt 0.125000 0.950000
vt 0.125000 0.200000
vt 0.125000 0.550000
vt 0.125000 0.900000
vt 0.125000 0.150000
vt 0.125000 0.500000
vt 0.093750 0.300000
vt 0.093750 0.250000
vt 0.093750 0.650000
vt 0.093750 0.600000
vt 0.109375 1.000000
vt 0.093750 0.950000
vt 0.093750 0.200000
vt 0.093750 0.550000
vt 0.093750 0.900000
vt 0.093750 0.150000
vt 0.093750 0.500000
vt 0.093750 0.850000
vt 0.093750 0.100000
vt 0.093750 0.450000
vt 0.093750 0.800000
vt 0.093750 0.050000
vt 0.093750 0.400000
vt 0.093750 0.750000
vt 0.109375 0.000000
vt 0.093750 0.350000
vt 0.093750 0.700000
vt 0.062500 0.500000
vt 0.062500 0.450000
vt 0.062500 0.850000
vt 0.062500 0.800000
vt 0.062500 0.100000
vt 0.062500 0.050000
vt 0.062500 0.400000
vt 0.062500 0.750000
vt 0.078125 0.000000
vt 0.062500 0.350000
vt 0.062500 0.700000
vt 0.062500 0.300000
vt 0.062500 0.650000
vt 0.062500 0.250000
vt 0.062500 0.600000
vt 0.078125 1.000000
vt 0.062500 0.950000
vt 0.062500 0.200000
vt 0.062500 0.550000
vt 0.062500 0.900000
vt 0.062500 0.150000
vt 0.031250 0.700000
vt 0.031250 0.650000
vt 0.031250 0.300000
vt 0.031250 0.250000
vt 0.031250 0.600000
vt 0.046875 1.000000
vt 0.031250 0.950000
vt 0.031250 0.200000
vt 0.031250 0.550000
vt 0.031250 0.900000
vt 0.031250 0.150000
vt 0.031250 0.500000
vt 0.031250 0.850000
vt 0.031250 0.100000
vt 0.031250 0.450000
vt 0.031250 0.800000
vt 0.031250 0.050000
vt 0.031250 0.400000
vt 0.031250 0.750000
vt 0.046875 0.000000
vt 0.031250 0.350000
vt 0.000000 0.900000
vt 0.000000 0.850000
vt 0.000000 0.150000
vt 0.000000 0.100000
vt 0.000000 0.500000
vt 0.000000 0.450000
vt 0.000000 0.800000
vt 0.000000 0.050000
vt 0.000000 0.400000
vt 0.000000 0.750000
vt 0.015625 0.000000
vt 0.000000 0.350000
vt 0.000000 0.700000
vt 0.000000 0.300000
vt 0.000000 0.650000
vt 0.000000 0.250000
vt 0.000000 0.600000
vt 0.015625 1.000000
vt 0.000000 0.950000
vt 0.000000 0.200000
vt 0.000000 0.550000
vt 1.000000 0.300000
vt 1.000000 0.350000
vt 0.968750 0.350000
vt 0.968750 0.300000
vt 1.000000 0.650000
vt 1.000000 0.700000
vt 0.968750 0.700000
vt 0.968750 0.650000
vt 1.000000 0.250000
vt 0.968750 0.250000
vt 1.000000 0.600000
vt 0.968750 0.600000
vt 1.000000 0.950000
vt 0.984375 1.000000
vt 0.968750 0.950000
vt 1.000000 0.200000
vt 0.968750 0.200000
vt 1.000000 0.550000
vt 0.968750 0.550000
vt 1.000000 0.900000
vt 0.968750 0.900000
vt 1.000000 0.150000
vt 0.968750 0.150000
vt 1.000000 0.500000
vt 0.968750 0.500000
vt 1.000000 0.850000
vt 0.968750 0.850000
vt 1.000000 0.100000
vt 0.968750 0.100000
vt 1.000000 0.450000
vt 0.968750 0.450000
vt 1.000000 0.800000
vt 0.968750 0.800000
vt 1.000000 0.050000
vt 0.968750 0.050000
vt 1.000000 0.400000
vt 0.968750 0.400000
vt 1.000000 0.750000
vt 0.968750 0.750000
vt 0.984375 0.000000
vt 0.937500 0.200000
vt 0.937500 0.150000
vt 0.937500 0.550000
vt 0.937500 0.500000
vt 0.937500 0.900000
vt 0.937500 0.850000
vt 0.937500 0.100000
vt 0.937500 0.450000
vt 0.937500 0.800000
vt 0.937500 0.050000
vt 0.937500 0.400000
vt 0.937500 0.750000
vt 0.953125 0.000000
vt 0.937500 0.350000
vt 0.937500 0.700000
vt 0.937500 0.300000
vt 0.937500 0.650000
vt 0.937500 0.250000
vt 0.937500 0.600000
vt 0.953125 1.000000
vt 0.937500 0.950000
vt 0.906250 0.400000
vt 0.906250 0.350000
vt 0.906250 0.750000
vt 0.906250 0.700000
vt 0.906250 0.300000
vt 0.906250 0.650000
vt 0.906250 0.250000
vt 0.906250 0.600000
vt 0.921875 1.000000
vt 0.906250 0.950000
vt 0.906250 0.200000
vt 0.906250 0.550000
vt 0.906250 0.900000
vt 0.906250 0.150000
vt 0.906250 0.500000
vt 0.906250 0.850000
vt 0.906250 0.100000
vt 0.906250 0.450000
vt 0.906250 0.800000
vt 0.906250 0.050000
vt 0.921875 0.000000
vt 0.875000 0.600000
vt 0.875000 0.550000
vt 0.875000 0.950000
vt 0.875000 0.900000
vt 0.875000 0.200000
vt 0.875000 0.150000
vt 0.875000 0.500000
vt 0.875000 0.850000
vt 0.875000 0.100000
vt 0.875000 0.450000
vt 0.875000 0.800000
vt 0.875000 0.050000
vt 0.875000 0.400000
vt 0.875000 0.750000
vt 0.890625 0.000000
vt 0.875000 0.350000
vt 0.875000 0.700000
vt 0.875000 0.300000
vt 0.875000 0.650000
vt 0.875000 0.250000
vt 0.890625 1.000000
vt 0.843750 0.800000
vt 0.843750 0.750000
vt 0.859375 0.000000
vt 0.843750 0.050000
vt 0.843750 0.400000
vt 0.843750 0.350000
vt 0.843750 0.700000
vt 0.843750 0.300000
vt 0.843750 0.650000
vt 0.843750 0.250000
vt 0.843750 0.600000
vt 0.859375 1.000000
vt 0.843750 0.950000
vt 0.843750 0.200000
vt 0.843750 0.550000
vt 0.843750 0.900000
vt 0.843750 0.150000
vt 0.843750 0.500000
vt 0.843750 0.850000
vt 0.843750 0.100000
vt 0.843750 0.450000
vt 0.828125 1.000000
vt 0.812500 0.950000
vt 0.812500 0.250000
vt 0.812500 0.200000
vt 0.812500 0.600000
vt 0.812500 0.550000
vt 0.812500 0.900000
vt 0.812500 0.150000
vt 0.812500 0.500000
vt 0.812500 0.850000
vt 0.812500 0.100000
vt 0.812500 0.450000
vt 0.812500 0.800000
vt 0.812500 0.050000
vt 0.812500 0.400000
vt 0.812500 0.750000
vt 0.828125 0.000000
vt 0.812500 0.350000
vt 0.812500 0.700000
vt 0.812500 0.300000
vt 0.812500 0.650000
vt 0.781250 0.450000
vt 0.781250 0.400000
vt 0.781250 0.800000
vt 0.781250 0.750000
vt 0.796875 0.000000
vt 0.781250 0.050000
vt 0.781250 0.350000
vt 0.781250 0.700000
vt 0.781250 0.300000
vt 0.781250 0.650000
vt 0.781250 0.250000
vt 0.781250 0.600000
vt 0.796875 1.000000
vt 0.781250 0.950000
vt 0.781250 0.200000
vt 0.781250 0.550000
vt 0.781250 0.900000
vt 0.781250 0.150000
vt 0.781250 0.500000
vt 0.781250 0.850000
vt 0.781250 0.100000
vt 0.765625 1.000000
vt 0.765625 0.000000
s 0
usemtl MAT_Polymer
f 570/713/541 569/714/541 587/715/541 588/716/541
f 1166/717/542 565/718/542 580/719/542 581/720/542
f 562/721/543 561/722/543 574/723/543
f 1169/724/544 570/713/544 588/716/544 589/725/544
f 566/726/545 1166/717/545 581/720/545 582/727/545
f 1163/728/546 562/721/546 574/723/546 575/729/546
f 1170/730/547 1169/724/547 589/725/547 590/731/547
f 1167/732/548 566/726/548 582/727/548 583/733/548
f 1164/734/549 1163/728/549 575/729/549 576/735/549
f 571/736/550 1170/730/550 590/731/550 591/737/550
f 1168/738/551 1167/732/551 583/733/551 584/739/551
f 563/740/552 1164/734/552 576/735/552 577/741/552
f 572/742/553 571/736/553 591/737/553 592/743/553
f 567/744/554 1168/738/554 584/739/554 585/745/554
f 1165/746/555 563/740/555 577/741/555 578/747/555
f 573/748/556 572/742/556 592/743/556
f 568/749/557 567/744/557 585/745/557 586/750/557
f 564/751/558 1165/746/558 578/747/558 579/752/558
f 569/714/559 568/749/559 586/750/559 587/715/559
f 565/718/560 564/751/560 579/752/560 580/719/560
f 575/729/561 574/723/561 593/753/561 594/754/561
f 590/731/562 589/725/562 608/755/562 609/756/562
f 583/733/563 582/727/563 601/757/563 602/758/563
f 576/735/564 575/729/564 594/754/564 595/759/564
f 591/737/565 590/731/565 609/756/565 610/760/565
f 584/739/566 583/733/566 602/758/566 603/761/566
f 577/741/567 576/735/567 595/759/567 596/762/567
f 592/743/568 591/737/568 610/760/568 611/763/568
f 585/745/569 584/739/569 603/761/569 604/764/569
f 578/747/570 577/741/570 596/762/570 597/765/570
f 573/766/571 592/743/571 611/763/571
f 586/750/572 585/745/572 604/764/572 605/767/572
f 579/752/573 578/747/573 597/765/573 598/768/573
f 587/715/574 586/750/574 605/767/574 606/769/574
f 580/719/575 579/752/575 598/768/575 599/770/575
f 588/716/576 587/715/576 606/769/576 607/771/576
f 581/720/577 580/719/577 599/770/577 600/772/577
f 574/723/578 561/773/578 593/753/578
f 589/725/579 588/716/579 607/771/579 608/755/579
f 582/727/580 581/720/580 600/772/580 601/757/580
f 605/767/581 604/764/581 623/774/581 624/775/581
f 598/768/582 597/765/582 616/776/582 617/777/582
f 606/769/583 605/767/583 624/775/583 625/778/583
f 599/770/584 598/768/584 617/777/584 618/779/584
f 607/771/585 606/769/585 625/778/585 626/780/585
f 600/772/586 599/770/586 618/779/586 619/781/586
f 593/753/587 561/782/587 612/783/587
f 608/755/588 607/771/588 626/780/588 627/784/588
f 601/757/589 600/772/589 619/781/589 620/785/589
f 594/754/590 593/753/590 612/783/590 613/786/590
f 609/756/591 608/755/591 627/784/591 628/787/591
f 602/758/592 601/757/592 620/785/592 621/788/592
f 595/759/593 594/754/593 613/786/593 614/789/593
f 610/760/594 609/756/594 628/787/594 629/790/594
f 603/761/595 602/758/595 621/788/595 622/791/595
f 596/762/596 595/759/596 614/789/596 615/792/596
f 611/763/597 610/760/597 629/790/597 630/793/597
f 604/764/598 603/761/598 622/791/598 623/774/598
f 597/765/599 596/762/599 615/792/599 616/776/599
f 573/794/600 611/763/600 630/793/600
f 620/785/601 619/781/601 638/795/601 639/796/601
f 613/786/602 612/783/602 631/797/602 632/798/602
f 628/787/603 627/784/603 646/799/603 647/800/603
f 621/788/604 620/785/604 639/796/604 640/801/604
f 614/789/605 613/786/605 632/798/605 633/802/605
f 629/790/606 628/787/606 647/800/606 648/803/606
f 622/791/607 621/788/607 640/801/607 641/804/607
f 615/792/608 614/789/608 633/802/608 634/805/608
f 630/793/609 629/790/609 648/803/609 649/806/609
f 623/774/610 622/791/610 641/804/610 642/807/610
f 616/776/611 615/792/611 634/805/611 635/808/611
f 573/809/612 630/793/612 649/806/612
f 624/775/613 623/774/613 642/807/613 643/810/613
f 617/777/614 616/776/614 635/808/614 636/811/614
f 625/778/615 624/775/615 643/810/615 644/812/615
f 618/779/616 617/777/616 636/811/616 637/813/616
f 626/780/617 625/778/617 644/812/617 645/814/617
f 619/781/618 618/779/618 637/813/618 638/795/618
f 612/783/619 561/815/619 631/797/619
f 627/784/620 626/780/620 645/814/620 646/799/620
f 635/808/621 634/805/621 653/816/621 654/817/621
f 573/818/622 649/806/622 668/819/622
f 643/810/623 642/807/623 661/820/623 662/821/623
f 636/811/624 635/808/624 654/817/624 655/822/624
f 644/812/625 643/810/625 662/821/625 663/823/625
f 637/813/626 636/811/626 655/822/626 656/824/626
f 645/814/627 644/812/627 663/823/627 664/825/627
f 638/795/628 637/813/628 656/824/628 657/826/628
f 631/797/629 561/827/629 650/828/629
f 646/799/630 645/814/630 664/825/630 665/829/630
f 639/796/631 638/795/631 657/826/631 658/830/631
f 632/798/632 631/797/632 650/828/632 651/831/632
f 647/800/633 646/799/633 665/829/633 666/832/633
f 640/801/634 639/796/634 658/830/634 659/833/634
f 633/802/635 632/798/635 651/831/635 652/834/635
f 648/803/636 647/800/636 666/832/636 667/835/636
f 641/804/637 640/801/637 659/833/637 660/836/637
f 634/805/638 633/802/638 652/834/638 653/816/638
f 649/806/639 648/803/639 667/835/639 668/819/639
f 642/807/640 641/804/640 660/836/640 661/820/640
f 650/828/641 561/837/641 669/838/641
f 665/829/642 664/825/642 683/839/642 684/840/642
f 658/830/643 657/826/643 676/841/643 677/842/643
f 651/831/644 650/828/644 669/838/644 670/843/644
f 666/832/645 665/829/645 684/840/645 685/844/645
f 659/833/646 658/830/646 677/842/646 678/845/646
f 652/834/647 651/831/647 670/843/647 671/846/647
f 667/835/648 666/832/648 685/844/648 686/847/648
f 660/836/649 659/833/649 678/845/649 679/848/649
f 653/816/650 652/834/650 671/846/650 672/849/650
f 668/819/651 667/835/651 686/847/651 687/850/651
f 661/820/652 660/836/652 679/848/652 680/851/652
f 654/817/653 653/816/653 672/849/653 673/852/653
f 573/853/654 668/819/654 687/850/654
f 662/821/655 661/820/655 680/851/655 681/854/655
f 655/822/656 654/817/656 673/852/656 674/855/656
f 663/823/657 662/821/657 681/854/657 682/856/657
f 656/824/658 655/822/658 674/855/658 675/857/658
f 664/825/659 663/823/659 682/856/659 683/839/659
f 657/826/660 656/824/660 675/857/660 676/841/660
f 687/850/661 686/847/661 705/858/661 706/859/661
f 680/851/662 679/848/662 698/860/662 699/861/662
f 673/852/663 672/849/663 691/862/663 692/863/663
f 573/864/664 687/850/664 706/859/664
f 681/854/665 680/851/665 699/861/665 700/865/665
f 674/855/666 673/852/666 692/863/666 693/866/666
f 682/856/667 681/854/667 700/865/667 701/867/667
f 675/857/668 674/855/668 693/866/668 694/868/668
f 683/839/669 682/856/669 701/867/669 702/869/669
f 676/841/670 675/857/670 694/868/670 695/870/670
f 669/838/671 561/871/671 688/872/671
f 684/840/672 683/839/672 702/869/672 703/873/672
f 677/842/673 676/841/673 695/870/673 696/874/673
f 670/843/674 669/838/674 688/872/674 689/875/674
f 685/844/675 684/840/675 703/873/675 704/876/675
f 678/845/676 677/842/676 696/874/676 697/877/676
f 671/846/677 670/843/677 689/875/677 690/878/677
f 686/847/678 685/844/678 704/876/678 705/858/678
f 679/848/679 678/845/679 697/877/679 698/860/679
f 672/849/680 671/846/680 690/878/680 691/862/680
f 702/869/681 701/867/681 720/879/681 721/880/681
f 695/870/682 694/868/682 713/881/682 714/882/682
f 688/872/683 561/883/683 707/884/683
f 703/873/684 702/869/684 721/880/684 722/885/684
f 696/874/685 695/870/685 714/882/685 715/886/685
f 689/875/686 688/872/686 707/884/686 708/887/686
f 704/876/687 703/873/687 722/885/687 723/888/687
f 697/877/688 696/874/688 715/886/688 716/889/688
f 690/878/689 689/875/689 708/887/689 709/890/689
f 705/858/690 704/876/690 723/888/690 724/891/690
f 698/860/691 697/877/691 716/889/691 717/892/691
f 691/862/692 690/878/692 709/890/692 710/893/692
f 706/859/693 705/858/693 724/891/693 725/894/693
f 699/861/694 698/860/694 717/892/694 718/895/694
f 692/863/695 691/862/695 710/893/695 711/896/695
f 573/897/696 706/859/696 725/894/696
f 700/865/697 699/861/697 718/895/697 719/898/697
f 693/866/698 692/863/698 711/896/698 712/899/698
f 701/867/699 700/865/699 719/898/699 720/879/699
f 694/868/700 693/866/700 712/899/700 713/881/700
f 717/892/701 716/889/701 735/900/701 736/901/701
f 710/893/702 709/890/702 728/902/702 729/903/702
f 725/894/703 724/891/703 743/904/703 744/905/703
f 718/895/704 717/892/704 736/901/704 737/906/704
f 711/896/705 710/893/705 729/903/705 730/907/705
f 573/908/706 725/894/706 744/905/706
f 719/898/707 718/895/707 737/906/707 738/909/707
f 712/899/708 711/896/708 730/907/708 731/910/708
f 720/879/709 719/898/709 738/909/709 739/911/709
f 713/881/710 712/899/710 731/910/710 732/912/710
f 721/880/711 720/879/711 739/911/711 740/913/711
f 714/882/712 713/881/712 732/912/712 733/914/712
f 707/884/713 561/915/713 726/916/713
f 722/885/714 721/880/714 740/913/714 741/917/714
f 715/886/715 714/882/715 733/914/715 734/918/715
f 708/887/716 707/884/716 726/916/716 727/919/716
f 723/888/717 722/885/717 741/917/717 742/920/717
f 716/889/718 715/886/718 734/918/718 735/900/718
f 709/890/719 708/887/719 727/919/719 728/902/719
f 724/891/720 723/888/720 742/920/720 743/904/720
f 732/912/721 731/910/721 750/921/721 751/922/721
f 740/913/722 739/911/722 758/923/722 759/924/722
f 733/914/723 732/912/723 751/922/723 752/925/723
f 726/916/724 561/926/724 745/927/724
f 741/917/725 740/913/725 759/924/725 760/928/725
f 734/918/726 733/914/726 752/925/726 753/929/726
f 727/919/727 726/916/727 745/927/727 746/930/727
f 742/920/728 741/917/728 760/928/728 761/931/728
f 735/900/729 734/918/729 753/929/729 754/932/729
f 728/902/730 727/919/730 746/930/730 747/933/730
f 743/904/731 742/920/731 761/931/731 762/934/731
f 736/901/732 735/900/732 754/932/732 755/935/732
f 729/903/733 728/902/733 747/933/733 748/936/733
f 744/905/734 743/904/734 762/934/734 763/937/734
f 737/906/735 736/901/735 755/935/735 756/938/735
f 730/907/736 729/903/736 748/936/736 749/939/736
f 573/940/737 744/905/737 763/937/737
f 738/909/738 737/906/738 756/938/738 757/941/738
f 731/910/739 730/907/739 749/939/739 750/921/739
f 739/911/740 738/909/740 757/941/740 758/923/740
f 747/933/741 746/930/741 765/942/741 766/943/741
f 762/934/742 761/931/742 780/944/742 781/945/742
f 755/935/743 754/932/743 773/946/743 774/947/743
f 748/936/744 747/933/744 766/943/744 767/948/744
f 763/937/745 762/934/745 781/945/745 782/949/745
f 756/938/746 755/935/746 774/947/746 775/950/746
f 749/939/747 748/936/747 767/948/747 768/951/747
f 573/952/748 763/937/748 782/949/748
f 757/941/749 756/938/749 775/950/749 776/953/749
f 750/921/750 749/939/750 768/951/750 769/954/750
f 758/923/751 757/941/751 776/953/751 777/955/751
f 751/922/752 750/921/752 769/954/752 770/956/752
f 759/924/753 758/923/753 777/955/753 778/957/753
f 752/925/754 751/922/754 770/956/754 771/958/754
f 745/927/755 561/959/755 764/960/755
f 760/928/756 759/924/756 778/957/756 779/961/756
f 753/929/757 752/925/757 771/958/757 772/962/757
f 746/930/758 745/927/758 764/960/758 765/942/758
f 761/931/759 760/928/759 779/961/759 780/944/759
f 754/932/760 753/929/760 772/962/760 773/946/760
f 777/955/761 776/953/761 795/963/761 796/964/761
f 770/956/762 769/954/762 788/965/762 789/966/762
f 778/957/763 777/955/763 796/964/763 797/967/763
f 771/958/764 770/956/764 789/966/764 790/968/764
f 764/960/765 561/969/765 783/970/765
f 779/961/766 778/957/766 797/967/766 798/971/766
f 772/962/767 771/958/767 790/968/767 791/972/767
f 765/942/768 764/960/768 783/970/768 784/973/768
f 780/944/769 779/961/769 798/971/769 799/974/769
f 773/946/770 772/962/770 791/972/770 792/975/770
f 766/943/771 765/942/771 784/973/771 785/976/771
f 781/945/772 780/944/772 799/974/772 800/977/772
f 774/947/773 773/946/773 792/975/773 793/978/773
f 767/948/774 766/943/774 785/976/774 786/979/774
f 782/949/775 781/945/775 800/977/775 801/980/775
f 775/950/776 774/947/776 793/978/776 794/981/776
f 768/951/777 767/948/777 786/979/777 787/982/777
f 573/983/778 782/949/778 801/980/778
f 776/953/779 775/950/779 794/981/779 795/963/779
f 769/954/780 768/951/780 787/982/780 788/965/780
f 792/975/781 791/972/781 810/984/781 811/985/781
f 785/976/782 784/973/782 803/986/782 804/987/782
f 800/977/783 799/974/783 818/988/783 819/989/783
f 793/978/784 792/975/784 811/985/784 812/990/784
f 786/979/785 785/976/785 804/987/785 805/991/785
f 801/980/786 800/977/786 819/989/786 820/992/786
f 794/981/787 793/978/787 812/990/787 813/993/787
f 787/982/788 786/979/788 805/991/788 806/994/788
f 573/995/789 801/980/789 820/992/789
f 795/963/790 794/981/790 813/993/790 814/996/790
f 788/965/791 787/982/791 806/994/791 807/997/791
f 796/964/792 795/963/792 814/996/792 815/998/792
f 789/966/793 788/965/793 807/997/793 808/999/793
f 797/967/794 796/964/794 815/998/794 816/1000/794
f 790/968/795 789/966/795 808/999/795 809/1001/795
f 783/970/796 561/1002/796 802/1003/796
f 798/971/797 797/967/797 816/1000/797 817/1004/797
f 791/972/798 790/968/798 809/1001/798 810/984/798
f 784/973/799 783/970/799 802/1003/799 803/986/799
f 799/974/800 798/971/800 817/1004/800 818/988/800
f 807/997/801 806/994/801 825/1005/801 826/1006/801
f 815/998/802 814/996/802 833/1007/802 834/1008/802
f 808/999/803 807/997/803 826/1006/803 827/1009/803
f 816/1000/804 815/998/804 834/1008/804 835/1010/804
f 809/1001/805 808/999/805 827/1009/805 828/1011/805
f 802/1003/806 561/1012/806 821/1013/806
f 817/1004/807 816/1000/807 835/1010/807 836/1014/807
f 810/984/808 809/1001/808 828/1011/808 829/1015/808
f 803/986/809 802/1003/809 821/1013/809 822/1016/809
f 818/988/810 817/1004/810 836/1014/810 837/1017/810
f 811/985/811 810/984/811 829/1015/811 830/1018/811
f 804/987/812 803/986/812 822/1016/812 823/1019/812
f 819/989/813 818/988/813 837/1017/813 838/1020/813
f 812/990/814 811/985/814 830/1018/814 831/1021/814
f 805/991/815 804/987/815 823/1019/815 824/1022/815
f 820/992/816 819/989/816 838/1020/816 839/1023/816
f 813/993/817 812/990/817 831/1021/817 832/1024/817
f 806/994/818 805/991/818 824/1022/818 825/1005/818
f 573/1025/819 820/992/819 839/1023/819
f 814/996/820 813/993/820 832/1024/820 833/1007/820
f 822/1016/821 821/1013/821 840/1026/821 841/1027/821
f 837/1017/822 836/1014/822 855/1028/822 856/1029/822
f 830/1018/823 829/1015/823 848/1030/823 849/1031/823
f 823/1019/824 822/1016/824 841/1027/824 842/1032/824
f 838/1020/825 837/1017/825 856/1029/825 857/1033/825
f 831/1021/826 830/1018/826 849/1031/826 850/1034/826
f 824/1022/827 823/1019/827 842/1032/827 843/1035/827
f 839/1023/828 838/1020/828 857/1033/828 858/1036/828
f 832/1024/829 831/1021/829 850/1034/829 851/1037/829
f 825/1005/830 824/1022/830 843/1035/830 844/1038/830
f 573/1039/831 839/1023/831 858/1036/831
f 833/1007/832 832/1024/832 851/1037/832 852/1040/832
f 826/1006/833 825/1005/833 844/1038/833 845/1041/833
f 834/1008/834 833/1007/834 852/1040/834 853/1042/834
f 827/1009/835 826/1006/835 845/1041/835 846/1043/835
f 835/1010/836 834/1008/836 853/1042/836 854/1044/836
f 828/1011/837 827/1009/837 846/1043/837 847/1045/837
f 821/1013/838 561/1046/838 840/1026/838
f 836/1014/839 835/1010/839 854/1044/839 855/1028/839
f 829/1015/840 828/1011/840 847/1045/840 848/1030/840
f 573/1047/841 858/1036/841 877/1048/841
f 852/1040/842 851/1037/842 870/1049/842 871/1050/842
f 845/1041/843 844/1038/843 863/1051/843 864/1052/843
f 853/1042/844 852/1040/844 871/1050/844 872/1053/844
f 846/1043/845 845/1041/845 864/1052/845 865/1054/845
f 854/1044/846 853/1042/846 872/1053/846 873/1055/846
f 847/1045/847 846/1043/847 865/1054/847 866/1056/847
f 840/1026/848 561/1057/848 859/1058/848
f 855/1028/849 854/1044/849 873/1055/849 874/1059/849
f 848/1030/850 847/1045/850 866/1056/850 867/1060/850
f 841/1027/851 840/1026/851 859/1058/851 860/1061/851
f 856/1029/852 855/1028/852 874/1059/852 875/1062/852
f 849/1031/853 848/1030/853 867/1060/853 868/1063/853
f 842/1032/854 841/1027/854 860/1061/854 861/1064/854
f 857/1033/855 856/1029/855 875/1062/855 876/1065/855
f 850/1034/856 849/1031/856 868/1063/856 869/1066/856
f 843/1035/857 842/1032/857 861/1064/857 862/1067/857
f 858/1036/858 857/1033/858 876/1065/858 877/1048/858
f 851/1037/859 850/1034/859 869/1066/859 870/1049/859
f 844/1038/860 843/1035/860 862/1067/860 863/1051/860
f 874/1059/861 873/1055/861 892/1068/861 893/1069/861
f 867/1060/862 866/1056/862 885/1070/862 886/1071/862
f 860/1061/863 859/1058/863 878/1072/863 879/1073/863
f 875/1062/864 874/1059/864 893/1069/864 894/1074/864
f 868/1063/865 867/1060/865 886/1071/865 887/1075/865
f 861/1064/866 860/1061/866 879/1073/866 880/1076/866
f 876/1065/867 875/1062/867 894/1074/867 895/1077/867
f 869/1066/868 868/1063/868 887/1075/868 888/1078/868
f 862/1067/869 861/1064/869 880/1076/869 881/1079/869
f 877/1048/870 876/1065/870 895/1077/870 896/1080/870
f 870/1049/871 869/1066/871 888/1078/871 889/1081/871
f 863/1051/872 862/1067/872 881/1079/872 882/1082/872
f 573/1083/873 877/1048/873 896/1080/873
f 871/1050/874 870/1049/874 889/1081/874 890/1084/874
f 864/1052/875 863/1051/875 882/1082/875 883/1085/875
f 872/1053/876 871/1050/876 890/1084/876 891/1086/876
f 865/1054/877 864/1052/877 883/1085/877 884/1087/877
f 873/1055/878 872/1053/878 891/1086/878 892/1068/878
f 866/1056/879 865/1054/879 884/1087/879 885/1070/879
f 859/1058/880 561/1088/880 878/1072/880
f 889/1081/881 888/1078/881 907/1089/881 908/1090/881
f 882/1082/882 881/1079/882 900/1091/882 901/1092/882
f 573/1093/883 896/1080/883 915/1094/883
f 890/1084/884 889/1081/884 908/1090/884 909/1095/884
f 883/1085/885 882/1082/885 901/1092/885 902/1096/885
f 891/1086/886 890/1084/886 909/1095/886 910/1097/886
f 884/1087/887 883/1085/887 902/1096/887 903/1098/887
f 892/1068/888 891/1086/888 910/1097/888 911/1099/888
f 885/1070/889 884/1087/889 903/1098/889 904/1100/889
f 878/1072/890 561/1101/890 897/1102/890
f 893/1069/891 892/1068/891 911/1099/891 912/1103/891
f 886/1071/892 885/1070/892 904/1100/892 905/1104/892
f 879/1073/893 878/1072/893 897/1102/893 898/1105/893
f 894/1074/894 893/1069/894 912/1103/894 913/1106/894
f 887/1075/895 886/1071/895 905/1104/895 906/1107/895
f 880/1076/896 879/1073/896 898/1105/896 899/1108/896
f 895/1077/897 894/1074/897 913/1106/897 914/1109/897
f 888/1078/898 887/1075/898 906/1107/898 907/1089/898
f 881/1079/899 880/1076/899 899/1108/899 900/1091/899
f 896/1080/900 895/1077/900 914/1109/900 915/1094/900
f 904/1100/901 903/1098/901 922/1110/901 923/1111/901
f 897/1102/902 561/1112/902 916/1113/902
f 912/1103/903 911/1099/903 930/1114/903 931/1115/903
f 905/1104/904 904/1100/904 923/1111/904 924/1116/904
f 898/1105/905 897/1102/905 916/1113/905 917/1117/905
f 913/1106/906 912/1103/906 931/1115/906 932/1118/906
f 906/1107/907 905/1104/907 924/1116/907 925/1119/907
f 899/1108/908 898/1105/908 917/1117/908 918/1120/908
f 914/1109/909 913/1106/909 932/1118/909 933/1121/909
f 907/1089/910 906/1107/910 925/1119/910 926/1122/910
f 900/1091/911 899/1108/911 918/1120/911 919/1123/911
f 915/1094/912 914/1109/912 933/1121/912 934/1124/912
f 908/1090/913 907/1089/913 926/1122/913 927/1125/913
f 901/1092/914 900/1091/914 919/1123/914 920/1126/914
f 573/1127/915 915/1094/915 934/1124/915
f 909/1095/916 908/1090/916 927/1125/916 928/1128/916
f 902/1096/917 901/1092/917 920/1126/917 921/1129/917
f 910/1097/918 909/1095/918 928/1128/918 929/1130/918
f 903/1098/919 902/1096/919 921/1129/919 922/1110/919
f 911/1099/920 910/1097/920 929/1130/920 930/1114/920
f 919/1123/921 918/1120/921 937/1131/921 938/1132/921
f 934/1124/922 933/1121/922 952/1133/922 953/1134/922
f 927/1125/923 926/1122/923 945/1135/923 946/1136/923
f 920/1126/924 919/1123/924 938/1132/924 939/1137/924
f 573/1138/925 934/1124/925 953/1134/925
f 928/1128/926 927/1125/926 946/1136/926 947/1139/926
f 921/1129/927 920/1126/927 939/1137/927 940/1140/927
f 929/1130/928 928/1128/928 947/1139/928 948/1141/928
f 922/1110/929 921/1129/929 940/1140/929 941/1142/929
f 930/1114/930 929/1130/930 948/1141/930 949/1143/930
f 923/1111/931 922/1110/931 941/1142/931 942/1144/931
f 916/1113/932 561/1145/932 935/1146/932
f 931/1115/933 930/1114/933 949/1143/933 950/1147/933
f 924/1116/934 923/1111/934 942/1144/934 943/1148/934
f 917/1117/935 916/1113/935 935/1146/935 936/1149/935
f 932/1118/936 931/1115/936 950/1147/936 951/1150/936
f 925/1119/937 924/1116/937 943/1148/937 944/1151/937
f 918/1120/938 917/1117/938 936/1149/938 937/1131/938
f 933/1121/939 932/1118/939 951/1150/939 952/1133/939
f 926/1122/940 925/1119/940 944/1151/940 945/1135/940
f 949/1143/941 948/1141/941 967/1152/941 968/1153/941
f 942/1144/942 941/1142/942 960/1154/942 961/1155/942
f 935/1146/943 561/1156/943 954/1157/943
f 950/1147/944 949/1143/944 968/1153/944 969/1158/944
f 943/1148/945 942/1144/945 961/1155/945 962/1159/945
f 936/1149/946 935/1146/946 954/1157/946 955/1160/946
f 951/1150/947 950/1147/947 969/1158/947 970/1161/947
f 944/1151/948 943/1148/948 962/1159/948 963/1162/948
f 937/1131/949 936/1149/949 955/1160/949 956/1163/949
f 952/1133/950 951/1150/950 970/1161/950 971/1164/950
f 945/1135/951 944/1151/951 963/1162/951 964/1165/951
f 938/1132/952 937/1131/952 956/1163/952 957/1166/952
f 953/1134/953 952/1133/953 971/1164/953 972/1167/953
f 946/1136/954 945/1135/954 964/1165/954 965/1168/954
f 939/1137/955 938/1132/955 957/1166/955 958/1169/955
f 573/1170/956 953/1134/956 972/1167/956
f 947/1139/957 946/1136/957 965/1168/957 966/1171/957
f 940/1140/958 939/1137/958 958/1169/958 959/1172/958
f 948/1141/959 947/1139/959 966/1171/959 967/1152/959
f 941/1142/960 940/1140/960 959/1172/960 960/1154/960
f 964/1165/961 963/1162/961 982/1173/961 983/1174/961
f 957/1166/962 956/1163/962 975/1175/962 976/1176/962
f 972/1167/963 971/1164/963 990/1177/963 991/1178/963
f 965/1168/964 964/1165/964 983/1174/964 984/1179/964
f 958/1169/965 957/1166/965 976/1176/965 977/1180/965
f 573/1181/966 972/1167/966 991/1178/966
f 966/1171/967 965/1168/967 984/1179/967 985/1182/967
f 959/1172/968 958/1169/968 977/1180/968 978/1183/968
f 967/1152/969 966/1171/969 985/1182/969 986/1184/969
f 960/1154/970 959/1172/970 978/1183/970 979/1185/970
f 968/1153/971 967/1152/971 986/1184/971 987/1186/971
f 961/1155/972 960/1154/972 979/1185/972 980/1187/972
f 954/1157/973 561/1188/973 973/1189/973
f 969/1158/974 968/1153/974 987/1186/974 988/1190/974
f 962/1159/975 961/1155/975 980/1187/975 981/1191/975
f 955/1160/976 954/1157/976 973/1189/976 974/1192/976
f 970/1161/977 969/1158/977 988/1190/977 989/1193/977
f 963/1162/978 962/1159/978 981/1191/978 982/1173/978
f 956/1163/979 955/1160/979 974/1192/979 975/1175/979
f 971/1164/980 970/1161/980 989/1193/980 990/1177/980
f 979/1185/981 978/1183/981 997/1194/981 998/1195/981
f 987/1186/982 986/1184/982 1005/1196/982 1006/1197/982
f 980/1187/983 979/1185/983 998/1195/983 999/1198/983
f 973/1189/984 561/1199/984 992/1200/984
f 988/1190/985 987/1186/985 1006/1197/985 1007/1201/985
f 981/1191/986 980/1187/986 999/1198/986 1000/1202/986
f 974/1192/987 973/1189/987 992/1200/987 993/1203/987
f 989/1193/988 988/1190/988 1007/1201/988 1008/1204/988
f 982/1173/989 981/1191/989 1000/1202/989 1001/1205/989
f 975/1175/990 974/1192/990 993/1203/990 994/1206/990
f 990/1177/991 989/1193/991 1008/1204/991 1009/1207/991
f 983/1174/992 982/1173/992 1001/1205/992 1002/1208/992
f 976/1176/993 975/1175/993 994/1206/993 995/1209/993
f 991/1178/994 990/1177/994 1009/1207/994 1010/1210/994
f 984/1179/995 983/1174/995 1002/1208/995 1003/1211/995
f 977/1180/996 976/1176/996 995/1209/996 996/1212/996
f 573/1213/997 991/1178/997 1010/1210/997
f 985/1182/998 984/1179/998 1003/1211/998 1004/1214/998
f 978/1183/999 977/1180/999 996/1212/999 997/1194/999
f 986/1184/1000 985/1182/1000 1004/1214/1000 1005/1196/1000
f 994/1206/1001 993/1203/1001 1012/1215/1001 1013/1216/1001
f 1009/1207/1002 1008/1204/1002 1027/1217/1002 1028/1218/1002
f 1002/1208/1003 1001/1205/1003 1020/1219/1003 1021/1220/1003
f 995/1209/1004 994/1206/1004 1013/1216/1004 1014/1221/1004
f 1010/1210/1005 1009/1207/1005 1028/1218/1005 1029/1222/1005
f 1003/1211/1006 1002/1208/1006 1021/1220/1006 1022/1223/1006
f 996/1212/1007 995/1209/1007 1014/1221/1007 1015/1224/1007
f 573/1225/1008 1010/1210/1008 1029/1222/1008
f 1004/1214/1009 1003/1211/1009 1022/1223/1009 1023/1226/1009
f 997/1194/1010 996/1212/1010 1015/1224/1010 1016/1227/1010
f 1005/1196/1011 1004/1214/1011 1023/1226/1011 1024/1228/1011
f 998/1195/1012 997/1194/1012 1016/1227/1012 1017/1229/1012
f 1006/1197/1013 1005/1196/1013 1024/1228/1013 1025/1230/1013
f 999/1198/1014 998/1195/1014 1017/1229/1014 1018/1231/1014
f 992/1200/1015 561/1232/1015 1011/1233/1015
f 1007/1201/1016 1006/1197/1016 1025/1230/1016 1026/1234/1016
f 1000/1202/1017 999/1198/1017 1018/1231/1017 1019/1235/1017
f 993/1203/1018 992/1200/1018 1011/1233/1018 1012/1215/1018
f 1008/1204/1019 1007/1201/1019 1026/1234/1019 1027/1217/1019
f 1001/1205/1020 1000/1202/1020 1019/1235/1020 1020/1219/1020
f 1024/1236/1021 1023/1237/1021 1042/1238/1021 1043/1239/1021
f 1017/1240/1022 1016/1241/1022 1035/1242/1022 1036/1243/1022
f 1025/1244/1023 1024/1236/1023 1043/1239/1023 1044/1245/1023
f 1018/1246/1024 1017/1240/1024 1036/1243/1024 1037/1247/1024
f 1011/1248/1025 561/1249/1025 1030/1250/1025
f 1026/1251/1026 1025/1244/1026 1044/1245/1026 1045/1252/1026
f 1019/1253/1027 1018/1246/1027 1037/1247/1027 1038/1254/1027
f 1012/1255/1028 1011/1248/1028 1030/1250/1028 1031/1256/1028
f 1027/1257/1029 1026/1251/1029 1045/1252/1029 1046/1258/1029
f 1020/1259/1030 1019/1253/1030 1038/1254/1030 1039/1260/1030
f 1013/1261/1031 1012/1255/1031 1031/1256/1031 1032/1262/1031
f 1028/1263/1032 1027/1257/1032 1046/1258/1032 1047/1264/1032
f 1021/1265/1033 1020/1259/1033 1039/1260/1033 1040/1266/1033
f 1014/1267/1034 1013/1261/1034 1032/1262/1034 1033/1268/1034
f 1029/1269/1035 1028/1263/1035 1047/1264/1035 1048/1270/1035
f 1022/1271/1036 1021/1265/1036 1040/1266/1036 1041/1272/1036
f 1015/1273/1037 1014/1267/1037 1033/1268/1037 1034/1274/1037
f 573/1275/1038 1029/1269/1038 1048/1270/1038
f 1023/1237/1039 1022/1271/1039 1041/1272/1039 1042/1238/1039
f 1016/1241/1040 1015/1273/1040 1034/1274/1040 1035/1242/1040
f 1046/1258/1041 1045/1252/1041 1064/1276/1041 1065/1277/1041
f 1039/1260/1042 1038/1254/1042 1057/1278/1042 1058/1279/1042
f 1032/1262/1043 1031/1256/1043 1050/1280/1043 1051/1281/1043
f 1047/1264/1044 1046/1258/1044 1065/1277/1044 1066/1282/1044
f 1040/1266/1045 1039/1260/1045 1058/1279/1045 1059/1283/1045
f 1033/1268/1046 1032/1262/1046 1051/1281/1046 1052/1284/1046
f 1048/1270/1047 1047/1264/1047 1066/1282/1047 1067/1285/1047
f 1041/1272/1048 1040/1266/1048 1059/1283/1048 1060/1286/1048
f 1034/1274/1049 1033/1268/1049 1052/1284/1049 1053/1287/1049
f 573/1288/1050 1048/1270/1050 1067/1285/1050
f 1042/1238/1051 1041/1272/1051 1060/1286/1051 1061/1289/1051
f 1035/1242/1052 1034/1274/1052 1053/1287/1052 1054/1290/1052
f 1043/1239/1053 1042/1238/1053 1061/1289/1053 1062/1291/1053
f 1036/1243/1054 1035/1242/1054 1054/1290/1054 1055/1292/1054
f 1044/1245/1055 1043/1239/1055 1062/1291/1055 1063/1293/1055
f 1037/1247/1056 1036/1243/1056 1055/1292/1056 1056/1294/1056
f 1030/1250/1057 561/1295/1057 1049/1296/1057
f 1045/1252/1058 1044/1245/1058 1063/1293/1058 1064/1276/1058
f 1038/1254/1059 1037/1247/1059 1056/1294/1059 1057/1278/1059
f 1031/1256/1060 1030/1250/1060 1049/1296/1060 1050/1280/1060
f 1061/1289/1061 1060/1286/1061 1079/1297/1061 1080/1298/1061
f 1054/1290/1062 1053/1287/1062 1072/1299/1062 1073/1300/1062
f 1062/1291/1063 1061/1289/1063 1080/1298/1063 1081/1301/1063
f 1055/1292/1064 1054/1290/1064 1073/1300/1064 1074/1302/1064
f 1063/1293/1065 1062/1291/1065 1081/1301/1065 1082/1303/1065
f 1056/1294/1066 1055/1292/1066 1074/1302/1066 1075/1304/1066
f 1049/1296/1067 561/1305/1067 1068/1306/1067
f 1064/1276/1068 1063/1293/1068 1082/1303/1068 1083/1307/1068
f 1057/1278/1069 1056/1294/1069 1075/1304/1069 1076/1308/1069
f 1050/1280/1070 1049/1296/1070 1068/1306/1070 1069/1309/1070
f 1065/1277/1071 1064/1276/1071 1083/1307/1071 1084/1310/1071
f 1058/1279/1072 1057/1278/1072 1076/1308/1072 1077/1311/1072
f 1051/1281/1073 1050/1280/1073 1069/1309/1073 1070/1312/1073
f 1066/1282/1074 1065/1277/1074 1084/1310/1074 1085/1313/1074
f 1059/1283/1075 1058/1279/1075 1077/1311/1075 1078/1314/1075
f 1052/1284/1076 1051/1281/1076 1070/1312/1076 1071/1315/1076
f 1067/1285/1077 1066/1282/1077 1085/1313/1077 1086/1316/1077
f 1060/1286/1078 1059/1283/1078 1078/1314/1078 1079/1297/1078
f 1053/1287/1079 1052/1284/1079 1071/1315/1079 1072/1299/1079
f 573/1317/1080 1067/1285/1080 1086/1316/1080
f 1076/1308/1081 1075/1304/1081 1094/1318/1081 1095/1319/1081
f 1069/1309/1082 1068/1306/1082 1087/1320/1082 1088/1321/1082
f 1084/1310/1083 1083/1307/1083 1102/1322/1083 1103/1323/1083
f 1077/1311/1084 1076/1308/1084 1095/1319/1084 1096/1324/1084
f 1070/1312/1085 1069/1309/1085 1088/1321/1085 1089/1325/1085
f 1085/1313/1086 1084/1310/1086 1103/1323/1086 1104/1326/1086
f 1078/1314/1087 1077/1311/1087 1096/1324/1087 1097/1327/1087
f 1071/1315/1088 1070/1312/1088 1089/1325/1088 1090/1328/1088
f 1086/1316/1089 1085/1313/1089 1104/1326/1089 1105/1329/1089
f 1079/1297/1090 1078/1314/1090 1097/1327/1090 1098/1330/1090
f 1072/1299/1091 1071/1315/1091 1090/1328/1091 1091/1331/1091
f 573/1332/1092 1086/1316/1092 1105/1329/1092
f 1080/1298/1093 1079/1297/1093 1098/1330/1093 1099/1333/1093
f 1073/1300/1094 1072/1299/1094 1091/1331/1094 1092/1334/1094
f 1081/1301/1095 1080/1298/1095 1099/1333/1095 1100/1335/1095
f 1074/1302/1096 1073/1300/1096 1092/1334/1096 1093/1336/1096
f 1082/1303/1097 1081/1301/1097 1100/1335/1097 1101/1337/1097
f 1075/1304/1098 1074/1302/1098 1093/1336/1098 1094/1318/1098
f 1068/1306/1099 561/1338/1099 1087/1320/1099
f 1083/1307/1100 1082/1303/1100 1101/1337/1100 1102/1322/1100
f 1091/1331/1101 1090/1328/1101 1109/1339/1101 1110/1340/1101
f 573/1341/1102 1105/1329/1102 1124/1342/1102
f 1099/1333/1103 1098/1330/1103 1117/1343/1103 1118/1344/1103
f 1092/1334/1104 1091/1331/1104 1110/1340/1104 1111/1345/1104
f 1100/1335/1105 1099/1333/1105 1118/1344/1105 1119/1346/1105
f 1093/1336/1106 1092/1334/1106 1111/1345/1106 1112/1347/1106
f 1101/1337/1107 1100/1335/1107 1119/1346/1107 1120/1348/1107
f 1094/1318/1108 1093/1336/1108 1112/1347/1108 1113/1349/1108
f 1087/1320/1109 561/1350/1109 1106/1351/1109
f 1102/1322/1110 1101/1337/1110 1120/1348/1110 1121/1352/1110
f 1095/1319/1111 1094/1318/1111 1113/1349/1111 1114/1353/1111
f 1088/1321/1112 1087/1320/1112 1106/1351/1112 1107/1354/1112
f 1103/1323/1113 1102/1322/1113 1121/1352/1113 1122/1355/1113
f 1096/1324/1114 1095/1319/1114 1114/1353/1114 1115/1356/1114
f 1089/1325/1115 1088/1321/1115 1107/1354/1115 1108/1357/1115
f 1104/1326/1116 1103/1323/1116 1122/1355/1116 1123/1358/1116
f 1097/1327/1117 1096/1324/1117 1115/1356/1117 1116/1359/1117
f 1090/1328/1118 1089/1325/1118 1108/1357/1118 1109/1339/1118
f 1105/1329/1119 1104/1326/1119 1123/1358/1119 1124/1342/1119
f 1098/1330/1120 1097/1327/1120 1116/1359/1120 1117/1343/1120
f 1106/1351/1121 561/1360/1121 1125/1361/1121
f 1121/1352/1122 1120/1348/1122 1139/1362/1122 1140/1363/1122
f 1114/1353/1123 1113/1349/1123 1132/1364/1123 1133/1365/1123
f 1107/1354/1124 1106/1351/1124 1125/1361/1124 1126/1366/1124
f 1122/1355/1125 1121/1352/1125 1140/1363/1125 1141/1367/1125
f 1115/1356/1126 1114/1353/1126 1133/1365/1126 1134/1368/1126
f 1108/1357/1127 1107/1354/1127 1126/1366/1127 1127/1369/1127
f 1123/1358/1128 1122/1355/1128 1141/1367/1128 1142/1370/1128
f 1116/1359/1129 1115/1356/1129 1134/1368/1129 1135/1371/1129
f 1109/1339/1130 1108/1357/1130 1127/1369/1130 1128/1372/1130
f 1124/1342/1131 1123/1358/1131 1142/1370/1131 1143/1373/1131
f 1117/1343/1132 1116/1359/1132 1135/1371/1132 1136/1374/1132
f 1110/1340/1133 1109/1339/1133 1128/1372/1133 1129/1375/1133
f 573/1376/1134 1124/1342/1134 1143/1373/1134
f 1118/1344/1135 1117/1343/1135 1136/1374/1135 1137/1377/1135
f 1111/1345/1136 1110/1340/1136 1129/1375/1136 1130/1378/1136
f 1119/1346/1137 1118/1344/1137 1137/1377/1137 1138/1379/1137
f 1112/1347/1138 1111/1345/1138 1130/1378/1138 1131/1380/1138
f 1120/1348/1139 1119/1346/1139 1138/1379/1139 1139/1362/1139
f 1113/1349/1140 1112/1347/1140 1131/1380/1140 1132/1364/1140
f 1136/1374/1141 1135/1371/1141 1154/1381/1141 1155/1382/1141
f 1129/1375/1142 1128/1372/1142 1147/1383/1142 1148/1384/1142
f 573/1385/1143 1143/1373/1143 1162/1386/1143
f 1137/1377/1144 1136/1374/1144 1155/1382/1144 1156/1387/1144
f 1130/1378/1145 1129/1375/1145 1148/1384/1145 1149/1388/1145
f 1138/1379/1146 1137/1377/1146 1156/1387/1146 1157/1389/1146
f 1131/1380/1147 1130/1378/1147 1149/1388/1147 1150/1390/1147
f 1139/1362/1148 1138/1379/1148 1157/1389/1148 1158/1391/1148
f 1132/1364/1149 1131/1380/1149 1150/1390/1149 1151/1392/1149
f 1125/1361/1150 561/1393/1150 1144/1394/1150
f 1140/1363/1151 1139/1362/1151 1158/1391/1151 1159/1395/1151
f 1133/1365/1152 1132/1364/1152 1151/1392/1152 1152/1396/1152
f 1126/1366/1153 1125/1361/1153 1144/1394/1153 1145/1397/1153
f 1141/1367/1154 1140/1363/1154 1159/1395/1154 1160/1398/1154
f 1134/1368/1155 1133/1365/1155 1152/1396/1155 1153/1399/1155
f 1127/1369/1156 1126/1366/1156 1145/1397/1156 1146/1400/1156
f 1142/1370/1157 1141/1367/1157 1160/1398/1157 1161/1401/1157
f 1135/1371/1158 1134/1368/1158 1153/1399/1158 1154/1381/1158
f 1128/1372/1159 1127/1369/1159 1146/1400/1159 1147/1383/1159
f 1143/1373/1160 1142/1370/1160 1161/1401/1160 1162/1386/1160
f 1151/1392/1161 1150/1390/1161 565/718/1161 1166/717/1161
f 1144/1394/1162 561/1402/1162 562/721/1162
f 1159/1395/1163 1158/1391/1163 570/713/1163 1169/724/1163
f 1152/1396/1164 1151/1392/1164 1166/717/1164 566/726/1164
f 1145/1397/1165 1144/1394/1165 562/721/1165 1163/728/1165
f 1160/1398/1166 1159/1395/1166 1169/724/1166 1170/730/1166
f 1153/1399/1167 1152/1396/1167 566/726/1167 1167/732/1167
f 1146/1400/1168 1145/1397/1168 1163/728/1168 1164/734/1168
f 1161/1401/1169 1160/1398/1169 1170/730/1169 571/736/1169
f 1154/1381/1170 1153/1399/1170 1167/732/1170 1168/738/1170
f 1147/1383/1171 1146/1400/1171 1164/734/1171 563/740/1171
f 1162/1386/1172 1161/1401/1172 571/736/1172 572/742/1172
f 1155/1382/1173 1154/1381/1173 1168/738/1173 567/744/1173
f 1148/1384/1174 1147/1383/1174 563/740/1174 1165/746/1174
f 573/1403/1175 1162/1386/1175 572/742/1175
f 1156/1387/1176 1155/1382/1176 567/744/1176 568/749/1176
f 1149/1388/1177 1148/1384/1177 1165/746/1177 564/751/1177
f 1157/1389/1178 1156/1387/1178 568/749/1178 569/714/1178
f 1150/1390/1179 1149/1388/1179 564/751/1179 565/718/1179
f 1158/1391/1180 1157/1389/1180 569/714/1180 570/713/1180
o male_EyePro
v -0.750000 1.545000 0.135000
v -0.750000 1.560000 0.150000
v -0.765000 1.560000 0.135000
v -0.750000 1.549393 0.145607
v -0.758660 1.551340 0.143660
v -0.760607 1.560000 0.145607
v -0.760607 1.549393 0.135000
v -0.750000 1.580000 0.150000
v -0.750000 1.595000 0.135000
v -0.765000 1.580000 0.135000
v -0.750000 1.590607 0.145607
v -0.758660 1.588660 0.143660
v -0.760607 1.590607 0.135000
v -0.760607 1.580000 0.145607
v -0.750000 1.545000 0.129000
v -0.765000 1.560000 0.129000
v -0.750000 1.560000 0.114000
v -0.760607 1.549393 0.129000
v -0.758660 1.551340 0.120340
v -0.760607 1.560000 0.118393
v -0.750000 1.549393 0.118393
v -0.750000 1.595000 0.129000
v -0.750000 1.580000 0.114000
v -0.765000 1.580000 0.129000
v -0.750000 1.590607 0.118393
v -0.758660 1.588660 0.120340
v -0.760607 1.580000 0.118393
v -0.760607 1.590607 0.129000
v -0.550000 1.545000 0.135000
v -0.535000 1.560000 0.135000
v -0.550000 1.560000 0.150000
v -0.539393 1.549393 0.135000
v -0.541340 1.551340 0.143660
v -0.539393 1.560000 0.145607
v -0.550000 1.549393 0.145607
v -0.550000 1.595000 0.135000
v -0.550000 1.580000 0.150000
v -0.535000 1.580000 0.135000
v -0.550000 1.590607 0.145607
v -0.541340 1.588660 0.143660
v -0.539393 1.580000 0.145607
v -0.539393 1.590607 0.135000
v -0.550000 1.545000 0.129000
v -0.550000 1.560000 0.114000
v -0.535000 1.560000 0.129000
v -0.550000 1.549393 0.118393
v -0.541340 1.551340 0.120340
v -0.539393 1.560000 0.118393
v -0.539393 1.549393 0.129000
v -0.550000 1.595000 0.129000
v -0.535000 1.580000 0.129000
v -0.550000 1.580000 0.114000
v -0.539393 1.590607 0.129000
v -0.541340 1.588660 0.120340
v -0.539393 1.580000 0.118393
v -0.550000 1.590607 0.118393
vn -0.3251 -0.8881 0.3251
vn -0.3251 -0.3251 0.8881
vn -0.8881 -0.3251 0.3251
vn -0.3251 0.3251 0.8881
vn -0.3251 0.8881 0.3251
vn -0.8881 0.3251 0.3251
vn -0.3251 -0.8881 -0.3251
vn -0.8881 -0.3251 -0.3251
vn -0.3251 -0.3251 -0.8881
vn -0.3251 0.8881 -0.3251
vn -0.3251 0.3251 -0.8881
vn -0.8881 0.3251 -0.3251
vn 0.3251 -0.8881 0.3251
vn 0.8881 -0.3251 0.3251
vn 0.3251 -0.3251 0.8881
vn 0.3251 0.8881 0.3251
vn 0.3251 0.3251 0.8881
vn 0.8881 0.3251 0.3251
vn 0.3251 -0.8881 -0.3251
vn 0.3251 -0.3251 -0.8881
vn 0.8881 -0.3251 -0.3251
vn 0.3251 0.8881 -0.3251
vn 0.8881 0.3251 -0.3251
vn 0.3251 0.3251 -0.8881
vn -0.3827 -0.9239 -0.0000
vn -0.9239 -0.3827 -0.0000
vn -0.3827 -0.0000 0.9239
vn -0.9239 -0.0000 0.3827
vn -0.3827 0.9239 -0.0000
vn -0.9239 0.3827 -0.0000
vn -0.3827 -0.0000 -0.9239
vn -0.9239 -0.0000 -0.3827
vn -0.0000 -0.9239 -0.3827
vn -0.0000 -0.3827 -0.9239
vn -0.0000 0.9239 -0.3827
vn -0.0000 0.3827 -0.9239
vn 0.9239 -0.0000 -0.3827
vn 0.3827 -0.0000 -0.9239
vn 0.3827 -0.9239 -0.0000
vn 0.9239 -0.3827 -0.0000
vn 0.3827 0.9239 -0.0000
vn 0.9239 0.3827 -0.0000
vn 0.3827 -0.0000 0.9239
vn 0.9239 -0.0000 0.3827
vn -0.0000 -0.9239 0.3827
vn -0.0000 -0.3827 0.9239
vn -0.0000 0.9239 0.3827
vn -0.0000 0.3827 0.9239
vn -0.0000 -1.0000 -0.0000
vn -1.0000 -0.0000 -0.0000
vn -0.0000 -0.0000 1.0000
vn -0.0000 1.0000 -0.0000
vn -0.0000 -0.0000 -1.0000
vn 1.0000 -0.0000 -0.0000
vt 0.141304 0.645833
vt 0.141304 0.750000
vt 0.131891 0.750000
vt 0.125000 0.645833
vt 0.450000 0.983696
vt 0.450000 1.000000
vt 0.406699 1.000000
vt 0.375000 0.983696
vt 0.450000 0.104167
vt 0.375000 0.104167
vt 0.375000 0.044026
vt 0.450000 0.000000
vt 0.550000 0.983696
vt 0.625000 0.983696
vt 0.625000 0.993109
vt 0.550000 1.000000
vt 0.858696 0.645833
vt 0.875000 0.645833
vt 0.875000 0.705974
vt 0.858696 0.750000
vt 0.550000 0.104167
vt 0.550000 0.000000
vt 0.593301 0.000000
vt 0.625000 0.104167
vt 0.141304 0.604167
vt 0.125000 0.604167
vt 0.125000 0.544026
vt 0.141304 0.500000
vt 0.450000 0.145833
vt 0.450000 0.250000
vt 0.390849 0.253446
vt 0.375000 0.145833
vt 0.450000 0.266304
vt 0.375000 0.266304
vt 0.858696 0.604167
vt 0.858696 0.500000
vt 0.868109 0.500000
vt 0.875000 0.604167
vt 0.550000 0.266304
vt 0.550000 0.250000
vt 0.609151 0.227987
vt 0.625000 0.266304
vt 0.550000 0.145833
vt 0.625000 0.145833
vt 0.358696 0.645833
vt 0.375000 0.645833
vt 0.385566 0.737622
vt 0.366848 0.758152
vt 0.450000 0.645833
vt 0.450000 0.750000
vt 0.450000 0.766304
vt 0.641304 0.645833
vt 0.633152 0.758152
vt 0.616731 0.735325
vt 0.625000 0.645833
vt 0.550000 0.766304
vt 0.550000 0.750000
vt 0.550000 0.645833
vt 0.358696 0.604167
vt 0.366848 0.491848
vt 0.383269 0.514675
vt 0.375000 0.604167
vt 0.450000 0.483696
vt 0.450000 0.500000
vt 0.450000 0.604167
vt 0.641304 0.604167
vt 0.625000 0.604167
vt 0.614434 0.512378
vt 0.633152 0.491848
vt 0.550000 0.604167
vt 0.550000 0.500000
vt 0.550000 0.483696
s 0
usemtl MAT_OpticGlass
f 1171/1404/1181 1174/1405/1181 1175/1406/1181 1177/1407/1181
f 1172/1408/1182 1176/1409/1182 1175/1410/1182 1174/1411/1182
f 1173/1412/1183 1177/1413/1183 1175/1414/1183 1176/1415/1183
f 1178/1416/1184 1181/1417/1184 1182/1418/1184 1184/1419/1184
f 1179/1420/1185 1183/1421/1185 1182/1422/1185 1181/1423/1185
f 1180/1424/1186 1184/1425/1186 1182/1426/1186 1183/1427/1186
f 1185/1428/1187 1188/1429/1187 1189/1430/1187 1191/1431/1187
f 1186/1432/1188 1190/1433/1188 1189/1434/1188 1188/1435/1188
f 1187/1436/1189 1191/1437/1189 1189/1434/1189 1190/1433/1189
f 1192/1438/1190 1195/1439/1190 1196/1440/1190 1198/1441/1190
f 1193/1442/1191 1197/1443/1191 1196/1444/1191 1195/1445/1191
f 1194/1446/1192 1198/1447/1192 1196/1444/1192 1197/1443/1192
f 1199/1448/1193 1202/1449/1193 1203/1450/1193 1205/1451/1193
f 1200/1452/1194 1204/1453/1194 1203/1450/1194 1202/1449/1194
f 1201/1454/1195 1205/1451/1195 1203/1450/1195 1204/1453/1195
f 1206/1455/1196 1209/1456/1196 1210/1457/1196 1212/1458/1196
f 1207/1459/1197 1211/1460/1197 1210/1457/1197 1209/1456/1197
f 1208/1461/1198 1212/1458/1198 1210/1457/1198 1211/1460/1198
f 1213/1462/1199 1216/1463/1199 1217/1464/1199 1219/1465/1199
f 1214/1466/1200 1218/1467/1200 1217/1464/1200 1216/1463/1200
f 1215/1468/1201 1219/1465/1201 1217/1464/1201 1218/1467/1201
f 1220/1469/1202 1223/1470/1202 1224/1471/1202 1226/1472/1202
f 1221/1473/1203 1225/1474/1203 1224/1471/1203 1223/1470/1203
f 1222/1475/1204 1226/1472/1204 1224/1471/1204 1225/1474/1204
f 1185/1428/1205 1171/1404/1205 1177/1407/1205 1188/1429/1205
f 1188/1435/1206 1177/1413/1206 1173/1412/1206 1186/1432/1206
f 1172/1408/1207 1178/1416/1207 1184/1419/1207 1176/1409/1207
f 1176/1415/1208 1184/1425/1208 1180/1424/1208 1173/1412/1208
f 1179/1420/1209 1192/1438/1209 1198/1441/1209 1183/1421/1209
f 1183/1427/1210 1198/1447/1210 1194/1446/1210 1180/1424/1210
f 1193/1442/1211 1187/1436/1211 1190/1433/1211 1197/1443/1211
f 1197/1443/1212 1190/1433/1212 1186/1432/1212 1194/1446/1212
f 1213/1462/1213 1185/1428/1213 1191/1431/1213 1216/1463/1213
f 1216/1463/1214 1191/1437/1214 1187/1436/1214 1214/1466/1214
f 1192/1438/1215 1220/1469/1215 1226/1472/1215 1195/1439/1215
f 1195/1445/1216 1226/1472/1216 1222/1475/1216 1193/1442/1216
f 1221/1473/1217 1215/1468/1217 1218/1467/1217 1225/1474/1217
f 1225/1474/1218 1218/1467/1218 1214/1466/1218 1222/1475/1218
f 1199/1448/1219 1213/1462/1219 1219/1465/1219 1202/1449/1219
f 1202/1449/1220 1219/1465/1220 1215/1468/1220 1200/1452/1220
f 1220/1469/1221 1206/1455/1221 1212/1458/1221 1223/1470/1221
f 1223/1470/1222 1212/1458/1222 1208/1461/1222 1221/1473/1222
f 1207/1459/1223 1201/1454/1223 1204/1453/1223 1211/1460/1223
f 1211/1460/1224 1204/1453/1224 1200/1452/1224 1208/1461/1224
f 1171/1404/1225 1199/1448/1225 1205/1451/1225 1174/1405/1225
f 1174/1411/1226 1205/1451/1226 1201/1454/1226 1172/1408/1226
f 1206/1455/1227 1179/1420/1227 1181/1423/1227 1209/1456/1227
f 1209/1456/1228 1181/1417/1228 1178/1416/1228 1207/1459/1228
f 1185/1428/1229 1213/1462/1229 1199/1448/1229 1171/1404/1229
f 1173/1412/1230 1180/1424/1230 1194/1446/1230 1186/1432/1230
f 1201/1454/1231 1207/1459/1231 1178/1416/1231 1172/1408/1231
f 1220/1469/1232 1192/1438/1232 1179/1420/1232 1206/1455/1232
f 1187/1436/1233 1193/1442/1233 1222/1475/1233 1214/1466/1233
f 1215/1468/1234 1221/1473/1234 1208/1461/1234 1200/1452/1234
o male_EarPro_-0.155
v -0.822500 1.570000 -0.017813
v -0.807500 1.570000 -0.033000
v -0.818107 1.570000 -0.028552
v -0.787500 1.570000 -0.017813
v -0.802500 1.570000 -0.033000
v -0.791893 1.570000 -0.028552
v -0.822500 1.562950 -0.016696
v -0.807500 1.558257 -0.031140
v -0.818107 1.559632 -0.026910
v -0.787500 1.562950 -0.016696
v -0.802500 1.558257 -0.031140
v -0.791893 1.559632 -0.026910
v -0.822500 1.556591 -0.013456
v -0.807500 1.547664 -0.025743
v -0.818107 1.550279 -0.022144
v -0.787500 1.556591 -0.013456
v -0.802500 1.547664 -0.025743
v -0.791893 1.550279 -0.022144
v -0.822500 1.551544 -0.008409
v -0.807500 1.539257 -0.017336
v -0.818107 1.542856 -0.014721
v -0.787500 1.551544 -0.008409
v -0.802500 1.539257 -0.017336
v -0.791893 1.542856 -0.014721
v -0.822500 1.548304 -0.002050
v -0.807500 1.533860 -0.006743
v -0.818107 1.538090 -0.005368
v -0.787500 1.548304 -0.002050
v -0.802500 1.533860 -0.006743
v -0.791893 1.538090 -0.005368
v -0.822500 1.547187 0.005000
v -0.807500 1.532000 0.005000
v -0.818107 1.536448 0.005000
v -0.787500 1.547187 0.005000
v -0.802500 1.532000 0.005000
v -0.791893 1.536448 0.005000
v -0.822500 1.548304 0.012050
v -0.807500 1.533860 0.016743
v -0.818107 1.538090 0.015368
v -0.787500 1.548304 0.012050
v -0.802500 1.533860 0.016743
v -0.791893 1.538090 0.015368
v -0.822500 1.551544 0.018409
v -0.807500 1.539257 0.027336
v -0.818107 1.542856 0.024721
v -0.787500 1.551544 0.018409
v -0.802500 1.539257 0.027336
v -0.791893 1.542856 0.024721
v -0.822500 1.556591 0.023456
v -0.807500 1.547664 0.035743
v -0.818107 1.550279 0.032144
v -0.787500 1.556591 0.023456
v -0.802500 1.547664 0.035743
v -0.791893 1.550279 0.032144
v -0.822500 1.562950 0.026696
v -0.807500 1.558257 0.041140
v -0.818107 1.559632 0.036910
v -0.787500 1.562950 0.026696
v -0.802500 1.558257 0.041140
v -0.791893 1.559632 0.036910
v -0.822500 1.570000 0.027813
v -0.807500 1.570000 0.043000
v -0.818107 1.570000 0.038552
v -0.787500 1.570000 0.027813
v -0.802500 1.570000 0.043000
v -0.791893 1.570000 0.038552
v -0.822500 1.577050 0.026696
v -0.807500 1.581743 0.041140
v -0.818107 1.580368 0.036910
v -0.787500 1.577050 0.026696
v -0.802500 1.581743 0.041140
v -0.791893 1.580368 0.036910
v -0.822500 1.583409 0.023456
v -0.807500 1.592336 0.035743
v -0.818107 1.589721 0.032144
v -0.787500 1.583409 0.023456
v -0.802500 1.592336 0.035743
v -0.791893 1.589721 0.032144
v -0.822500 1.588456 0.018409
v -0.807500 1.600743 0.027336
v -0.818107 1.597144 0.024721
v -0.787500 1.588456 0.018409
v -0.802500 1.600743 0.027336
v -0.791893 1.597144 0.024721
v -0.822500 1.591697 0.012050
v -0.807500 1.606140 0.016743
v -0.818107 1.601910 0.015368
v -0.787500 1.591697 0.012050
v -0.802500 1.606140 0.016743
v -0.791893 1.601910 0.015368
v -0.822500 1.592813 0.005000
v -0.807500 1.608000 0.005000
v -0.818107 1.603552 0.005000
v -0.787500 1.592813 0.005000
v -0.802500 1.608000 0.005000
v -0.791893 1.603552 0.005000
v -0.822500 1.591697 -0.002050
v -0.807500 1.606140 -0.006743
v -0.818107 1.601910 -0.005368
v -0.787500 1.591697 -0.002050
v -0.802500 1.606140 -0.006743
v -0.791893 1.601910 -0.005368
v -0.822500 1.588456 -0.008409
v -0.807500 1.600743 -0.017336
v -0.818107 1.597144 -0.014721
v -0.787500 1.588456 -0.008409
v -0.802500 1.600743 -0.017336
v -0.791893 1.597144 -0.014721
v -0.822500 1.583409 -0.013456
v -0.807500 1.592336 -0.025743
v -0.818107 1.589721 -0.022144
v -0.787500 1.583409 -0.013456
v -0.802500 1.592336 -0.025743
v -0.791893 1.589721 -0.022144
v -0.822500 1.577050 -0.016696
v -0.807500 1.581743 -0.031140
v -0.818107 1.580368 -0.026910
v -0.787500 1.577050 -0.016696
v -0.802500 1.581743 -0.031140
v -0.791893 1.580368 -0.026910
vn -0.3827 -0.1445 -0.9125
vn -0.9239 -0.0599 -0.3780
vn 0.3827 -0.1445 -0.9125
vn 0.9239 -0.0599 -0.3780
vn -0.3827 -0.4194 -0.8232
vn -0.9239 -0.1737 -0.3410
vn 0.3827 -0.4194 -0.8232
vn 0.9239 -0.1737 -0.3410
vn -0.3827 -0.6533 -0.6533
vn -0.9239 -0.2706 -0.2706
vn 0.3827 -0.6533 -0.6533
vn 0.9239 -0.2706 -0.2706
vn -0.3827 -0.8232 -0.4194
vn -0.9239 -0.3410 -0.1737
vn 0.3827 -0.8232 -0.4194
vn 0.9239 -0.3410 -0.1737
vn -0.3827 -0.9125 -0.1445
vn -0.9239 -0.3780 -0.0599
vn 0.3827 -0.9125 -0.1445
vn 0.9239 -0.3780 -0.0599
vn -0.3827 -0.9125 0.1445
vn -0.9239 -0.3780 0.0599
vn 0.3827 -0.9125 0.1445
vn 0.9239 -0.3780 0.0599
vn -0.3827 -0.8232 0.4194
vn -0.9239 -0.3410 0.1737
vn 0.3827 -0.8232 0.4194
vn 0.9239 -0.3410 0.1737
vn -0.3827 -0.6533 0.6533
vn -0.9239 -0.2706 0.2706
vn 0.3827 -0.6533 0.6533
vn 0.9239 -0.2706 0.2706
vn -0.3827 -0.4194 0.8232
vn -0.9239 -0.1737 0.3410
vn 0.3827 -0.4194 0.8232
vn 0.9239 -0.1737 0.3410
vn -0.3827 -0.1445 0.9125
vn -0.9239 -0.0599 0.3780
vn 0.3827 -0.1445 0.9125
vn 0.9239 -0.0599 0.3780
vn -0.3827 0.1445 0.9125
vn -0.9239 0.0599 0.3780
vn 0.3827 0.1445 0.9125
vn 0.9239 0.0599 0.3780
vn -0.3827 0.4194 0.8232
vn -0.9239 0.1737 0.3410
vn 0.3827 0.4194 0.8232
vn 0.9239 0.1737 0.3410
vn -0.3827 0.6533 0.6533
vn -0.9239 0.2706 0.2706
vn 0.3827 0.6533 0.6533
vn 0.9239 0.2706 0.2706
vn -0.3827 0.8232 0.4194
vn -0.9239 0.3410 0.1737
vn 0.3827 0.8232 0.4194
vn 0.9239 0.3410 0.1737
vn -0.3827 0.9125 0.1445
vn -0.9239 0.3780 0.0599
vn 0.3827 0.9125 0.1445
vn 0.9239 0.3780 0.0599
vn -0.3827 0.9125 -0.1445
vn -0.9239 0.3780 -0.0599
vn 0.3827 0.9125 -0.1445
vn 0.9239 0.3780 -0.0599
vn -0.3827 0.8232 -0.4194
vn -0.9239 0.3410 -0.1737
vn 0.3827 0.8232 -0.4194
vn 0.9239 0.3410 -0.1737
vn -0.3827 0.6533 -0.6533
vn -0.9239 0.2706 -0.2706
vn 0.3827 0.6533 -0.6533
vn 0.9239 0.2706 -0.2706
vn -0.3827 0.4194 -0.8232
vn -0.9239 0.1737 -0.3410
vn 0.3827 0.4194 -0.8232
vn 0.9239 0.1737 -0.3410
vn -0.3827 0.1445 -0.9125
vn -0.9239 0.0599 -0.3780
vn 0.3827 0.1445 -0.9125
vn 0.9239 0.0599 -0.3780
vn -1.0000 -0.0000 -0.0000
vn -0.0000 -0.1564 -0.9877
vn -0.0000 0.1564 -0.9877
vn 1.0000 -0.0000 -0.0000
vn -0.0000 -0.4540 -0.8910
vn -0.0000 -0.7071 -0.7071
vn -0.0000 -0.8910 -0.4540
vn -0.0000 -0.9877 -0.1564
vn -0.0000 -0.9877 0.1564
vn -0.0000 -0.8910 0.4540
vn -0.0000 -0.7071 0.7071
vn -0.0000 -0.4540 0.8910
vn -0.0000 -0.1564 0.9877
vn -0.0000 0.1564 0.9877
vn -0.0000 0.4540 0.8910
vn -0.0000 0.7071 0.7071
vn -0.0000 0.8910 0.4540
vn -0.0000 0.9877 0.1564
vn -0.0000 0.9877 -0.1564
vn -0.0000 0.8910 -0.4540
vn -0.0000 0.7071 -0.7071
vn -0.0000 0.4540 -0.8910
vt 1.000000 0.714286
vt 0.950000 0.714286
vt 0.950000 0.500000
vt 0.997074 0.500000
vt 0.750000 0.489313
vt 0.823952 0.477600
vt 0.794524 0.387030
vt 0.750000 0.394082
vt 0.950000 0.785714
vt 1.000000 0.785714
vt 0.997074 1.000000
vt 0.950000 1.000000
vt 0.323952 0.477600
vt 0.250000 0.489313
vt 0.250000 0.394082
vt 0.294524 0.387030
vt 0.900000 0.714286
vt 0.900000 0.500000
vt 0.890664 0.443608
vt 0.834690 0.366565
vt 0.900000 0.785714
vt 0.900000 1.000000
vt 0.390664 0.443608
vt 0.334689 0.366565
vt 0.850000 0.714286
vt 0.850000 0.500000
vt 0.943608 0.390664
vt 0.866565 0.334689
vt 0.850000 0.785714
vt 0.850000 1.000000
vt 0.443608 0.390664
vt 0.366565 0.334689
vt 0.800000 0.714286
vt 0.800000 0.500000
vt 0.977600 0.323952
vt 0.887030 0.294524
vt 0.800000 0.785714
vt 0.800000 1.000000
vt 0.477600 0.323952
vt 0.387030 0.294524
vt 0.750000 0.714286
vt 0.750000 0.500000
vt 0.989312 0.250000
vt 0.894082 0.250000
vt 0.750000 0.785714
vt 0.750000 1.000000
vt 0.489313 0.250000
vt 0.394082 0.250000
vt 0.700000 0.714286
vt 0.700000 0.500000
vt 0.977600 0.176048
vt 0.887030 0.205476
vt 0.700000 0.785714
vt 0.700000 1.000000
vt 0.477600 0.176048
vt 0.387030 0.205476
vt 0.650000 0.714286
vt 0.650000 0.500000
vt 0.943608 0.109336
vt 0.866565 0.165311
vt 0.650000 0.785714
vt 0.650000 1.000000
vt 0.443608 0.109336
vt 0.366565 0.165311
vt 0.600000 0.714286
vt 0.600000 0.500000
vt 0.890664 0.056392
vt 0.834689 0.133435
vt 0.600000 0.785714
vt 0.600000 1.000000
vt 0.390664 0.056392
vt 0.334689 0.133435
vt 0.550000 0.714286
vt 0.550000 0.500000
vt 0.823952 0.022400
vt 0.794524 0.112970
vt 0.550000 0.785714
vt 0.550000 1.000000
vt 0.323952 0.022400
vt 0.294524 0.112970
vt 0.500000 0.714286
vt 0.500000 0.500000
vt 0.750000 0.010688
vt 0.750000 0.105918
vt 0.500000 0.785714
vt 0.500000 1.000000
vt 0.250000 0.010688
vt 0.250000 0.105918
vt 0.450000 0.714286
vt 0.450000 0.500000
vt 0.676048 0.022400
vt 0.705476 0.112970
vt 0.450000 0.785714
vt 0.450000 1.000000
vt 0.176048 0.022400
vt 0.205476 0.112970
vt 0.400000 0.714286
vt 0.400000 0.500000
vt 0.609336 0.056392
vt 0.665311 0.133435
vt 0.400000 0.785714
vt 0.400000 1.000000
vt 0.109336 0.056392
vt 0.165311 0.133435
vt 0.350000 0.714286
vt 0.350000 0.500000
vt 0.556392 0.109336
vt 0.633435 0.165311
vt 0.350000 0.785714
vt 0.350000 1.000000
vt 0.056392 0.109336
vt 0.133435 0.165311
vt 0.300000 0.714286
vt 0.300000 0.500000
vt 0.522400 0.176048
vt 0.612970 0.205476
vt 0.300000 0.785714
vt 0.300000 1.000000
vt 0.022400 0.176048
vt 0.112970 0.205476
vt 0.250000 0.714286
vt 0.250000 0.500000
vt 0.510687 0.250000
vt 0.605918 0.250000
vt 0.250000 0.785714
vt 0.250000 1.000000
vt 0.010688 0.250000
vt 0.105918 0.250000
vt 0.200000 0.714286
vt 0.200000 0.500000
vt 0.522400 0.323952
vt 0.612970 0.294524
vt 0.200000 0.785714
vt 0.200000 1.000000
vt 0.022400 0.323952
vt 0.112970 0.294524
vt 0.150000 0.714286
vt 0.150000 0.500000
vt 0.556392 0.390664
vt 0.633435 0.334689
vt 0.150000 0.785714
vt 0.150000 1.000000
vt 0.056392 0.390664
vt 0.133435 0.334689
vt 0.100000 0.714286
vt 0.100000 0.500000
vt 0.609336 0.443608
vt 0.665311 0.366565
vt 0.100000 0.785714
vt 0.100000 1.000000
vt 0.109336 0.443608
vt 0.165311 0.366565
vt 0.050000 0.714286
vt 0.050000 0.500000
vt 0.676048 0.477600
vt 0.705476 0.387030
vt 0.050000 0.785714
vt 0.050000 1.000000
vt 0.176048 0.477600
vt 0.205476 0.387030
vt -0.000000 0.714286
vt 0.002926 0.500000
vt -0.000000 0.785714
vt 0.002926 1.000000
s 0
usemtl MAT_Polymer
f 1228/1476/1235 1234/1477/1235 1235/1478/1235 1229/1479/1235
f 1229/1480/1236 1235/1481/1236 1233/1482/1236 1227/1483/1236
f 1237/1484/1237 1231/1485/1237 1232/1486/1237 1238/1487/1237
f 1238/1488/1238 1232/1489/1238 1230/1490/1238 1236/1491/1238
f 1234/1477/1239 1240/1492/1239 1241/1493/1239 1235/1478/1239
f 1235/1481/1240 1241/1494/1240 1239/1495/1240 1233/1482/1240
f 1243/1496/1241 1237/1484/1241 1238/1487/1241 1244/1497/1241
f 1244/1498/1242 1238/1488/1242 1236/1491/1242 1242/1499/1242
f 1240/1492/1243 1246/1500/1243 1247/1501/1243 1241/1493/1243
f 1241/1494/1244 1247/1502/1244 1245/1503/1244 1239/1495/1244
f 1249/1504/1245 1243/1496/1245 1244/1497/1245 1250/1505/1245
f 1250/1506/1246 1244/1498/1246 1242/1499/1246 1248/1507/1246
f 1246/1500/1247 1252/1508/1247 1253/1509/1247 1247/1501/1247
f 1247/1502/1248 1253/1510/1248 1251/1511/1248 1245/1503/1248
f 1255/1512/1249 1249/1504/1249 1250/1505/1249 1256/1513/1249
f 1256/1514/1250 1250/1506/1250 1248/1507/1250 1254/1515/1250
f 1252/1508/1251 1258/1516/1251 1259/1517/1251 1253/1509/1251
f 1253/1510/1252 1259/1518/1252 1257/1519/1252 1251/1511/1252
f 1261/1520/1253 1255/1512/1253 1256/1513/1253 1262/1521/1253
f 1262/1522/1254 1256/1514/1254 1254/1515/1254 1260/1523/1254
f 1258/1516/1255 1264/1524/1255 1265/1525/1255 1259/1517/1255
f 1259/1518/1256 1265/1526/1256 1263/1527/1256 1257/1519/1256
f 1267/1528/1257 1261/1520/1257 1262/1521/1257 1268/1529/1257
f 1268/1530/1258 1262/1522/1258 1260/1523/1258 1266/1531/1258
f 1264/1524/1259 1270/1532/1259 1271/1533/1259 1265/1525/1259
f 1265/1526/1260 1271/1534/1260 1269/1535/1260 1263/1527/1260
f 1273/1536/1261 1267/1528/1261 1268/1529/1261 1274/1537/1261
f 1274/1538/1262 1268/1530/1262 1266/1531/1262 1272/1539/1262
f 1270/1532/1263 1276/1540/1263 1277/1541/1263 1271/1533/1263
f 1271/1534/1264 1277/1542/1264 1275/1543/1264 1269/1535/1264
f 1279/1544/1265 1273/1536/1265 1274/1537/1265 1280/1545/1265
f 1280/1546/1266 1274/1538/1266 1272/1539/1266 1278/1547/1266
f 1276/1540/1267 1282/1548/1267 1283/1549/1267 1277/1541/1267
f 1277/1542/1268 1283/1550/1268 1281/1551/1268 1275/1543/1268
f 1285/1552/1269 1279/1544/1269 1280/1545/1269 1286/1553/1269
f 1286/1554/1270 1280/1546/1270 1278/1547/1270 1284/1555/1270
f 1282/1548/1271 1288/1556/1271 1289/1557/1271 1283/1549/1271
f 1283/1550/1272 1289/1558/1272 1287/1559/1272 1281/1551/1272
f 1291/1560/1273 1285/1552/1273 1286/1553/1273 1292/1561/1273
f 1292/1562/1274 1286/1554/1274 1284/1555/1274 1290/1563/1274
f 1288/1556/1275 1294/1564/1275 1295/1565/1275 1289/1557/1275
f 1289/1558/1276 1295/1566/1276 1293/1567/1276 1287/1559/1276
f 1297/1568/1277 1291/1560/1277 1292/1561/1277 1298/1569/1277
f 1298/1570/1278 1292/1562/1278 1290/1563/1278 1296/1571/1278
f 1294/1564/1279 1300/1572/1279 1301/1573/1279 1295/1565/1279
f 1295/1566/1280 1301/1574/1280 1299/1575/1280 1293/1567/1280
f 1303/1576/1281 1297/1568/1281 1298/1569/1281 1304/1577/1281
f 1304/1578/1282 1298/1570/1282 1296/1571/1282 1302/1579/1282
f 1300/1572/1283 1306/1580/1283 1307/1581/1283 1301/1573/1283
f 1301/1574/1284 1307/1582/1284 1305/1583/1284 1299/1575/1284
f 1309/1584/1285 1303/1576/1285 1304/1577/1285 1310/1585/1285
f 1310/1586/1286 1304/1578/1286 1302/1579/1286 1308/1587/1286
f 1306/1580/1287 1312/1588/1287 1313/1589/1287 1307/1581/1287
f 1307/1582/1288 1313/1590/1288 1311/1591/1288 1305/1583/1288
f 1315/1592/1289 1309/1584/1289 1310/1585/1289 1316/1593/1289
f 1316/1594/1290 1310/1586/1290 1308/1587/1290 1314/1595/1290
f 1312/1588/1291 1318/1596/1291 1319/1597/1291 1313/1589/1291
f 1313/1590/1292 1319/1598/1292 1317/1599/1292 1311/1591/1292
f 1321/1600/1293 1315/1592/1293 1316/1593/1293 1322/1601/1293
f 1322/1602/1294 1316/1594/1294 1314/1595/1294 1320/1603/1294
f 1318/1596/1295 1324/1604/1295 1325/1605/1295 1319/1597/1295
f 1319/1598/1296 1325/1606/1296 1323/1607/1296 1317/1599/1296
f 1327/1608/1297 1321/1600/1297 1322/1601/1297 1328/1609/1297
f 1328/1610/1298 1322/1602/1298 1320/1603/1298 1326/1611/1298
f 1324/1604/1299 1330/1612/1299 1331/1613/1299 1325/1605/1299
f 1325/1606/1300 1331/1614/1300 1329/1615/1300 1323/1607/1300
f 1333/1616/1301 1327/1608/1301 1328/1609/1301 1334/1617/1301
f 1334/1618/1302 1328/1610/1302 1326/1611/1302 1332/1619/1302
f 1330/1612/1303 1336/1620/1303 1337/1621/1303 1331/1613/1303
f 1331/1614/1304 1337/1622/1304 1335/1623/1304 1329/1615/1304
f 1339/1624/1305 1333/1616/1305 1334/1617/1305 1340/1625/1305
f 1340/1626/1306 1334/1618/1306 1332/1619/1306 1338/1627/1306
f 1336/1620/1307 1342/1628/1307 1343/1629/1307 1337/1621/1307
f 1337/1622/1308 1343/1630/1308 1341/1631/1308 1335/1623/1308
f 1345/1632/1309 1339/1624/1309 1340/1625/1309 1346/1633/1309
f 1346/1634/1310 1340/1626/1310 1338/1627/1310 1344/1635/1310
f 1342/1628/1311 1228/1636/1311 1229/1637/1311 1343/1629/1311
f 1343/1630/1312 1229/1480/1312 1227/1483/1312 1341/1631/1312
f 1231/1638/1313 1345/1632/1313 1346/1633/1313 1232/1639/1313
f 1232/1489/1314 1346/1634/1314 1344/1635/1314 1230/1490/1314
f 1227/1483/1315 1233/1482/1315 1239/1495/1315 1245/1503/1315 1251/1511/1315 1257/1519/1315 1263/1527/1315 1269/1535/1315 1275/1543/1315 1281/1551/1315 1287/1559/1315 1293/1567/1315 1299/1575/1315 1305/1583/1315 1311/1591/1315 1317/1599/1315 1323/1607/1315 1329/1615/1315 1335/1623/1315 1341/1631/1315
f 1228/1476/1316 1231/1485/1316 1237/1484/1316 1234/1477/1316
f 1342/1628/1317 1345/1632/1317 1231/1638/1317 1228/1636/1317
f 1236/1491/1318 1230/1490/1318 1344/1635/1318 1338/1627/1318 1332/1619/1318 1326/1611/1318 1320/1603/1318 1314/1595/1318 1308/1587/1318 1302/1579/1318 1296/1571/1318 1290/1563/1318 1284/1555/1318 1278/1547/1318 1272/1539/1318 1266/1531/1318 1260/1523/1318 1254/1515/1318 1248/1507/1318 1242/1499/1318
f 1234/1477/1319 1237/1484/1319 1243/1496/1319 1240/1492/1319
f 1240/1492/1320 1243/1496/1320 1249/1504/1320 1246/1500/1320
f 1246/1500/1321 1249/1504/1321 1255/1512/1321 1252/1508/1321
f 1252/1508/1322 1255/1512/1322 1261/1520/1322 1258/1516/1322
f 1258/1516/1323 1261/1520/1323 1267/1528/1323 1264/1524/1323
f 1264/1524/1324 1267/1528/1324 1273/1536/1324 1270/1532/1324
f 1270/1532/1325 1273/1536/1325 1279/1544/1325 1276/1540/1325
f 1276/1540/1326 1279/1544/1326 1285/1552/1326 1282/1548/1326
f 1282/1548/1327 1285/1552/1327 1291/1560/1327 1288/1556/1327
f 1288/1556/1328 1291/1560/1328 1297/1568/1328 1294/1564/1328
f 1294/1564/1329 1297/1568/1329 1303/1576/1329 1300/1572/1329
f 1300/1572/1330 1303/1576/1330 1309/1584/1330 1306/1580/1330
f 1306/1580/1331 1309/1584/1331 1315/1592/1331 1312/1588/1331
f 1312/1588/1332 1315/1592/1332 1321/1600/1332 1318/1596/1332
f 1318/1596/1333 1321/1600/1333 1327/1608/1333 1324/1604/1333
f 1324/1604/1334 1327/1608/1334 1333/1616/1334 1330/1612/1334
f 1330/1612/1335 1333/1616/1335 1339/1624/1335 1336/1620/1335
f 1336/1620/1336 1339/1624/1336 1345/1632/1336 1342/1628/1336
o male_EarPro_0.155
v -0.512500 1.570000 -0.017813
v -0.497500 1.570000 -0.033000
v -0.508107 1.570000 -0.028552
v -0.477500 1.570000 -0.017813
v -0.492500 1.570000 -0.033000
v -0.481893 1.570000 -0.028552
v -0.512500 1.562950 -0.016696
v -0.497500 1.558257 -0.031140
v -0.508107 1.559632 -0.026910
v -0.477500 1.562950 -0.016696
v -0.492500 1.558257 -0.031140
v -0.481893 1.559632 -0.026910
v -0.512500 1.556591 -0.013456
v -0.497500 1.547664 -0.025743
v -0.508107 1.550279 -0.022144
v -0.477500 1.556591 -0.013456
v -0.492500 1.547664 -0.025743
v -0.481893 1.550279 -0.022144
v -0.512500 1.551544 -0.008409
v -0.497500 1.539257 -0.017336
v -0.508107 1.542856 -0.014721
v -0.477500 1.551544 -0.008409
v -0.492500 1.539257 -0.017336
v -0.481893 1.542856 -0.014721
v -0.512500 1.548304 -0.002050
v -0.497500 1.533860 -0.006743
v -0.508107 1.538090 -0.005368
v -0.477500 1.548304 -0.002050
v -0.492500 1.533860 -0.006743
v -0.481893 1.538090 -0.005368
v -0.512500 1.547187 0.005000
v -0.497500 1.532000 0.005000
v -0.508107 1.536448 0.005000
v -0.477500 1.547187 0.005000
v -0.492500 1.532000 0.005000
v -0.481893 1.536448 0.005000
v -0.512500 1.548304 0.012050
v -0.497500 1.533860 0.016743
v -0.508107 1.538090 0.015368
v -0.477500 1.548304 0.012050
v -0.492500 1.533860 0.016743
v -0.481893 1.538090 0.015368
v -0.512500 1.551544 0.018409
v -0.497500 1.539257 0.027336
v -0.508107 1.542856 0.024721
v -0.477500 1.551544 0.018409
v -0.492500 1.539257 0.027336
v -0.481893 1.542856 0.024721
v -0.512500 1.556591 0.023456
v -0.497500 1.547664 0.035743
v -0.508107 1.550279 0.032144
v -0.477500 1.556591 0.023456
v -0.492500 1.547664 0.035743
v -0.481893 1.550279 0.032144
v -0.512500 1.562950 0.026696
v -0.497500 1.558257 0.041140
v -0.508107 1.559632 0.036910
v -0.477500 1.562950 0.026696
v -0.492500 1.558257 0.041140
v -0.481893 1.559632 0.036910
v -0.512500 1.570000 0.027813
v -0.497500 1.570000 0.043000
v -0.508107 1.570000 0.038552
v -0.477500 1.570000 0.027813
v -0.492500 1.570000 0.043000
v -0.481893 1.570000 0.038552
v -0.512500 1.577050 0.026696
v -0.497500 1.581743 0.041140
v -0.508107 1.580368 0.036910
v -0.477500 1.577050 0.026696
v -0.492500 1.581743 0.041140
v -0.481893 1.580368 0.036910
v -0.512500 1.583409 0.023456
v -0.497500 1.592336 0.035743
v -0.508107 1.589721 0.032144
v -0.477500 1.583409 0.023456
v -0.492500 1.592336 0.035743
v -0.481893 1.589721 0.032144
v -0.512500 1.588456 0.018409
v -0.497500 1.600743 0.027336
v -0.508107 1.597144 0.024721
v -0.477500 1.588456 0.018409
v -0.492500 1.600743 0.027336
v -0.481893 1.597144 0.024721
v -0.512500 1.591697 0.012050
v -0.497500 1.606140 0.016743
v -0.508107 1.601910 0.015368
v -0.477500 1.591697 0.012050
v -0.492500 1.606140 0.016743
v -0.481893 1.601910 0.015368
v -0.512500 1.592813 0.005000
v -0.497500 1.608000 0.005000
v -0.508107 1.603552 0.005000
v -0.477500 1.592813 0.005000
v -0.492500 1.608000 0.005000
v -0.481893 1.603552 0.005000
v -0.512500 1.591697 -0.002050
v -0.497500 1.606140 -0.006743
v -0.508107 1.601910 -0.005368
v -0.477500 1.591697 -0.002050
v -0.492500 1.606140 -0.006743
v -0.481893 1.601910 -0.005368
v -0.512500 1.588456 -0.008409
v -0.497500 1.600743 -0.017336
v -0.508107 1.597144 -0.014721
v -0.477500 1.588456 -0.008409
v -0.492500 1.600743 -0.017336
v -0.481893 1.597144 -0.014721
v -0.512500 1.583409 -0.013456
v -0.497500 1.592336 -0.025743
v -0.508107 1.589721 -0.022144
v -0.477500 1.583409 -0.013456
v -0.492500 1.592336 -0.025743
v -0.481893 1.589721 -0.022144
v -0.512500 1.577050 -0.016696
v -0.497500 1.581743 -0.031140
v -0.508107 1.580368 -0.026910
v -0.477500 1.577050 -0.016696
v -0.492500 1.581743 -0.031140
v -0.481893 1.580368 -0.026910
vn -0.3827 -0.1445 -0.9125
vn -0.9239 -0.0599 -0.3780
vn 0.3827 -0.1445 -0.9125
vn 0.9239 -0.0599 -0.3780
vn -0.3827 -0.4194 -0.8232
vn -0.9239 -0.1737 -0.3410
vn 0.3827 -0.4194 -0.8232
vn 0.9239 -0.1737 -0.3410
vn -0.3827 -0.6533 -0.6533
vn -0.9239 -0.2706 -0.2706
vn 0.3827 -0.6533 -0.6533
vn 0.9239 -0.2706 -0.2706
vn -0.3827 -0.8232 -0.4194
vn -0.9239 -0.3410 -0.1737
vn 0.3827 -0.8232 -0.4194
vn 0.9239 -0.3410 -0.1737
vn -0.3827 -0.9125 -0.1445
vn -0.9239 -0.3780 -0.0599
vn 0.3827 -0.9125 -0.1445
vn 0.9239 -0.3780 -0.0599
vn -0.3827 -0.9125 0.1445
vn -0.9239 -0.3780 0.0599
vn 0.3827 -0.9125 0.1445
vn 0.9239 -0.3780 0.0599
vn -0.3827 -0.8232 0.4194
vn -0.9239 -0.3410 0.1737
vn 0.3827 -0.8232 0.4194
vn 0.9239 -0.3410 0.1737
vn -0.3827 -0.6533 0.6533
vn -0.9239 -0.2706 0.2706
vn 0.3827 -0.6533 0.6533
vn 0.9239 -0.2706 0.2706
vn -0.3827 -0.4194 0.8232
vn -0.9239 -0.1737 0.3410
vn 0.3827 -0.4194 0.8232
vn 0.9239 -0.1737 0.3410
vn -0.3827 -0.1445 0.9125
vn -0.9239 -0.0599 0.3780
vn 0.3827 -0.1445 0.9125
vn 0.9239 -0.0599 0.3780
vn -0.3827 0.1445 0.9125
vn -0.9239 0.0599 0.3780
vn 0.3827 0.1445 0.9125
vn 0.9239 0.0599 0.3780
vn -0.3827 0.4194 0.8232
vn -0.9239 0.1737 0.3410
vn 0.3827 0.4194 0.8232
vn 0.9239 0.1737 0.3410
vn -0.3827 0.6533 0.6533
vn -0.9239 0.2706 0.2706
vn 0.3827 0.6533 0.6533
vn 0.9239 0.2706 0.2706
vn -0.3827 0.8232 0.4194
vn -0.9239 0.3410 0.1737
vn 0.3827 0.8232 0.4194
vn 0.9239 0.3410 0.1737
vn -0.3827 0.9125 0.1445
vn -0.9239 0.3780 0.0599
vn 0.3827 0.9125 0.1445
vn 0.9239 0.3780 0.0599
vn -0.3827 0.9125 -0.1445
vn -0.9239 0.3780 -0.0599
vn 0.3827 0.9125 -0.1445
vn 0.9239 0.3780 -0.0599
vn -0.3827 0.8232 -0.4194
vn -0.9239 0.3410 -0.1737
vn 0.3827 0.8232 -0.4194
vn 0.9239 0.3410 -0.1737
vn -0.3827 0.6533 -0.6533
vn -0.9239 0.2706 -0.2706
vn 0.3827 0.6533 -0.6533
vn 0.9239 0.2706 -0.2706
vn -0.3827 0.4194 -0.8232
vn -0.9239 0.1737 -0.3410
vn 0.3827 0.4194 -0.8232
vn 0.9239 0.1737 -0.3410
vn -0.3827 0.1445 -0.9125
vn -0.9239 0.0599 -0.3780
vn 0.3827 0.1445 -0.9125
vn 0.9239 0.0599 -0.3780
vn -1.0000 -0.0000 -0.0000
vn -0.0000 -0.1564 -0.9877
vn -0.0000 0.1564 -0.9877
vn 1.0000 -0.0000 -0.0000
vn -0.0000 -0.4540 -0.8910
vn -0.0000 -0.7071 -0.7071
vn -0.0000 -0.8910 -0.4540
vn -0.0000 -0.9877 -0.1564
vn -0.0000 -0.9877 0.1564
vn -0.0000 -0.8910 0.4540
vn -0.0000 -0.7071 0.7071
vn -0.0000 -0.4540 0.8910
vn -0.0000 -0.1564 0.9877
vn -0.0000 0.1564 0.9877
vn -0.0000 0.4540 0.8910
vn -0.0000 0.7071 0.7071
vn -0.0000 0.8910 0.4540
vn -0.0000 0.9877 0.1564
vn -0.0000 0.9877 -0.1564
vn -0.0000 0.8910 -0.4540
vn -0.0000 0.7071 -0.7071
vn -0.0000 0.4540 -0.8910
vt 1.000000 0.714286
vt 0.950000 0.714286
vt 0.950000 0.500000
vt 0.997074 0.500000
vt 0.750000 0.489313
vt 0.823952 0.477600
vt 0.794524 0.387030
vt 0.750000 0.394082
vt 0.950000 0.785714
vt 1.000000 0.785714
vt 0.997074 1.000000
vt 0.950000 1.000000
vt 0.323952 0.477600
vt 0.250000 0.489313
vt 0.250000 0.394082
vt 0.294524 0.387030
vt 0.900000 0.714286
vt 0.900000 0.500000
vt 0.890664 0.443608
vt 0.834690 0.366565
vt 0.900000 0.785714
vt 0.900000 1.000000
vt 0.390664 0.443608
vt 0.334689 0.366565
vt 0.850000 0.714286
vt 0.850000 0.500000
vt 0.943608 0.390664
vt 0.866565 0.334689
vt 0.850000 0.785714
vt 0.850000 1.000000
vt 0.443608 0.390664
vt 0.366565 0.334689
vt 0.800000 0.714286
vt 0.800000 0.500000
vt 0.977600 0.323952
vt 0.887030 0.294524
vt 0.800000 0.785714
vt 0.800000 1.000000
vt 0.477600 0.323952
vt 0.387030 0.294524
vt 0.750000 0.714286
vt 0.750000 0.500000
vt 0.989312 0.250000
vt 0.894082 0.250000
vt 0.750000 0.785714
vt 0.750000 1.000000
vt 0.489313 0.250000
vt 0.394082 0.250000
vt 0.700000 0.714286
vt 0.700000 0.500000
vt 0.977600 0.176048
vt 0.887030 0.205476
vt 0.700000 0.785714
vt 0.700000 1.000000
vt 0.477600 0.176048
vt 0.387030 0.205476
vt 0.650000 0.714286
vt 0.650000 0.500000
vt 0.943608 0.109336
vt 0.866565 0.165311
vt 0.650000 0.785714
vt 0.650000 1.000000
vt 0.443608 0.109336
vt 0.366565 0.165311
vt 0.600000 0.714286
vt 0.600000 0.500000
vt 0.890664 0.056392
vt 0.834689 0.133435
vt 0.600000 0.785714
vt 0.600000 1.000000
vt 0.390664 0.056392
vt 0.334689 0.133435
vt 0.550000 0.714286
vt 0.550000 0.500000
vt 0.823952 0.022400
vt 0.794524 0.112970
vt 0.550000 0.785714
vt 0.550000 1.000000
vt 0.323952 0.022400
vt 0.294524 0.112970
vt 0.500000 0.714286
vt 0.500000 0.500000
vt 0.750000 0.010688
vt 0.750000 0.105918
vt 0.500000 0.785714
vt 0.500000 1.000000
vt 0.250000 0.010688
vt 0.250000 0.105918
vt 0.450000 0.714286
vt 0.450000 0.500000
vt 0.676048 0.022400
vt 0.705476 0.112970
vt 0.450000 0.785714
vt 0.450000 1.000000
vt 0.176048 0.022400
vt 0.205476 0.112970
vt 0.400000 0.714286
vt 0.400000 0.500000
vt 0.609336 0.056392
vt 0.665311 0.133435
vt 0.400000 0.785714
vt 0.400000 1.000000
vt 0.109336 0.056392
vt 0.165311 0.133435
vt 0.350000 0.714286
vt 0.350000 0.500000
vt 0.556392 0.109336
vt 0.633435 0.165311
vt 0.350000 0.785714
vt 0.350000 1.000000
vt 0.056392 0.109336
vt 0.133435 0.165311
vt 0.300000 0.714286
vt 0.300000 0.500000
vt 0.522400 0.176048
vt 0.612970 0.205476
vt 0.300000 0.785714
vt 0.300000 1.000000
vt 0.022400 0.176048
vt 0.112970 0.205476
vt 0.250000 0.714286
vt 0.250000 0.500000
vt 0.510687 0.250000
vt 0.605918 0.250000
vt 0.250000 0.785714
vt 0.250000 1.000000
vt 0.010688 0.250000
vt 0.105918 0.250000
vt 0.200000 0.714286
vt 0.200000 0.500000
vt 0.522400 0.323952
vt 0.612970 0.294524
vt 0.200000 0.785714
vt 0.200000 1.000000
vt 0.022400 0.323952
vt 0.112970 0.294524
vt 0.150000 0.714286
vt 0.150000 0.500000
vt 0.556392 0.390664
vt 0.633435 0.334689
vt 0.150000 0.785714
vt 0.150000 1.000000
vt 0.056392 0.390664
vt 0.133435 0.334689
vt 0.100000 0.714286
vt 0.100000 0.500000
vt 0.609336 0.443608
vt 0.665311 0.366565
vt 0.100000 0.785714
vt 0.100000 1.000000
vt 0.109336 0.443608
vt 0.165311 0.366565
vt 0.050000 0.714286
vt 0.050000 0.500000
vt 0.676048 0.477600
vt 0.705476 0.387030
vt 0.050000 0.785714
vt 0.050000 1.000000
vt 0.176048 0.477600
vt 0.205476 0.387030
vt -0.000000 0.714286
vt 0.002926 0.500000
vt -0.000000 0.785714
vt 0.002926 1.000000
s 0
usemtl MAT_Polymer
f 1348/1640/1337 1354/1641/1337 1355/1642/1337 1349/1643/1337
f 1349/1644/1338 1355/1645/1338 1353/1646/1338 1347/1647/1338
f 1357/1648/1339 1351/1649/1339 1352/1650/1339 1358/1651/1339
f 1358/1652/1340 1352/1653/1340 1350/1654/1340 1356/1655/1340
f 1354/1641/1341 1360/1656/1341 1361/1657/1341 1355/1642/1341
f 1355/1645/1342 1361/1658/1342 1359/1659/1342 1353/1646/1342
f 1363/1660/1343 1357/1648/1343 1358/1651/1343 1364/1661/1343
f 1364/1662/1344 1358/1652/1344 1356/1655/1344 1362/1663/1344
f 1360/1656/1345 1366/1664/1345 1367/1665/1345 1361/1657/1345
f 1361/1658/1346 1367/1666/1346 1365/1667/1346 1359/1659/1346
f 1369/1668/1347 1363/1660/1347 1364/1661/1347 1370/1669/1347
f 1370/1670/1348 1364/1662/1348 1362/1663/1348 1368/1671/1348
f 1366/1664/1349 1372/1672/1349 1373/1673/1349 1367/1665/1349
f 1367/1666/1350 1373/1674/1350 1371/1675/1350 1365/1667/1350
f 1375/1676/1351 1369/1668/1351 1370/1669/1351 1376/1677/1351
f 1376/1678/1352 1370/1670/1352 1368/1671/1352 1374/1679/1352
f 1372/1672/1353 1378/1680/1353 1379/1681/1353 1373/1673/1353
f 1373/1674/1354 1379/1682/1354 1377/1683/1354 1371/1675/1354
f 1381/1684/1355 1375/1676/1355 1376/1677/1355 1382/1685/1355
f 1382/1686/1356 1376/1678/1356 1374/1679/1356 1380/1687/1356
f 1378/1680/1357 1384/1688/1357 1385/1689/1357 1379/1681/1357
f 1379/1682/1358 1385/1690/1358 1383/1691/1358 1377/1683/1358
f 1387/1692/1359 1381/1684/1359 1382/1685/1359 1388/1693/1359
f 1388/1694/1360 1382/1686/1360 1380/1687/1360 1386/1695/1360
f 1384/1688/1361 1390/1696/1361 1391/1697/1361 1385/1689/1361
f 1385/1690/1362 1391/1698/1362 1389/1699/1362 1383/1691/1362
f 1393/1700/1363 1387/1692/1363 1388/1693/1363 1394/1701/1363
f 1394/1702/1364 1388/1694/1364 1386/1695/1364 1392/1703/1364
f 1390/1696/1365 1396/1704/1365 1397/1705/1365 1391/1697/1365
f 1391/1698/1366 1397/1706/1366 1395/1707/1366 1389/1699/1366
f 1399/1708/1367 1393/1700/1367 1394/1701/1367 1400/1709/1367
f 1400/1710/1368 1394/1702/1368 1392/1703/1368 1398/1711/1368
f 1396/1704/1369 1402/1712/1369 1403/1713/1369 1397/1705/1369
f 1397/1706/1370 1403/1714/1370 1401/1715/1370 1395/1707/1370
f 1405/1716/1371 1399/1708/1371 1400/1709/1371 1406/1717/1371
f 1406/1718/1372 1400/1710/1372 1398/1711/1372 1404/1719/1372
f 1402/1712/1373 1408/1720/1373 1409/1721/1373 1403/1713/1373
f 1403/1714/1374 1409/1722/1374 1407/1723/1374 1401/1715/1374
f 1411/1724/1375 1405/1716/1375 1406/1717/1375 1412/1725/1375
f 1412/1726/1376 1406/1718/1376 1404/1719/1376 1410/1727/1376
f 1408/1720/1377 1414/1728/1377 1415/1729/1377 1409/1721/1377
f 1409/1722/1378 1415/1730/1378 1413/1731/1378 1407/1723/1378
f 1417/1732/1379 1411/1724/1379 1412/1725/1379 1418/1733/1379
f 1418/1734/1380 1412/1726/1380 1410/1727/1380 1416/1735/1380
f 1414/1728/1381 1420/1736/1381 1421/1737/1381 1415/1729/1381
f 1415/1730/1382 1421/1738/1382 1419/1739/1382 1413/1731/1382
f 1423/1740/1383 1417/1732/1383 1418/1733/1383 1424/1741/1383
f 1424/1742/1384 1418/1734/1384 1416/1735/1384 1422/1743/1384
f 1420/1736/1385 1426/1744/1385 1427/1745/1385 1421/1737/1385
f 1421/1738/1386 1427/1746/1386 1425/1747/1386 1419/1739/1386
f 1429/1748/1387 1423/1740/1387 1424/1741/1387 1430/1749/1387
f 1430/1750/1388 1424/1742/1388 1422/1743/1388 1428/1751/1388
f 1426/1744/1389 1432/1752/1389 1433/1753/1389 1427/1745/1389
f 1427/1746/1390 1433/1754/1390 1431/1755/1390 1425/1747/1390
f 1435/1756/1391 1429/1748/1391 1430/1749/1391 1436/1757/1391
f 1436/1758/1392 1430/1750/1392 1428/1751/1392 1434/1759/1392
f 1432/1752/1393 1438/1760/1393 1439/1761/1393 1433/1753/1393
f 1433/1754/1394 1439/1762/1394 1437/1763/1394 1431/1755/1394
f 1441/1764/1395 1435/1756/1395 1436/1757/1395 1442/1765/1395
f 1442/1766/1396 1436/1758/1396 1434/1759/1396 1440/1767/1396
f 1438/1760/1397 1444/1768/1397 1445/1769/1397 1439/1761/1397
f 1439/1762/1398 1445/1770/1398 1443/1771/1398 1437/1763/1398
f 1447/1772/1399 1441/1764/1399 1442/1765/1399 1448/1773/1399
f 1448/1774/1400 1442/1766/1400 1440/1767/1400 1446/1775/1400
f 1444/1768/1401 1450/1776/1401 1451/1777/1401 1445/1769/1401
f 1445/1770/1402 1451/1778/1402 1449/1779/1402 1443/1771/1402
f 1453/1780/1403 1447/1772/1403 1448/1773/1403 1454/1781/1403
f 1454/1782/1404 1448/1774/1404 1446/1775/1404 1452/1783/1404
f 1450/1776/1405 1456/1784/1405 1457/1785/1405 1451/1777/1405
f 1451/1778/1406 1457/1786/1406 1455/1787/1406 1449/1779/1406
f 1459/1788/1407 1453/1780/1407 1454/1781/1407 1460/1789/1407
f 1460/1790/1408 1454/1782/1408 1452/1783/1408 1458/1791/1408
f 1456/1784/1409 1462/1792/1409 1463/1793/1409 1457/1785/1409
f 1457/1786/1410 1463/1794/1410 1461/1795/1410 1455/1787/1410
f 1465/1796/1411 1459/1788/1411 1460/1789/1411 1466/1797/1411
f 1466/1798/1412 1460/1790/1412 1458/1791/1412 1464/1799/1412
f 1462/1792/1413 1348/1800/1413 1349/1801/1413 1463/1793/1413
f 1463/1794/1414 1349/1644/1414 1347/1647/1414 1461/1795/1414
f 1351/1802/1415 1465/1796/1415 1466/1797/1415 1352/1803/1415
f 1352/1653/1416 1466/1798/1416 1464/1799/1416 1350/1654/1416
f 1347/1647/1417 1353/1646/1417 1359/1659/1417 1365/1667/1417 1371/1675/1417 1377/1683/1417 1383/1691/1417 1389/1699/1417 1395/1707/1417 1401/1715/1417 1407/1723/1417 1413/1731/1417 1419/1739/1417 1425/1747/1417 1431/1755/1417 1437/1763/1417 1443/1771/1417 1449/1779/1417 1455/1787/1417 1461/1795/1417
f 1348/1640/1418 1351/1649/1418 1357/1648/1418 1354/1641/1418
f 1462/1792/1419 1465/1796/1419 1351/1802/1419 1348/1800/1419
f 1356/1655/1420 1350/1654/1420 1464/1799/1420 1458/1791/1420 1452/1783/1420 1446/1775/1420 1440/1767/1420 1434/1759/1420 1428/1751/1420 1422/1743/1420 1416/1735/1420 1410/1727/1420 1404/1719/1420 1398/1711/1420 1392/1703/1420 1386/1695/1420 1380/1687/1420 1374/1679/1420 1368/1671/1420 1362/1663/1420
f 1354/1641/1421 1357/1648/1421 1363/1660/1421 1360/1656/1421
f 1360/1656/1422 1363/1660/1422 1369/1668/1422 1366/1664/1422
f 1366/1664/1423 1369/1668/1423 1375/1676/1423 1372/1672/1423
f 1372/1672/1424 1375/1676/1424 1381/1684/1424 1378/1680/1424
f 1378/1680/1425 1381/1684/1425 1387/1692/1425 1384/1688/1425
f 1384/1688/1426 1387/1692/1426 1393/1700/1426 1390/1696/1426
f 1390/1696/1427 1393/1700/1427 1399/1708/1427 1396/1704/1427
f 1396/1704/1428 1399/1708/1428 1405/1716/1428 1402/1712/1428
f 1402/1712/1429 1405/1716/1429 1411/1724/1429 1408/1720/1429
f 1408/1720/1430 1411/1724/1430 1417/1732/1430 1414/1728/1430
f 1414/1728/1431 1417/1732/1431 1423/1740/1431 1420/1736/1431
f 1420/1736/1432 1423/1740/1432 1429/1748/1432 1426/1744/1432
f 1426/1744/1433 1429/1748/1433 1435/1756/1433 1432/1752/1433
f 1432/1752/1434 1435/1756/1434 1441/1764/1434 1438/1760/1434
f 1438/1760/1435 1441/1764/1435 1447/1772/1435 1444/1768/1435
f 1444/1768/1436 1447/1772/1436 1453/1780/1436 1450/1776/1436
f 1450/1776/1437 1453/1780/1437 1459/1788/1437 1456/1784/1437
f 1456/1784/1438 1459/1788/1438 1465/1796/1438 1462/1792/1438
o male_TeamTape
v -0.750000 0.772000 0.179000
v -0.750000 0.777000 0.184000
v -0.755000 0.777000 0.179000
v -0.750000 0.773465 0.182536
v -0.752887 0.774113 0.181887
v -0.753536 0.777000 0.182536
v -0.753536 0.773465 0.179000
v -0.750000 0.803000 0.184000
v -0.750000 0.808000 0.179000
v -0.755000 0.803000 0.179000
v -0.750000 0.806536 0.182536
v -0.752887 0.805887 0.181887
v -0.753536 0.806536 0.179000
v -0.753536 0.803000 0.182536
v -0.750000 0.772000 0.165000
v -0.755000 0.777000 0.165000
v -0.750000 0.777000 0.160000
v -0.753536 0.773465 0.165000
v -0.752887 0.774113 0.162113
v -0.753536 0.777000 0.161464
v -0.750000 0.773465 0.161464
v -0.750000 0.808000 0.165000
v -0.750000 0.803000 0.160000
v -0.755000 0.803000 0.165000
v -0.750000 0.806536 0.161464
v -0.752887 0.805887 0.162113
v -0.753536 0.803000 0.161464
v -0.753536 0.806536 0.165000
v -0.550000 0.772000 0.179000
v -0.545000 0.777000 0.179000
v -0.550000 0.777000 0.184000
v -0.546464 0.773465 0.179000
v -0.547113 0.774113 0.181887
v -0.546464 0.777000 0.182536
v -0.550000 0.773465 0.182536
v -0.550000 0.808000 0.179000
v -0.550000 0.803000 0.184000
v -0.545000 0.803000 0.179000
v -0.550000 0.806536 0.182536
v -0.547113 0.805887 0.181887
v -0.546464 0.803000 0.182536
v -0.546464 0.806536 0.179000
v -0.550000 0.772000 0.165000
v -0.550000 0.777000 0.160000
v -0.545000 0.777000 0.165000
v -0.550000 0.773465 0.161464
v -0.547113 0.774113 0.162113
v -0.546464 0.777000 0.161464
v -0.546464 0.773465 0.165000
v -0.550000 0.808000 0.165000
v -0.545000 0.803000 0.165000
v -0.550000 0.803000 0.160000
v -0.546464 0.806536 0.165000
v -0.547113 0.805887 0.162113
v -0.546464 0.803000 0.161464
v -0.550000 0.806536 0.161464
vn -0.3251 -0.8881 0.3251
vn -0.3251 -0.3251 0.8881
vn -0.8881 -0.3251 0.3251
vn -0.3251 0.3251 0.8881
vn -0.3251 0.8881 0.3251
vn -0.8881 0.3251 0.3251
vn -0.3251 -0.8881 -0.3251
vn -0.8881 -0.3251 -0.3251
vn -0.3251 -0.3251 -0.8881
vn -0.3251 0.8881 -0.3251
vn -0.3251 0.3251 -0.8881
vn -0.8881 0.3251 -0.3251
vn 0.3251 -0.8881 0.3251
vn 0.8881 -0.3251 0.3251
vn 0.3251 -0.3251 0.8881
vn 0.3251 0.8881 0.3251
vn 0.3251 0.3251 0.8881
vn 0.8881 0.3251 0.3251
vn 0.3251 -0.8881 -0.3251
vn 0.3251 -0.3251 -0.8881
vn 0.8881 -0.3251 -0.3251
vn 0.3251 0.8881 -0.3251
vn 0.8881 0.3251 -0.3251
vn 0.3251 0.3251 -0.8881
vn -0.3827 -0.9239 -0.0000
vn -0.9239 -0.3827 -0.0000
vn -0.3827 -0.0000 0.9239
vn -0.9239 -0.0000 0.3827
vn -0.3827 0.9239 -0.0000
vn -0.9239 0.3827 -0.0000
vn -0.3827 -0.0000 -0.9239
vn -0.9239 -0.0000 -0.3827
vn -0.0000 -0.9239 -0.3827
vn -0.0000 -0.3827 -0.9239
vn -0.0000 0.9239 -0.3827
vn -0.0000 0.3827 -0.9239
vn 0.9239 -0.0000 -0.3827
vn 0.3827 -0.0000 -0.9239
vn 0.3827 -0.9239 -0.0000
vn 0.9239 -0.3827 -0.0000
vn 0.3827 0.9239 -0.0000
vn 0.9239 0.3827 -0.0000
vn 0.3827 -0.0000 0.9239
vn 0.9239 -0.0000 0.3827
vn -0.0000 -0.9239 0.3827
vn -0.0000 -0.3827 0.9239
vn -0.0000 0.9239 0.3827
vn -0.0000 0.3827 0.9239
vn -0.0000 -1.0000 -0.0000
vn -1.0000 -0.0000 -0.0000
vn -0.0000 -0.0000 1.0000
vn -0.0000 1.0000 -0.0000
vn -0.0000 -0.0000 -1.0000
vn 1.0000 -0.0000 -0.0000
vt 0.130952 0.697917
vt 0.130952 0.750000
vt 0.127516 0.750000
vt 0.125000 0.697917
vt 0.409722 0.994048
vt 0.409722 1.000000
vt 0.389675 1.000000
vt 0.375000 0.994048
vt 0.409722 0.052083
vt 0.375000 0.052083
vt 0.375000 0.022013
vt 0.409722 0.000000
vt 0.590278 0.994048
vt 0.625000 0.994048
vt 0.625000 0.997484
vt 0.590278 1.000000
vt 0.869048 0.697917
vt 0.875000 0.697917
vt 0.875000 0.727987
vt 0.869048 0.750000
vt 0.590278 0.052083
vt 0.590278 0.000000
vt 0.610325 0.000000
vt 0.625000 0.052083
vt 0.130952 0.552083
vt 0.125000 0.552083
vt 0.125000 0.522013
vt 0.130952 0.500000
vt 0.409722 0.197917
vt 0.409722 0.250000
vt 0.382338 0.251258
vt 0.375000 0.197917
vt 0.409722 0.255952
vt 0.375000 0.255952
vt 0.869048 0.552083
vt 0.869048 0.500000
vt 0.872484 0.500000
vt 0.875000 0.552083
vt 0.590278 0.255952
vt 0.590278 0.250000
vt 0.617662 0.238993
vt 0.625000 0.255952
vt 0.590278 0.197917
vt 0.625000 0.197917
vt 0.369048 0.697917
vt 0.375000 0.697917
vt 0.379892 0.743501
vt 0.372024 0.752976
vt 0.409722 0.697917
vt 0.409722 0.750000
vt 0.409722 0.755952
vt 0.630952 0.697917
vt 0.627976 0.752976
vt 0.620947 0.742662
vt 0.625000 0.697917
vt 0.590278 0.755952
vt 0.590278 0.750000
vt 0.590278 0.697917
vt 0.369048 0.552083
vt 0.372024 0.497024
vt 0.379053 0.507338
vt 0.375000 0.552083
vt 0.409722 0.494048
vt 0.409722 0.500000
vt 0.409722 0.552083
vt 0.630952 0.552083
vt 0.625000 0.552083
vt 0.620108 0.506499
vt 0.627976 0.497024
vt 0.590278 0.552083
vt 0.590278 0.500000
vt 0.590278 0.494048
s 0
usemtl MAT_TeamTape
f 1467/1804/1439 1470/1805/1439 1471/1806/1439 1473/1807/1439
f 1468/1808/1440 1472/1809/1440 1471/1810/1440 1470/1811/1440
f 1469/1812/1441 1473/1813/1441 1471/1814/1441 1472/1815/1441
f 1474/1816/1442 1477/1817/1442 1478/1818/1442 1480/1819/1442
f 1475/1820/1443 1479/1821/1443 1478/1822/1443 1477/1823/1443
f 1476/1824/1444 1480/1825/1444 1478/1826/1444 1479/1827/1444
f 1481/1828/1445 1484/1829/1445 1485/1830/1445 1487/1831/1445
f 1482/1832/1446 1486/1833/1446 1485/1834/1446 1484/1835/1446
f 1483/1836/1447 1487/1837/1447 1485/1834/1447 1486/1833/1447
f 1488/1838/1448 1491/1839/1448 1492/1840/1448 1494/1841/1448
f 1489/1842/1449 1493/1843/1449 1492/1844/1449 1491/1845/1449
f 1490/1846/1450 1494/1847/1450 1492/1844/1450 1493/1843/1450
f 1495/1848/1451 1498/1849/1451 1499/1850/1451 1501/1851/1451
f 1496/1852/1452 1500/1853/1452 1499/1850/1452 1498/1849/1452
f 1497/1854/1453 1501/1851/1453 1499/1850/1453 1500/1853/1453
f 1502/1855/1454 1505/1856/1454 1506/1857/1454 1508/1858/1454
f 1503/1859/1455 1507/1860/1455 1506/1857/1455 1505/1856/1455
f 1504/1861/1456 1508/1858/1456 1506/1857/1456 1507/1860/1456
f 1509/1862/1457 1512/1863/1457 1513/1864/1457 1515/1865/1457
f 1510/1866/1458 1514/1867/1458 1513/1864/1458 1512/1863/1458
f 1511/1868/1459 1515/1865/1459 1513/1864/1459 1514/1867/1459
f 1516/1869/1460 1519/1870/1460 1520/1871/1460 1522/1872/1460
f 1517/1873/1461 1521/1874/1461 1520/1871/1461 1519/1870/1461
f 1518/1875/1462 1522/1872/1462 1520/1871/1462 1521/1874/1462
f 1481/1828/1463 1467/1804/1463 1473/1807/1463 1484/1829/1463
f 1484/1835/1464 1473/1813/1464 1469/1812/1464 1482/1832/1464
f 1468/1808/1465 1474/1816/1465 1480/1819/1465 1472/1809/1465
f 1472/1815/1466 1480/1825/1466 1476/1824/1466 1469/1812/1466
f 1475/1820/1467 1488/1838/1467 1494/1841/1467 1479/1821/1467
f 1479/1827/1468 1494/1847/1468 1490/1846/1468 1476/1824/1468
f 1489/1842/1469 1483/1836/1469 1486/1833/1469 1493/1843/1469
f 1493/1843/1470 1486/1833/1470 1482/1832/1470 1490/1846/1470
f 1509/1862/1471 1481/1828/1471 1487/1831/1471 1512/1863/1471
f 1512/1863/1472 1487/1837/1472 1483/1836/1472 1510/1866/1472
f 1488/1838/1473 1516/1869/1473 1522/1872/1473 1491/1839/1473
f 1491/1845/1474 1522/1872/1474 1518/1875/1474 1489/1842/1474
f 1517/1873/1475 1511/1868/1475 1514/1867/1475 1521/1874/1475
f 1521/1874/1476 1514/1867/1476 1510/1866/1476 1518/1875/1476
f 1495/1848/1477 1509/1862/1477 1515/1865/1477 1498/1849/1477
f 1498/1849/1478 1515/1865/1478 1511/1868/1478 1496/1852/1478
f 1516/1869/1479 1502/1855/1479 1508/1858/1479 1519/1870/1479
f 1519/1870/1480 1508/1858/1480 1504/1861/1480 1517/1873/1480
f 1503/1859/1481 1497/1854/1481 1500/1853/1481 1507/1860/1481
f 1507/1860/1482 1500/1853/1482 1496/1852/1482 1504/1861/1482
f 1467/1804/1483 1495/1848/1483 1501/1851/1483 1470/1805/1483
f 1470/1811/1484 1501/1851/1484 1497/1854/1484 1468/1808/1484
f 1502/1855/1485 1475/1820/1485 1477/1823/1485 1505/1856/1485
f 1505/1856/1486 1477/1817/1486 1474/1816/1486 1503/1859/1486
f 1481/1828/1487 1509/1862/1487 1495/1848/1487 1467/1804/1487
f 1469/1812/1488 1476/1824/1488 1490/1846/1488 1482/1832/1488
f 1497/1854/1489 1503/1859/1489 1474/1816/1489 1468/1808/1489
f 1516/1869/1490 1488/1838/1490 1475/1820/1490 1502/1855/1490
f 1483/1836/1491 1489/1842/1491 1518/1875/1491 1510/1866/1491
f 1511/1868/1492 1517/1873/1492 1504/1861/1492 1496/1852/1492
o female_UniformTorso
v 0.470000 0.820000 0.090000
v 0.470000 0.880000 0.150000
v 0.410000 0.880000 0.090000
v 0.470000 0.837574 0.132426
v 0.435359 0.845359 0.124641
v 0.427574 0.880000 0.132426
v 0.427574 0.837574 0.090000
v 0.470000 1.440000 0.150000
v 0.470000 1.500000 0.090000
v 0.410000 1.440000 0.090000
v 0.470000 1.482426 0.132426
v 0.435359 1.474641 0.124641
v 0.427574 1.482426 0.090000
v 0.427574 1.440000 0.132426
v 0.470000 0.820000 -0.090000
v 0.410000 0.880000 -0.090000
v 0.470000 0.880000 -0.150000
v 0.427574 0.837574 -0.090000
v 0.435359 0.845359 -0.124641
v 0.427574 0.880000 -0.132426
v 0.470000 0.837574 -0.132426
v 0.470000 1.500000 -0.090000
v 0.470000 1.440000 -0.150000
v 0.410000 1.440000 -0.090000
v 0.470000 1.482426 -0.132426
v 0.435359 1.474641 -0.124641
v 0.427574 1.440000 -0.132426
v 0.427574 1.482426 -0.090000
v 0.830000 0.820000 0.090000
v 0.890000 0.880000 0.090000
v 0.830000 0.880000 0.150000
v 0.872426 0.837574 0.090000
v 0.864641 0.845359 0.124641
v 0.872426 0.880000 0.132426
v 0.830000 0.837574 0.132426
v 0.830000 1.500000 0.090000
v 0.830000 1.440000 0.150000
v 0.890000 1.440000 0.090000
v 0.830000 1.482426 0.132426
v 0.864641 1.474641 0.124641
v 0.872426 1.440000 0.132426
v 0.872426 1.482426 0.090000
v 0.830000 0.820000 -0.090000
v 0.830000 0.880000 -0.150000
v 0.890000 0.880000 -0.090000
v 0.830000 0.837574 -0.132426
v 0.864641 0.845359 -0.124641
v 0.872426 0.880000 -0.132426
v 0.872426 0.837574 -0.090000
v 0.830000 1.500000 -0.090000
v 0.890000 1.440000 -0.090000
v 0.830000 1.440000 -0.150000
v 0.872426 1.482426 -0.090000
v 0.864641 1.474641 -0.124641
v 0.872426 1.440000 -0.132426
v 0.830000 1.482426 -0.132426
vn -0.3251 -0.8881 0.3251
vn -0.3251 -0.3251 0.8881
vn -0.8881 -0.3251 0.3251
vn -0.3251 0.3251 0.8881
vn -0.3251 0.8881 0.3251
vn -0.8881 0.3251 0.3251
vn -0.3251 -0.8881 -0.3251
vn -0.8881 -0.3251 -0.3251
vn -0.3251 -0.3251 -0.8881
vn -0.3251 0.8881 -0.3251
vn -0.3251 0.3251 -0.8881
vn -0.8881 0.3251 -0.3251
vn 0.3251 -0.8881 0.3251
vn 0.8881 -0.3251 0.3251
vn 0.3251 -0.3251 0.8881
vn 0.3251 0.8881 0.3251
vn 0.3251 0.3251 0.8881
vn 0.8881 0.3251 0.3251
vn 0.3251 -0.8881 -0.3251
vn 0.3251 -0.3251 -0.8881
vn 0.8881 -0.3251 -0.3251
vn 0.3251 0.8881 -0.3251
vn 0.8881 0.3251 -0.3251
vn 0.3251 0.3251 -0.8881
vn -0.3827 -0.9239 -0.0000
vn -0.9239 -0.3827 -0.0000
vn -0.3827 -0.0000 0.9239
vn -0.9239 -0.0000 0.3827
vn -0.3827 0.9239 -0.0000
vn -0.9239 0.3827 -0.0000
vn -0.3827 -0.0000 -0.9239
vn -0.9239 -0.0000 -0.3827
vn -0.0000 -0.9239 -0.3827
vn -0.0000 -0.3827 -0.9239
vn -0.0000 0.9239 -0.3827
vn -0.0000 0.3827 -0.9239
vn 0.9239 -0.0000 -0.3827
vn 0.3827 -0.0000 -0.9239
vn 0.3827 -0.9239 -0.0000
vn 0.9239 -0.3827 -0.0000
vn 0.3827 0.9239 -0.0000
vn 0.9239 0.3827 -0.0000
vn 0.3827 -0.0000 0.9239
vn 0.9239 -0.0000 0.3827
vn -0.0000 -0.9239 0.3827
vn -0.0000 -0.3827 0.9239
vn -0.0000 0.9239 0.3827
vn -0.0000 0.3827 0.9239
vn -0.0000 -1.0000 -0.0000
vn -1.0000 -0.0000 -0.0000
vn -0.0000 -0.0000 1.0000
vn -0.0000 1.0000 -0.0000
vn -0.0000 -0.0000 -1.0000
vn 1.0000 -0.0000 -0.0000
vt 0.156250 0.700000
vt 0.156250 0.750000
vt 0.138208 0.750000
vt 0.125000 0.700000
vt 0.397059 0.968750
vt 0.397059 1.000000
vt 0.384323 1.000000
vt 0.375000 0.968750
vt 0.397059 0.050000
vt 0.375000 0.050000
vt 0.375000 0.021132
vt 0.397059 0.000000
vt 0.602941 0.968750
vt 0.625000 0.968750
vt 0.625000 0.986792
vt 0.602941 1.000000
vt 0.843750 0.700000
vt 0.875000 0.700000
vt 0.875000 0.728868
vt 0.843750 0.750000
vt 0.602941 0.050000
vt 0.602941 0.000000
vt 0.615677 0.000000
vt 0.625000 0.050000
vt 0.156250 0.550000
vt 0.125000 0.550000
vt 0.125000 0.521132
vt 0.156250 0.500000
vt 0.397059 0.200000
vt 0.397059 0.250000
vt 0.379662 0.256604
vt 0.375000 0.200000
vt 0.397059 0.281250
vt 0.375000 0.281250
vt 0.843750 0.550000
vt 0.843750 0.500000
vt 0.861792 0.500000
vt 0.875000 0.550000
vt 0.602941 0.281250
vt 0.602941 0.250000
vt 0.620338 0.239434
vt 0.625000 0.281250
vt 0.602941 0.200000
vt 0.625000 0.200000
vt 0.343750 0.700000
vt 0.375000 0.700000
vt 0.378108 0.747359
vt 0.359375 0.765625
vt 0.397059 0.700000
vt 0.397059 0.750000
vt 0.397059 0.781250
vt 0.656250 0.700000
vt 0.640625 0.765625
vt 0.626295 0.742956
vt 0.625000 0.700000
vt 0.602941 0.781250
vt 0.602941 0.750000
vt 0.602941 0.700000
vt 0.343750 0.550000
vt 0.359375 0.484375
vt 0.373705 0.507044
vt 0.375000 0.550000
vt 0.397059 0.468750
vt 0.397059 0.500000
vt 0.397059 0.550000
vt 0.656250 0.550000
vt 0.625000 0.550000
vt 0.621892 0.502642
vt 0.640625 0.484375
vt 0.602941 0.550000
vt 0.602941 0.500000
vt 0.602941 0.468750
s 0
usemtl MAT_Fabric_Olive
f 1523/1876/1493 1526/1877/1493 1527/1878/1493 1529/1879/1493
f 1524/1880/1494 1528/1881/1494 1527/1882/1494 1526/1883/1494
f 1525/1884/1495 1529/1885/1495 1527/1886/1495 1528/1887/1495
f 1530/1888/1496 1533/1889/1496 1534/1890/1496 1536/1891/1496
f 1531/1892/1497 1535/1893/1497 1534/1894/1497 1533/1895/1497
f 1532/1896/1498 1536/1897/1498 1534/1898/1498 1535/1899/1498
f 1537/1900/1499 1540/1901/1499 1541/1902/1499 1543/1903/1499
f 1538/1904/1500 1542/1905/1500 1541/1906/1500 1540/1907/1500
f 1539/1908/1501 1543/1909/1501 1541/1906/1501 1542/1905/1501
f 1544/1910/1502 1547/1911/1502 1548/1912/1502 1550/1913/1502
f 1545/1914/1503 1549/1915/1503 1548/1916/1503 1547/1917/1503
f 1546/1918/1504 1550/1919/1504 1548/1916/1504 1549/1915/1504
f 1551/1920/1505 1554/1921/1505 1555/1922/1505 1557/1923/1505
f 1552/1924/1506 1556/1925/1506 1555/1922/1506 1554/1921/1506
f 1553/1926/1507 1557/1923/1507 1555/1922/1507 1556/1925/1507
f 1558/1927/1508 1561/1928/1508 1562/1929/1508 1564/1930/1508
f 1559/1931/1509 1563/1932/1509 1562/1929/1509 1561/1928/1509
f 1560/1933/1510 1564/1930/1510 1562/1929/1510 1563/1932/1510
f 1565/1934/1511 1568/1935/1511 1569/1936/1511 1571/1937/1511
f 1566/1938/1512 1570/1939/1512 1569/1936/1512 1568/1935/1512
f 1567/1940/1513 1571/1937/1513 1569/1936/1513 1570/1939/1513
f 1572/1941/1514 1575/1942/1514 1576/1943/1514 1578/1944/1514
f 1573/1945/1515 1577/1946/1515 1576/1943/1515 1575/1942/1515
f 1574/1947/1516 1578/1944/1516 1576/1943/1516 1577/1946/1516
f 1537/1900/1517 1523/1876/1517 1529/1879/1517 1540/1901/1517
f 1540/1907/1518 1529/1885/1518 1525/1884/1518 1538/1904/1518
f 1524/1880/1519 1530/1888/1519 1536/1891/1519 1528/1881/1519
f 1528/1887/1520 1536/1897/1520 1532/1896/1520 1525/1884/1520
f 1531/1892/1521 1544/1910/1521 1550/1913/1521 1535/1893/1521
f 1535/1899/1522 1550/1919/1522 1546/1918/1522 1532/1896/1522
f 1545/1914/1523 1539/1908/1523 1542/1905/1523 1549/1915/1523
f 1549/1915/1524 1542/1905/1524 1538/1904/1524 1546/1918/1524
f 1565/1934/1525 1537/1900/1525 1543/1903/1525 1568/1935/1525
f 1568/1935/1526 1543/1909/1526 1539/1908/1526 1566/1938/1526
f 1544/1910/1527 1572/1941/1527 1578/1944/1527 1547/1911/1527
f 1547/1917/1528 1578/1944/1528 1574/1947/1528 1545/1914/1528
f 1573/1945/1529 1567/1940/1529 1570/1939/1529 1577/1946/1529
f 1577/1946/1530 1570/1939/1530 1566/1938/1530 1574/1947/1530
f 1551/1920/1531 1565/1934/1531 1571/1937/1531 1554/1921/1531
f 1554/1921/1532 1571/1937/1532 1567/1940/1532 1552/1924/1532
f 1572/1941/1533 1558/1927/1533 1564/1930/1533 1575/1942/1533
f 1575/1942/1534 1564/1930/1534 1560/1933/1534 1573/1945/1534
f 1559/1931/1535 1553/1926/1535 1556/1925/1535 1563/1932/1535
f 1563/1932/1536 1556/1925/1536 1552/1924/1536 1560/1933/1536
f 1523/1876/1537 1551/1920/1537 1557/1923/1537 1526/1877/1537
f 1526/1883/1538 1557/1923/1538 1553/1926/1538 1524/1880/1538
f 1558/1927/1539 1531/1892/1539 1533/1895/1539 1561/1928/1539
f 1561/1928/1540 1533/1889/1540 1530/1888/1540 1559/1931/1540
f 1537/1900/1541 1565/1934/1541 1551/1920/1541 1523/1876/1541
f 1525/1884/1542 1532/1896/1542 1546/1918/1542 1538/1904/1542
f 1553/1926/1543 1559/1931/1543 1530/1888/1543 1524/1880/1543
f 1572/1941/1544 1544/1910/1544 1531/1892/1544 1558/1927/1544
f 1539/1908/1545 1545/1914/1545 1574/1947/1545 1566/1938/1545
f 1567/1940/1546 1573/1945/1546 1560/1933/1546 1552/1924/1546
o female_UniformPelvis
v 0.500000 0.700000 0.090000
v 0.500000 0.750000 0.140000
v 0.450000 0.750000 0.090000
v 0.500000 0.714645 0.125355
v 0.471132 0.721133 0.118868
v 0.464645 0.750000 0.125355
v 0.464645 0.714645 0.090000
v 0.500000 0.970000 0.140000
v 0.500000 1.020000 0.090000
v 0.450000 0.970000 0.090000
v 0.500000 1.005355 0.125355
v 0.471132 0.998868 0.118868
v 0.464645 1.005355 0.090000
v 0.464645 0.970000 0.125355
v 0.500000 0.700000 -0.090000
v 0.450000 0.750000 -0.090000
v 0.500000 0.750000 -0.140000
v 0.464645 0.714645 -0.090000
v 0.471132 0.721133 -0.118868
v 0.464645 0.750000 -0.125355
v 0.500000 0.714645 -0.125355
v 0.500000 1.020000 -0.090000
v 0.500000 0.970000 -0.140000
v 0.450000 0.970000 -0.090000
v 0.500000 1.005355 -0.125355
v 0.471132 0.998868 -0.118868
v 0.464645 0.970000 -0.125355
v 0.464645 1.005355 -0.090000
v 0.800000 0.700000 0.090000
v 0.850000 0.750000 0.090000
v 0.800000 0.750000 0.140000
v 0.835355 0.714645 0.090000
v 0.828867 0.721133 0.118868
v 0.835355 0.750000 0.125355
v 0.800000 0.714645 0.125355
v 0.800000 1.020000 0.090000
v 0.800000 0.970000 0.140000
v 0.850000 0.970000 0.090000
v 0.800000 1.005355 0.125355
v 0.828867 0.998868 0.118868
v 0.835355 0.970000 0.125355
v 0.835355 1.005355 0.090000
v 0.800000 0.700000 -0.090000
v 0.800000 0.750000 -0.140000
v 0.850000 0.750000 -0.090000
v 0.800000 0.714645 -0.125355
v 0.828867 0.721133 -0.118868
v 0.835355 0.750000 -0.125355
v 0.835355 0.714645 -0.090000
v 0.800000 1.020000 -0.090000
v 0.850000 0.970000 -0.090000
v 0.800000 0.970000 -0.140000
v 0.835355 1.005355 -0.090000
v 0.828867 0.998868 -0.118868
v 0.835355 0.970000 -0.125355
v 0.800000 1.005355 -0.125355
vn -0.3251 -0.8881 0.3251
vn -0.3251 -0.3251 0.8881
vn -0.8881 -0.3251 0.3251
vn -0.3251 0.3251 0.8881
vn -0.3251 0.8881 0.3251
vn -0.8881 0.3251 0.3251
vn -0.3251 -0.8881 -0.3251
vn -0.8881 -0.3251 -0.3251
vn -0.3251 -0.3251 -0.8881
vn -0.3251 0.8881 -0.3251
vn -0.3251 0.3251 -0.8881
vn -0.8881 0.3251 -0.3251
vn 0.3251 -0.8881 0.3251
vn 0.8881 -0.3251 0.3251
vn 0.3251 -0.3251 0.8881
vn 0.3251 0.8881 0.3251
vn 0.3251 0.3251 0.8881
vn 0.8881 0.3251 0.3251
vn 0.3251 -0.8881 -0.3251
vn 0.3251 -0.3251 -0.8881
vn 0.8881 -0.3251 -0.3251
vn 0.3251 0.8881 -0.3251
vn 0.8881 0.3251 -0.3251
vn 0.3251 0.3251 -0.8881
vn -0.3827 -0.9239 -0.0000
vn -0.9239 -0.3827 -0.0000
vn -0.3827 -0.0000 0.9239
vn -0.9239 -0.0000 0.3827
vn -0.3827 0.9239 -0.0000
vn -0.9239 0.3827 -0.0000
vn -0.3827 -0.0000 -0.9239
vn -0.9239 -0.0000 -0.3827
vn -0.0000 -0.9239 -0.3827
vn -0.0000 -0.3827 -0.9239
vn -0.0000 0.9239 -0.3827
vn -0.0000 0.3827 -0.9239
vn 0.9239 -0.0000 -0.3827
vn 0.3827 -0.0000 -0.9239
vn 0.3827 -0.9239 -0.0000
vn 0.9239 -0.3827 -0.0000
vn 0.3827 0.9239 -0.0000
vn 0.9239 0.3827 -0.0000
vn 0.3827 -0.0000 0.9239
vn 0.9239 -0.0000 0.3827
vn -0.0000 -0.9239 0.3827
vn -0.0000 -0.3827 0.9239
vn -0.0000 0.9239 0.3827
vn -0.0000 0.3827 0.9239
vn -0.0000 -1.0000 -0.0000
vn -1.0000 -0.0000 -0.0000
vn -0.0000 -0.0000 1.0000
vn -0.0000 1.0000 -0.0000
vn -0.0000 -0.0000 -1.0000
vn 1.0000 -0.0000 -0.0000
vt 0.156250 0.705357
vt 0.156250 0.750000
vt 0.138208 0.750000
vt 0.125000 0.705357
vt 0.414062 0.968750
vt 0.414062 1.000000
vt 0.391510 1.000000
vt 0.375000 0.968750
vt 0.414062 0.044643
vt 0.375000 0.044643
vt 0.375000 0.018868
vt 0.414062 0.000000
vt 0.585938 0.968750
vt 0.625000 0.968750
vt 0.625000 0.986792
vt 0.585938 1.000000
vt 0.843750 0.705357
vt 0.875000 0.705357
vt 0.875000 0.731132
vt 0.843750 0.750000
vt 0.585937 0.044643
vt 0.585938 0.000000
vt 0.608490 0.000000
vt 0.625000 0.044643
vt 0.156250 0.544643
vt 0.125000 0.544643
vt 0.125000 0.518868
vt 0.156250 0.500000
vt 0.414062 0.205357
vt 0.414062 0.250000
vt 0.383255 0.256604
vt 0.375000 0.205357
vt 0.414062 0.281250
vt 0.375000 0.281250
vt 0.843750 0.544643
vt 0.843750 0.500000
vt 0.861792 0.500000
vt 0.875000 0.544643
vt 0.585938 0.281250
vt 0.585938 0.250000
vt 0.616745 0.240566
vt 0.625000 0.281250
vt 0.585938 0.205357
vt 0.625000 0.205357
vt 0.343750 0.705357
vt 0.375000 0.705357
vt 0.380503 0.748113
vt 0.359375 0.765625
vt 0.414062 0.705357
vt 0.414062 0.750000
vt 0.414062 0.781250
vt 0.656250 0.705357
vt 0.640625 0.765625
vt 0.623899 0.743711
vt 0.625000 0.705357
vt 0.585938 0.781250
vt 0.585938 0.750000
vt 0.585938 0.705357
vt 0.343750 0.544643
vt 0.359375 0.484375
vt 0.376101 0.506289
vt 0.375000 0.544643
vt 0.414062 0.468750
vt 0.414062 0.500000
vt 0.414062 0.544643
vt 0.656250 0.544643
vt 0.625000 0.544643
vt 0.619497 0.501887
vt 0.640625 0.484375
vt 0.585937 0.544643
vt 0.585938 0.500000
vt 0.585938 0.468750
s 0
usemtl MAT_Fabric_Olive
f 1579/1948/1547 1582/1949/1547 1583/1950/1547 1585/1951/1547
f 1580/1952/1548 1584/1953/1548 1583/1954/1548 1582/1955/1548
f 1581/1956/1549 1585/1957/1549 1583/1958/1549 1584/1959/1549
f 1586/1960/1550 1589/1961/1550 1590/1962/1550 1592/1963/1550
f 1587/1964/1551 1591/1965/1551 1590/1966/1551 1589/1967/1551
f 1588/1968/1552 1592/1969/1552 1590/1970/1552 1591/1971/1552
f 1593/1972/1553 1596/1973/1553 1597/1974/1553 1599/1975/1553
f 1594/1976/1554 1598/1977/1554 1597/1978/1554 1596/1979/1554
f 1595/1980/1555 1599/1981/1555 1597/1978/1555 1598/1977/1555
f 1600/1982/1556 1603/1983/1556 1604/1984/1556 1606/1985/1556
f 1601/1986/1557 1605/1987/1557 1604/1988/1557 1603/1989/1557
f 1602/1990/1558 1606/1991/1558 1604/1988/1558 1605/1987/1558
f 1607/1992/1559 1610/1993/1559 1611/1994/1559 1613/1995/1559
f 1608/1996/1560 1612/1997/1560 1611/1994/1560 1610/1993/1560
f 1609/1998/1561 1613/1995/1561 1611/1994/1561 1612/1997/1561
f 1614/1999/1562 1617/2000/1562 1618/2001/1562 1620/2002/1562
f 1615/2003/1563 1619/2004/1563 1618/2001/1563 1617/2000/1563
f 1616/2005/1564 1620/2002/1564 1618/2001/1564 1619/2004/1564
f 1621/2006/1565 1624/2007/1565 1625/2008/1565 1627/2009/1565
f 1622/2010/1566 1626/2011/1566 1625/2008/1566 1624/2007/1566
f 1623/2012/1567 1627/2009/1567 1625/2008/1567 1626/2011/1567
f 1628/2013/1568 1631/2014/1568 1632/2015/1568 1634/2016/1568
f 1629/2017/1569 1633/2018/1569 1632/2015/1569 1631/2014/1569
f 1630/2019/1570 1634/2016/1570 1632/2015/1570 1633/2018/1570
f 1593/1972/1571 1579/1948/1571 1585/1951/1571 1596/1973/1571
f 1596/1979/1572 1585/1957/1572 1581/1956/1572 1594/1976/1572
f 1580/1952/1573 1586/1960/1573 1592/1963/1573 1584/1953/1573
f 1584/1959/1574 1592/1969/1574 1588/1968/1574 1581/1956/1574
f 1587/1964/1575 1600/1982/1575 1606/1985/1575 1591/1965/1575
f 1591/1971/1576 1606/1991/1576 1602/1990/1576 1588/1968/1576
f 1601/1986/1577 1595/1980/1577 1598/1977/1577 1605/1987/1577
f 1605/1987/1578 1598/1977/1578 1594/1976/1578 1602/1990/1578
f 1621/2006/1579 1593/1972/1579 1599/1975/1579 1624/2007/1579
f 1624/2007/1580 1599/1981/1580 1595/1980/1580 1622/2010/1580
f 1600/1982/1581 1628/2013/1581 1634/2016/1581 1603/1983/1581
f 1603/1989/1582 1634/2016/1582 1630/2019/1582 1601/1986/1582
f 1629/2017/1583 1623/2012/1583 1626/2011/1583 1633/2018/1583
f 1633/2018/1584 1626/2011/1584 1622/2010/1584 1630/2019/1584
f 1607/1992/1585 1621/2006/1585 1627/2009/1585 1610/1993/1585
f 1610/1993/1586 1627/2009/1586 1623/2012/1586 1608/1996/1586
f 1628/2013/1587 1614/1999/1587 1620/2002/1587 1631/2014/1587
f 1631/2014/1588 1620/2002/1588 1616/2005/1588 1629/2017/1588
f 1615/2003/1589 1609/1998/1589 1612/1997/1589 1619/2004/1589
f 1619/2004/1590 1612/1997/1590 1608/1996/1590 1616/2005/1590
f 1579/1948/1591 1607/1992/1591 1613/1995/1591 1582/1949/1591
f 1582/1955/1592 1613/1995/1592 1609/1998/1592 1580/1952/1592
f 1614/1999/1593 1587/1964/1593 1589/1967/1593 1617/2000/1593
f 1617/2000/1594 1589/1961/1594 1586/1960/1594 1615/2003/1594
f 1593/1972/1595 1621/2006/1595 1607/1992/1595 1579/1948/1595
f 1581/1956/1596 1588/1968/1596 1602/1990/1596 1594/1976/1596
f 1609/1998/1597 1615/2003/1597 1586/1960/1597 1580/1952/1597
f 1628/2013/1598 1600/1982/1598 1587/1964/1598 1614/1999/1598
f 1595/1980/1599 1601/1986/1599 1630/2019/1599 1622/2010/1599
f 1623/2012/1600 1629/2017/1600 1616/2005/1600 1608/1996/1600
o female_Carrier
v 0.460000 0.925000 0.185000
v 0.460000 0.960000 0.220000
v 0.425000 0.960000 0.185000
v 0.460000 0.935251 0.209749
v 0.439793 0.939793 0.205207
v 0.435251 0.960000 0.209749
v 0.435251 0.935251 0.185000
v 0.460000 1.380000 0.220000
v 0.460000 1.415000 0.185000
v 0.425000 1.380000 0.185000
v 0.460000 1.404749 0.209749
v 0.439793 1.400207 0.205207
v 0.435251 1.404749 0.185000
v 0.435251 1.380000 0.209749
v 0.460000 0.925000 0.145000
v 0.425000 0.960000 0.145000
v 0.460000 0.960000 0.110000
v 0.435251 0.935251 0.145000
v 0.439793 0.939793 0.124793
v 0.435251 0.960000 0.120251
v 0.460000 0.935251 0.120251
v 0.460000 1.415000 0.145000
v 0.460000 1.380000 0.110000
v 0.425000 1.380000 0.145000
v 0.460000 1.404749 0.120251
v 0.439793 1.400207 0.124793
v 0.435251 1.380000 0.120251
v 0.435251 1.404749 0.145000
v 0.840000 0.925000 0.185000
v 0.875000 0.960000 0.185000
v 0.840000 0.960000 0.220000
v 0.864749 0.935251 0.185000
v 0.860207 0.939793 0.205207
v 0.864749 0.960000 0.209749
v 0.840000 0.935251 0.209749
v 0.840000 1.415000 0.185000
v 0.840000 1.380000 0.220000
v 0.875000 1.380000 0.185000
v 0.840000 1.404749 0.209749
v 0.860207 1.400207 0.205207
v 0.864749 1.380000 0.209749
v 0.864749 1.404749 0.185000
v 0.840000 0.925000 0.145000
v 0.840000 0.960000 0.110000
v 0.875000 0.960000 0.145000
v 0.840000 0.935251 0.120251
v 0.860207 0.939793 0.124793
v 0.864749 0.960000 0.120251
v 0.864749 0.935251 0.145000
v 0.840000 1.415000 0.145000
v 0.875000 1.380000 0.145000
v 0.840000 1.380000 0.110000
v 0.864749 1.404749 0.145000
v 0.860207 1.400207 0.124793
v 0.864749 1.380000 0.120251
v 0.840000 1.404749 0.120251
vn -0.3251 -0.8881 0.3251
vn -0.3251 -0.3251 0.8881
vn -0.8881 -0.3251 0.3251
vn -0.3251 0.3251 0.8881
vn -0.3251 0.8881 0.3251
vn -0.8881 0.3251 0.3251
vn -0.3251 -0.8881 -0.3251
vn -0.8881 -0.3251 -0.3251
vn -0.3251 -0.3251 -0.8881
vn -0.3251 0.8881 -0.3251
vn -0.3251 0.3251 -0.8881
vn -0.8881 0.3251 -0.3251
vn 0.3251 -0.8881 0.3251
vn 0.8881 -0.3251 0.3251
vn 0.3251 -0.3251 0.8881
vn 0.3251 0.8881 0.3251
vn 0.3251 0.3251 0.8881
vn 0.8881 0.3251 0.3251
vn 0.3251 -0.8881 -0.3251
vn 0.3251 -0.3251 -0.8881
vn 0.8881 -0.3251 -0.3251
vn 0.3251 0.8881 -0.3251
vn 0.8881 0.3251 -0.3251
vn 0.3251 0.3251 -0.8881
vn -0.3827 -0.9239 -0.0000
vn -0.9239 -0.3827 -0.0000
vn -0.3827 -0.0000 0.9239
vn -0.9239 -0.0000 0.3827
vn -0.3827 0.9239 -0.0000
vn -0.9239 0.3827 -0.0000
vn -0.3827 -0.0000 -0.9239
vn -0.9239 -0.0000 -0.3827
vn -0.0000 -0.9239 -0.3827
vn -0.0000 -0.3827 -0.9239
vn -0.0000 0.9239 -0.3827
vn -0.0000 0.3827 -0.9239
vn 0.9239 -0.0000 -0.3827
vn 0.3827 -0.0000 -0.9239
vn 0.3827 -0.9239 -0.0000
vn 0.9239 -0.3827 -0.0000
vn 0.3827 0.9239 -0.0000
vn 0.9239 0.3827 -0.0000
vn 0.3827 -0.0000 0.9239
vn 0.9239 -0.0000 0.3827
vn -0.0000 -0.9239 0.3827
vn -0.0000 -0.3827 0.9239
vn -0.0000 0.9239 0.3827
vn -0.0000 0.3827 0.9239
vn -0.0000 -1.0000 -0.0000
vn -1.0000 -0.0000 -0.0000
vn -0.0000 -0.0000 1.0000
vn -0.0000 1.0000 -0.0000
vn -0.0000 -0.0000 -1.0000
vn 1.0000 -0.0000 -0.0000
vt 0.144444 0.670455
vt 0.144444 0.750000
vt 0.133218 0.750000
vt 0.125000 0.670455
vt 0.392857 0.980556
vt 0.392857 1.000000
vt 0.382547 1.000000
vt 0.375000 0.980556
vt 0.392857 0.079545
vt 0.375000 0.079545
vt 0.375000 0.033620
vt 0.392857 0.000000
vt 0.607143 0.980556
vt 0.625000 0.980556
vt 0.625000 0.991782
vt 0.607143 1.000000
vt 0.855556 0.670455
vt 0.875000 0.670455
vt 0.875000 0.716380
vt 0.855556 0.750000
vt 0.607143 0.079545
vt 0.607143 0.000000
vt 0.617453 0.000000
vt 0.625000 0.079545
vt 0.144444 0.579545
vt 0.125000 0.579545
vt 0.125000 0.533620
vt 0.144444 0.500000
vt 0.392857 0.170455
vt 0.392857 0.250000
vt 0.378774 0.254109
vt 0.375000 0.170455
vt 0.392857 0.269444
vt 0.375000 0.269444
vt 0.855556 0.579545
vt 0.855556 0.500000
vt 0.866782 0.500000
vt 0.875000 0.579545
vt 0.607143 0.269444
vt 0.607143 0.250000
vt 0.621226 0.233190
vt 0.625000 0.269444
vt 0.607143 0.170455
vt 0.625000 0.170455
vt 0.355556 0.670455
vt 0.375000 0.670455
vt 0.377516 0.741533
vt 0.365278 0.759722
vt 0.392857 0.670455
vt 0.392857 0.750000
vt 0.392857 0.769444
vt 0.644444 0.670455
vt 0.634722 0.759722
vt 0.625224 0.738793
vt 0.625000 0.670455
vt 0.607143 0.769444
vt 0.607143 0.750000
vt 0.607143 0.670455
vt 0.355556 0.579545
vt 0.365278 0.490278
vt 0.374776 0.511207
vt 0.375000 0.579545
vt 0.392857 0.480556
vt 0.392857 0.500000
vt 0.392857 0.579545
vt 0.644444 0.579545
vt 0.625000 0.579545
vt 0.622484 0.508467
vt 0.634722 0.490278
vt 0.607143 0.579545
vt 0.607143 0.500000
vt 0.607143 0.480556
s 0
usemtl MAT_Cordura
f 1635/2020/1601 1638/2021/1601 1639/2022/1601 1641/2023/1601
f 1636/2024/1602 1640/2025/1602 1639/2026/1602 1638/2027/1602
f 1637/2028/1603 1641/2029/1603 1639/2030/1603 1640/2031/1603
f 1642/2032/1604 1645/2033/1604 1646/2034/1604 1648/2035/1604
f 1643/2036/1605 1647/2037/1605 1646/2038/1605 1645/2039/1605
f 1644/2040/1606 1648/2041/1606 1646/2042/1606 1647/2043/1606
f 1649/2044/1607 1652/2045/1607 1653/2046/1607 1655/2047/1607
f 1650/2048/1608 1654/2049/1608 1653/2050/1608 1652/2051/1608
f 1651/2052/1609 1655/2053/1609 1653/2050/1609 1654/2049/1609
f 1656/2054/1610 1659/2055/1610 1660/2056/1610 1662/2057/1610
f 1657/2058/1611 1661/2059/1611 1660/2060/1611 1659/2061/1611
f 1658/2062/1612 1662/2063/1612 1660/2060/1612 1661/2059/1612
f 1663/2064/1613 1666/2065/1613 1667/2066/1613 1669/2067/1613
f 1664/2068/1614 1668/2069/1614 1667/2066/1614 1666/2065/1614
f 1665/2070/1615 1669/2067/1615 1667/2066/1615 1668/2069/1615
f 1670/2071/1616 1673/2072/1616 1674/2073/1616 1676/2074/1616
f 1671/2075/1617 1675/2076/1617 1674/2073/1617 1673/2072/1617
f 1672/2077/1618 1676/2074/1618 1674/2073/1618 1675/2076/1618
f 1677/2078/1619 1680/2079/1619 1681/2080/1619 1683/2081/1619
f 1678/2082/1620 1682/2083/1620 1681/2080/1620 1680/2079/1620
f 1679/2084/1621 1683/2081/1621 1681/2080/1621 1682/2083/1621
f 1684/2085/1622 1687/2086/1622 1688/2087/1622 1690/2088/1622
f 1685/2089/1623 1689/2090/1623 1688/2087/1623 1687/2086/1623
f 1686/2091/1624 1690/2088/1624 1688/2087/1624 1689/2090/1624
f 1649/2044/1625 1635/2020/1625 1641/2023/1625 1652/2045/1625
f 1652/2051/1626 1641/2029/1626 1637/2028/1626 1650/2048/1626
f 1636/2024/1627 1642/2032/1627 1648/2035/1627 1640/2025/1627
f 1640/2031/1628 1648/2041/1628 1644/2040/1628 1637/2028/1628
f 1643/2036/1629 1656/2054/1629 1662/2057/1629 1647/2037/1629
f 1647/2043/1630 1662/2063/1630 1658/2062/1630 1644/2040/1630
f 1657/2058/1631 1651/2052/1631 1654/2049/1631 1661/2059/1631
f 1661/2059/1632 1654/2049/1632 1650/2048/1632 1658/2062/1632
f 1677/2078/1633 1649/2044/1633 1655/2047/1633 1680/2079/1633
f 1680/2079/1634 1655/2053/1634 1651/2052/1634 1678/2082/1634
f 1656/2054/1635 1684/2085/1635 1690/2088/1635 1659/2055/1635
f 1659/2061/1636 1690/2088/1636 1686/2091/1636 1657/2058/1636
f 1685/2089/1637 1679/2084/1637 1682/2083/1637 1689/2090/1637
f 1689/2090/1638 1682/2083/1638 1678/2082/1638 1686/2091/1638
f 1663/2064/1639 1677/2078/1639 1683/2081/1639 1666/2065/1639
f 1666/2065/1640 1683/2081/1640 1679/2084/1640 1664/2068/1640
f 1684/2085/1641 1670/2071/1641 1676/2074/1641 1687/2086/1641
f 1687/2086/1642 1676/2074/1642 1672/2077/1642 1685/2089/1642
f 1671/2075/1643 1665/2070/1643 1668/2069/1643 1675/2076/1643
f 1675/2076/1644 1668/2069/1644 1664/2068/1644 1672/2077/1644
f 1635/2020/1645 1663/2064/1645 1669/2067/1645 1638/2021/1645
f 1638/2027/1646 1669/2067/1646 1665/2070/1646 1636/2024/1646
f 1670/2071/1647 1643/2036/1647 1645/2039/1647 1673/2072/1647
f 1673/2072/1648 1645/2033/1648 1642/2032/1648 1671/2075/1648
f 1649/2044/1649 1677/2078/1649 1663/2064/1649 1635/2020/1649
f 1637/2028/1650 1644/2040/1650 1658/2062/1650 1650/2048/1650
f 1665/2070/1651 1671/2075/1651 1642/2032/1651 1636/2024/1651
f 1684/2085/1652 1656/2054/1652 1643/2036/1652 1670/2071/1652
f 1651/2052/1653 1657/2058/1653 1686/2091/1653 1678/2082/1653
f 1679/2084/1654 1685/2089/1654 1672/2077/1654 1664/2068/1654
o female_FrontPlate
v 0.513000 1.010000 0.227000
v 0.513000 1.033000 0.250000
v 0.490000 1.033000 0.227000
v 0.513000 1.016737 0.243263
v 0.499721 1.019721 0.240279
v 0.496737 1.033000 0.243263
v 0.496737 1.016737 0.227000
v 0.513000 1.327000 0.250000
v 0.513000 1.350000 0.227000
v 0.490000 1.327000 0.227000
v 0.513000 1.343263 0.243263
v 0.499721 1.340279 0.240279
v 0.496737 1.343263 0.227000
v 0.496737 1.327000 0.243263
v 0.513000 1.010000 0.227000
v 0.490000 1.033000 0.227000
v 0.513000 1.033000 0.204000
v 0.496737 1.016737 0.227000
v 0.499721 1.019721 0.213721
v 0.496737 1.033000 0.210737
v 0.513000 1.016737 0.210737
v 0.513000 1.350000 0.227000
v 0.513000 1.327000 0.204000
v 0.490000 1.327000 0.227000
v 0.513000 1.343263 0.210737
v 0.499721 1.340279 0.213721
v 0.496737 1.327000 0.210737
v 0.496737 1.343263 0.227000
v 0.787000 1.010000 0.227000
v 0.810000 1.033000 0.227000
v 0.787000 1.033000 0.250000
v 0.803263 1.016737 0.227000
v 0.800279 1.019721 0.240279
v 0.803263 1.033000 0.243263
v 0.787000 1.016737 0.243263
v 0.787000 1.350000 0.227000
v 0.787000 1.327000 0.250000
v 0.810000 1.327000 0.227000
v 0.787000 1.343263 0.243263
v 0.800279 1.340279 0.240279
v 0.803263 1.327000 0.243263
v 0.803263 1.343263 0.227000
v 0.787000 1.010000 0.227000
v 0.787000 1.033000 0.204000
v 0.810000 1.033000 0.227000
v 0.787000 1.016737 0.210737
v 0.800279 1.019721 0.213721
v 0.803263 1.033000 0.210737
v 0.803263 1.016737 0.227000
v 0.787000 1.350000 0.227000
v 0.810000 1.327000 0.227000
v 0.787000 1.327000 0.204000
v 0.803263 1.343263 0.227000
v 0.800279 1.340279 0.213721
v 0.803263 1.327000 0.210737
v 0.787000 1.343263 0.210737
vn -0.3251 -0.8881 0.3251
vn -0.3251 -0.3251 0.8881
vn -0.8881 -0.3251 0.3251
vn -0.3251 0.3251 0.8881
vn -0.3251 0.8881 0.3251
vn -0.8881 0.3251 0.3251
vn -0.3251 -0.8881 -0.3251
vn -0.8881 -0.3251 -0.3251
vn -0.3251 -0.3251 -0.8881
vn -0.3251 0.8881 -0.3251
vn -0.3251 0.3251 -0.8881
vn -0.8881 0.3251 -0.3251
vn 0.3251 -0.8881 0.3251
vn 0.8881 -0.3251 0.3251
vn 0.3251 -0.3251 0.8881
vn 0.3251 0.8881 0.3251
vn 0.3251 0.3251 0.8881
vn 0.8881 0.3251 0.3251
vn 0.3251 -0.8881 -0.3251
vn 0.3251 -0.3251 -0.8881
vn 0.8881 -0.3251 -0.3251
vn 0.3251 0.8881 -0.3251
vn 0.8881 0.3251 -0.3251
vn 0.3251 0.3251 -0.8881
vn -0.3827 -0.9239 -0.0000
vn -0.9239 -0.3827 -0.0000
vn -0.3827 -0.0000 0.9239
vn -0.9239 -0.0000 0.3827
vn -0.3827 0.9239 -0.0000
vn -0.9239 0.3827 -0.0000
vn -0.3827 -0.0000 -0.9239
vn -0.9239 -0.0000 -0.3827
vn -0.0000 -0.9239 -0.3827
vn -0.0000 -0.3827 -0.9239
vn -0.0000 0.9239 -0.3827
vn -0.0000 0.3827 -0.9239
vn 0.9239 -0.0000 -0.3827
vn 0.3827 -0.0000 -0.9239
vn 0.3827 -0.9239 -0.0000
vn 0.9239 -0.3827 -0.0000
vn 0.3827 0.9239 -0.0000
vn 0.9239 0.3827 -0.0000
vn 0.3827 -0.0000 0.9239
vn 0.9239 -0.0000 0.3827
vn -0.0000 -0.9239 0.3827
vn -0.0000 -0.3827 0.9239
vn -0.0000 0.9239 0.3827
vn -0.0000 0.3827 0.9239
vn -0.0000 -1.0000 -0.0000
vn -1.0000 -0.0000 -0.0000
vn -0.0000 -0.0000 1.0000
vn -0.0000 1.0000 -0.0000
vn -0.0000 -0.0000 -1.0000
vn 1.0000 -0.0000 -0.0000
vt 0.142969 0.625000
vt 0.142969 0.750000
vt 0.132594 0.750000
vt 0.125000 0.625000
vt 0.391912 0.982031
vt 0.391912 1.000000
vt 0.382148 1.000000
vt 0.375000 0.982031
vt 0.391912 0.125000
vt 0.375000 0.125000
vt 0.375000 0.052831
vt 0.391912 0.000000
vt 0.608088 0.982031
vt 0.625000 0.982031
vt 0.625000 0.992406
vt 0.608088 1.000000
vt 0.857031 0.625000
vt 0.875000 0.625000
vt 0.875000 0.697169
vt 0.857031 0.750000
vt 0.608088 0.125000
vt 0.608088 0.000000
vt 0.617852 0.000000
vt 0.625000 0.125000
vt 0.125000 0.552831
vt 0.142969 0.500000
vt 0.391912 0.125000
vt 0.391912 0.250000
vt 0.378574 0.253797
vt 0.375000 0.125000
vt 0.391912 0.267969
vt 0.375000 0.267969
vt 0.857031 0.500000
vt 0.867405 0.500000
vt 0.608088 0.267969
vt 0.608088 0.250000
vt 0.621426 0.223584
vt 0.625000 0.267969
vt 0.608088 0.125000
vt 0.625000 0.125000
vt 0.357031 0.625000
vt 0.375000 0.625000
vt 0.377383 0.734921
vt 0.366016 0.758984
vt 0.391912 0.625000
vt 0.391912 0.750000
vt 0.391912 0.767969
vt 0.642969 0.625000
vt 0.633984 0.758984
vt 0.625149 0.732390
vt 0.625000 0.625000
vt 0.608088 0.767969
vt 0.608088 0.750000
vt 0.608088 0.625000
vt 0.366016 0.491016
vt 0.374851 0.517610
vt 0.391912 0.482031
vt 0.391912 0.500000
vt 0.391912 0.625000
vt 0.622617 0.515079
vt 0.633984 0.491016
vt 0.608088 0.625000
vt 0.608088 0.500000
vt 0.608088 0.482031
s 0
usemtl MAT_Polymer
f 1691/2092/1655 1694/2093/1655 1695/2094/1655 1697/2095/1655
f 1692/2096/1656 1696/2097/1656 1695/2098/1656 1694/2099/1656
f 1693/2100/1657 1697/2101/1657 1695/2102/1657 1696/2103/1657
f 1698/2104/1658 1701/2105/1658 1702/2106/1658 1704/2107/1658
f 1699/2108/1659 1703/2109/1659 1702/2110/1659 1701/2111/1659
f 1700/2112/1660 1704/2113/1660 1702/2114/1660 1703/2115/1660
f 1705/2092/1661 1708/2095/1661 1709/2116/1661 1711/2117/1661
f 1706/2118/1662 1710/2119/1662 1709/2120/1662 1708/2121/1662
f 1707/2122/1663 1711/2123/1663 1709/2120/1663 1710/2119/1663
f 1712/2108/1664 1715/2124/1664 1716/2125/1664 1718/2109/1664
f 1713/2126/1665 1717/2127/1665 1716/2128/1665 1715/2129/1665
f 1714/2130/1666 1718/2131/1666 1716/2128/1666 1717/2127/1666
f 1719/2132/1667 1722/2133/1667 1723/2134/1667 1725/2135/1667
f 1720/2136/1668 1724/2137/1668 1723/2134/1668 1722/2133/1668
f 1721/2138/1669 1725/2135/1669 1723/2134/1669 1724/2137/1669
f 1726/2139/1670 1729/2140/1670 1730/2141/1670 1732/2142/1670
f 1727/2143/1671 1731/2144/1671 1730/2141/1671 1729/2140/1671
f 1728/2145/1672 1732/2142/1672 1730/2141/1672 1731/2144/1672
f 1733/2132/1673 1736/2146/1673 1737/2147/1673 1739/2133/1673
f 1734/2148/1674 1738/2149/1674 1737/2147/1674 1736/2146/1674
f 1735/2150/1675 1739/2133/1675 1737/2147/1675 1738/2149/1675
f 1740/2139/1676 1743/2142/1676 1744/2151/1676 1746/2152/1676
f 1741/2153/1677 1745/2154/1677 1744/2151/1677 1743/2142/1677
f 1742/2155/1678 1746/2152/1678 1744/2151/1678 1745/2154/1678
f 1705/2092/1679 1691/2092/1679 1697/2095/1679 1708/2095/1679
f 1708/2121/1680 1697/2101/1680 1693/2100/1680 1706/2118/1680
f 1692/2096/1681 1698/2104/1681 1704/2107/1681 1696/2097/1681
f 1696/2103/1682 1704/2113/1682 1700/2112/1682 1693/2100/1682
f 1699/2108/1683 1712/2108/1683 1718/2109/1683 1703/2109/1683
f 1703/2115/1684 1718/2131/1684 1714/2130/1684 1700/2112/1684
f 1713/2126/1685 1707/2122/1685 1710/2119/1685 1717/2127/1685
f 1717/2127/1686 1710/2119/1686 1706/2118/1686 1714/2130/1686
f 1733/2132/1687 1705/2092/1687 1711/2117/1687 1736/2146/1687
f 1736/2146/1688 1711/2123/1688 1707/2122/1688 1734/2148/1688
f 1712/2108/1689 1740/2139/1689 1746/2152/1689 1715/2124/1689
f 1715/2129/1690 1746/2152/1690 1742/2155/1690 1713/2126/1690
f 1741/2153/1691 1735/2150/1691 1738/2149/1691 1745/2154/1691
f 1745/2154/1692 1738/2149/1692 1734/2148/1692 1742/2155/1692
f 1719/2132/1693 1733/2132/1693 1739/2133/1693 1722/2133/1693
f 1722/2133/1694 1739/2133/1694 1735/2150/1694 1720/2136/1694
f 1740/2139/1695 1726/2139/1695 1732/2142/1695 1743/2142/1695
f 1743/2142/1696 1732/2142/1696 1728/2145/1696 1741/2153/1696
f 1727/2143/1697 1721/2138/1697 1724/2137/1697 1731/2144/1697
f 1731/2144/1698 1724/2137/1698 1720/2136/1698 1728/2145/1698
f 1691/2092/1699 1719/2132/1699 1725/2135/1699 1694/2093/1699
f 1694/2099/1700 1725/2135/1700 1721/2138/1700 1692/2096/1700
f 1726/2139/1701 1699/2108/1701 1701/2111/1701 1729/2140/1701
f 1729/2140/1702 1701/2105/1702 1698/2104/1702 1727/2143/1702
f 1705/2092/1703 1733/2132/1703 1719/2132/1703 1691/2092/1703
f 1693/2100/1704 1700/2112/1704 1714/2130/1704 1706/2118/1704
f 1721/2138/1705 1727/2143/1705 1698/2104/1705 1692/2096/1705
f 1740/2139/1706 1712/2108/1706 1699/2108/1706 1726/2139/1706
f 1707/2122/1707 1713/2126/1707 1742/2155/1707 1734/2148/1707
f 1735/2150/1708 1741/2153/1708 1728/2145/1708 1720/2136/1708
o female_Pouch_-0.11
v 0.507000 0.945000 0.298000
v 0.507000 0.957000 0.310000
v 0.495000 0.957000 0.298000
v 0.507000 0.948515 0.306485
v 0.500072 0.950072 0.304928
v 0.498515 0.957000 0.306485
v 0.498515 0.948515 0.298000
v 0.507000 1.083000 0.310000
v 0.507000 1.095000 0.298000
v 0.495000 1.083000 0.298000
v 0.507000 1.091485 0.306485
v 0.500072 1.089928 0.304928
v 0.498515 1.091485 0.298000
v 0.498515 1.083000 0.306485
v 0.507000 0.945000 0.242000
v 0.495000 0.957000 0.242000
v 0.507000 0.957000 0.230000
v 0.498515 0.948515 0.242000
v 0.500072 0.950072 0.235072
v 0.498515 0.957000 0.233515
v 0.507000 0.948515 0.233515
v 0.507000 1.095000 0.242000
v 0.507000 1.083000 0.230000
v 0.495000 1.083000 0.242000
v 0.507000 1.091485 0.233515
v 0.500072 1.089928 0.235072
v 0.498515 1.083000 0.233515
v 0.498515 1.091485 0.242000
v 0.573000 0.945000 0.298000
v 0.585000 0.957000 0.298000
v 0.573000 0.957000 0.310000
v 0.581485 0.948515 0.298000
v 0.579928 0.950072 0.304928
v 0.581485 0.957000 0.306485
v 0.573000 0.948515 0.306485
v 0.573000 1.095000 0.298000
v 0.573000 1.083000 0.310000
v 0.585000 1.083000 0.298000
v 0.573000 1.091485 0.306485
v 0.579928 1.089928 0.304928
v 0.581485 1.083000 0.306485
v 0.581485 1.091485 0.298000
v 0.573000 0.945000 0.242000
v 0.573000 0.957000 0.230000
v 0.585000 0.957000 0.242000
v 0.573000 0.948515 0.233515
v 0.579928 0.950072 0.235072
v 0.581485 0.957000 0.233515
v 0.581485 0.948515 0.242000
v 0.573000 1.095000 0.242000
v 0.585000 1.083000 0.242000
v 0.573000 1.083000 0.230000
v 0.581485 1.091485 0.242000
v 0.579928 1.089928 0.235072
v 0.581485 1.083000 0.233515
v 0.573000 1.091485 0.233515
vn -0.3251 -0.8881 0.3251
vn -0.3251 -0.3251 0.8881
vn -0.8881 -0.3251 0.3251
vn -0.3251 0.3251 0.8881
vn -0.3251 0.8881 0.3251
vn -0.8881 0.3251 0.3251
vn -0.3251 -0.8881 -0.3251
vn -0.8881 -0.3251 -0.3251
vn -0.3251 -0.3251 -0.8881
vn -0.3251 0.8881 -0.3251
vn -0.3251 0.3251 -0.8881
vn -0.8881 0.3251 -0.3251
vn 0.3251 -0.8881 0.3251
vn 0.8881 -0.3251 0.3251
vn 0.3251 -0.3251 0.8881
vn 0.3251 0.8881 0.3251
vn 0.3251 0.3251 0.8881
vn 0.8881 0.3251 0.3251
vn 0.3251 -0.8881 -0.3251
vn 0.3251 -0.3251 -0.8881
vn 0.8881 -0.3251 -0.3251
vn 0.3251 0.8881 -0.3251
vn 0.8881 0.3251 -0.3251
vn 0.3251 0.3251 -0.8881
vn -0.3827 -0.9239 -0.0000
vn -0.9239 -0.3827 -0.0000
vn -0.3827 -0.0000 0.9239
vn -0.9239 -0.0000 0.3827
vn -0.3827 0.9239 -0.0000
vn -0.9239 0.3827 -0.0000
vn -0.3827 -0.0000 -0.9239
vn -0.9239 -0.0000 -0.3827
vn -0.0000 -0.9239 -0.3827
vn -0.0000 -0.3827 -0.9239
vn -0.0000 0.9239 -0.3827
vn -0.0000 0.3827 -0.9239
vn 0.9239 -0.0000 -0.3827
vn 0.3827 -0.0000 -0.9239
vn 0.3827 -0.9239 -0.0000
vn 0.9239 -0.3827 -0.0000
vn 0.3827 0.9239 -0.0000
vn 0.9239 0.3827 -0.0000
vn 0.3827 -0.0000 0.9239
vn 0.9239 -0.0000 0.3827
vn -0.0000 -0.9239 0.3827
vn -0.0000 -0.3827 0.9239
vn -0.0000 0.9239 0.3827
vn -0.0000 0.3827 0.9239
vn -0.0000 -1.0000 -0.0000
vn -1.0000 -0.0000 -0.0000
vn -0.0000 -0.0000 1.0000
vn -0.0000 1.0000 -0.0000
vn -0.0000 -0.0000 -1.0000
vn 1.0000 -0.0000 -0.0000
vt 0.158333 0.712500
vt 0.158333 0.750000
vt 0.139088 0.750000
vt 0.125000 0.712500
vt 0.395000 0.966667
vt 0.395000 1.000000
vt 0.383453 1.000000
vt 0.375000 0.966667
vt 0.395000 0.037500
vt 0.375000 0.037500
vt 0.375000 0.015849
vt 0.395000 0.000000
vt 0.605000 0.966667
vt 0.625000 0.966667
vt 0.625000 0.985912
vt 0.605000 1.000000
vt 0.841667 0.712500
vt 0.875000 0.712500
vt 0.875000 0.734151
vt 0.841667 0.750000
vt 0.605000 0.037500
vt 0.605000 0.000000
vt 0.616547 0.000000
vt 0.625000 0.037500
vt 0.158333 0.537500
vt 0.125000 0.537500
vt 0.125000 0.515849
vt 0.158333 0.500000
vt 0.395000 0.212500
vt 0.395000 0.250000
vt 0.379226 0.257044
vt 0.375000 0.212500
vt 0.395000 0.283333
vt 0.375000 0.283333
vt 0.841667 0.537500
vt 0.841667 0.500000
vt 0.860912 0.500000
vt 0.875000 0.537500
vt 0.605000 0.283333
vt 0.605000 0.250000
vt 0.620774 0.242075
vt 0.625000 0.283333
vt 0.605000 0.212500
vt 0.625000 0.212500
vt 0.341667 0.712500
vt 0.375000 0.712500
vt 0.377818 0.749413
vt 0.358333 0.766667
vt 0.395000 0.712500
vt 0.395000 0.750000
vt 0.395000 0.783333
vt 0.658333 0.712500
vt 0.641667 0.766667
vt 0.626878 0.744717
vt 0.625000 0.712500
vt 0.605000 0.783333
vt 0.605000 0.750000
vt 0.605000 0.712500
vt 0.341667 0.537500
vt 0.358333 0.483333
vt 0.373122 0.505283
vt 0.375000 0.537500
vt 0.395000 0.466667
vt 0.395000 0.500000
vt 0.395000 0.537500
vt 0.658333 0.537500
vt 0.625000 0.537500
vt 0.622182 0.500587
vt 0.641667 0.483333
vt 0.605000 0.537500
vt 0.605000 0.500000
vt 0.605000 0.466667
s 0
usemtl MAT_Cordura
f 1747/2156/1709 1750/2157/1709 1751/2158/1709 1753/2159/1709
f 1748/2160/1710 1752/2161/1710 1751/2162/1710 1750/2163/1710
f 1749/2164/1711 1753/2165/1711 1751/2166/1711 1752/2167/1711
f 1754/2168/1712 1757/2169/1712 1758/2170/1712 1760/2171/1712
f 1755/2172/1713 1759/2173/1713 1758/2174/1713 1757/2175/1713
f 1756/2176/1714 1760/2177/1714 1758/2178/1714 1759/2179/1714
f 1761/2180/1715 1764/2181/1715 1765/2182/1715 1767/2183/1715
f 1762/2184/1716 1766/2185/1716 1765/2186/1716 1764/2187/1716
f 1763/2188/1717 1767/2189/1717 1765/2186/1717 1766/2185/1717
f 1768/2190/1718 1771/2191/1718 1772/2192/1718 1774/2193/1718
f 1769/2194/1719 1773/2195/1719 1772/2196/1719 1771/2197/1719
f 1770/2198/1720 1774/2199/1720 1772/2196/1720 1773/2195/1720
f 1775/2200/1721 1778/2201/1721 1779/2202/1721 1781/2203/1721
f 1776/2204/1722 1780/2205/1722 1779/2202/1722 1778/2201/1722
f 1777/2206/1723 1781/2203/1723 1779/2202/1723 1780/2205/1723
f 1782/2207/1724 1785/2208/1724 1786/2209/1724 1788/2210/1724
f 1783/2211/1725 1787/2212/1725 1786/2209/1725 1785/2208/1725
f 1784/2213/1726 1788/2210/1726 1786/2209/1726 1787/2212/1726
f 1789/2214/1727 1792/2215/1727 1793/2216/1727 1795/2217/1727
f 1790/2218/1728 1794/2219/1728 1793/2216/1728 1792/2215/1728
f 1791/2220/1729 1795/2217/1729 1793/2216/1729 1794/2219/1729
f 1796/2221/1730 1799/2222/1730 1800/2223/1730 1802/2224/1730
f 1797/2225/1731 1801/2226/1731 1800/2223/1731 1799/2222/1731
f 1798/2227/1732 1802/2224/1732 1800/2223/1732 1801/2226/1732
f 1761/2180/1733 1747/2156/1733 1753/2159/1733 1764/2181/1733
f 1764/2187/1734 1753/2165/1734 1749/2164/1734 1762/2184/1734
f 1748/2160/1735 1754/2168/1735 1760/2171/1735 1752/2161/1735
f 1752/2167/1736 1760/2177/1736 1756/2176/1736 1749/2164/1736
f 1755/2172/1737 1768/2190/1737 1774/2193/1737 1759/2173/1737
f 1759/2179/1738 1774/2199/1738 1770/2198/1738 1756/2176/1738
f 1769/2194/1739 1763/2188/1739 1766/2185/1739 1773/2195/1739
f 1773/2195/1740 1766/2185/1740 1762/2184/1740 1770/2198/1740
f 1789/2214/1741 1761/2180/1741 1767/2183/1741 1792/2215/1741
f 1792/2215/1742 1767/2189/1742 1763/2188/1742 1790/2218/1742
f 1768/2190/1743 1796/2221/1743 1802/2224/1743 1771/2191/1743
f 1771/2197/1744 1802/2224/1744 1798/2227/1744 1769/2194/1744
f 1797/2225/1745 1791/2220/1745 1794/2219/1745 1801/2226/1745
f 1801/2226/1746 1794/2219/1746 1790/2218/1746 1798/2227/1746
f 1775/2200/1747 1789/2214/1747 1795/2217/1747 1778/2201/1747
f 1778/2201/1748 1795/2217/1748 1791/2220/1748 1776/2204/1748
f 1796/2221/1749 1782/2207/1749 1788/2210/1749 1799/2222/1749
f 1799/2222/1750 1788/2210/1750 1784/2213/1750 1797/2225/1750
f 1783/2211/1751 1777/2206/1751 1780/2205/1751 1787/2212/1751
f 1787/2212/1752 1780/2205/1752 1776/2204/1752 1784/2213/1752
f 1747/2156/1753 1775/2200/1753 1781/2203/1753 1750/2157/1753
f 1750/2163/1754 1781/2203/1754 1777/2206/1754 1748/2160/1754
f 1782/2207/1755 1755/2172/1755 1757/2175/1755 1785/2208/1755
f 1785/2208/1756 1757/2169/1756 1754/2168/1756 1783/2211/1756
f 1761/2180/1757 1789/2214/1757 1775/2200/1757 1747/2156/1757
f 1749/2164/1758 1756/2176/1758 1770/2198/1758 1762/2184/1758
f 1777/2206/1759 1783/2211/1759 1754/2168/1759 1748/2160/1759
f 1796/2221/1760 1768/2190/1760 1755/2172/1760 1782/2207/1760
f 1763/2188/1761 1769/2194/1761 1798/2227/1761 1790/2218/1761
f 1791/2220/1762 1797/2225/1762 1784/2213/1762 1776/2204/1762
o female_Pouch_0
v 0.617000 0.945000 0.298000
v 0.617000 0.957000 0.310000
v 0.605000 0.957000 0.298000
v 0.617000 0.948515 0.306485
v 0.610072 0.950072 0.304928
v 0.608515 0.957000 0.306485
v 0.608515 0.948515 0.298000
v 0.617000 1.083000 0.310000
v 0.617000 1.095000 0.298000
v 0.605000 1.083000 0.298000
v 0.617000 1.091485 0.306485
v 0.610072 1.089928 0.304928
v 0.608515 1.091485 0.298000
v 0.608515 1.083000 0.306485
v 0.617000 0.945000 0.242000
v 0.605000 0.957000 0.242000
v 0.617000 0.957000 0.230000
v 0.608515 0.948515 0.242000
v 0.610072 0.950072 0.235072
v 0.608515 0.957000 0.233515
v 0.617000 0.948515 0.233515
v 0.617000 1.095000 0.242000
v 0.617000 1.083000 0.230000
v 0.605000 1.083000 0.242000
v 0.617000 1.091485 0.233515
v 0.610072 1.089928 0.235072
v 0.608515 1.083000 0.233515
v 0.608515 1.091485 0.242000
v 0.683000 0.945000 0.298000
v 0.695000 0.957000 0.298000
v 0.683000 0.957000 0.310000
v 0.691485 0.948515 0.298000
v 0.689928 0.950072 0.304928
v 0.691485 0.957000 0.306485
v 0.683000 0.948515 0.306485
v 0.683000 1.095000 0.298000
v 0.683000 1.083000 0.310000
v 0.695000 1.083000 0.298000
v 0.683000 1.091485 0.306485
v 0.689928 1.089928 0.304928
v 0.691485 1.083000 0.306485
v 0.691485 1.091485 0.298000
v 0.683000 0.945000 0.242000
v 0.683000 0.957000 0.230000
v 0.695000 0.957000 0.242000
v 0.683000 0.948515 0.233515
v 0.689928 0.950072 0.235072
v 0.691485 0.957000 0.233515
v 0.691485 0.948515 0.242000
v 0.683000 1.095000 0.242000
v 0.695000 1.083000 0.242000
v 0.683000 1.083000 0.230000
v 0.691485 1.091485 0.242000
v 0.689928 1.089928 0.235072
v 0.691485 1.083000 0.233515
v 0.683000 1.091485 0.233515
vn -0.3251 -0.8881 0.3251
vn -0.3251 -0.3251 0.8881
vn -0.8881 -0.3251 0.3251
vn -0.3251 0.3251 0.8881
vn -0.3251 0.8881 0.3251
vn -0.8881 0.3251 0.3251
vn -0.3251 -0.8881 -0.3251
vn -0.8881 -0.3251 -0.3251
vn -0.3251 -0.3251 -0.8881
vn -0.3251 0.8881 -0.3251
vn -0.3251 0.3251 -0.8881
vn -0.8881 0.3251 -0.3251
vn 0.3251 -0.8881 0.3251
vn 0.8881 -0.3251 0.3251
vn 0.3251 -0.3251 0.8881
vn 0.3251 0.8881 0.3251
vn 0.3251 0.3251 0.8881
vn 0.8881 0.3251 0.3251
vn 0.3251 -0.8881 -0.3251
vn 0.3251 -0.3251 -0.8881
vn 0.8881 -0.3251 -0.3251
vn 0.3251 0.8881 -0.3251
vn 0.8881 0.3251 -0.3251
vn 0.3251 0.3251 -0.8881
vn -0.3827 -0.9239 -0.0000
vn -0.9239 -0.3827 -0.0000
vn -0.3827 -0.0000 0.9239
vn -0.9239 -0.0000 0.3827
vn -0.3827 0.9239 -0.0000
vn -0.9239 0.3827 -0.0000
vn -0.3827 -0.0000 -0.9239
vn -0.9239 -0.0000 -0.3827
vn -0.0000 -0.9239 -0.3827
vn -0.0000 -0.3827 -0.9239
vn -0.0000 0.9239 -0.3827
vn -0.0000 0.3827 -0.9239
vn 0.9239 -0.0000 -0.3827
vn 0.3827 -0.0000 -0.9239
vn 0.3827 -0.9239 -0.0000
vn 0.9239 -0.3827 -0.0000
vn 0.3827 0.9239 -0.0000
vn 0.9239 0.3827 -0.0000
vn 0.3827 -0.0000 0.9239
vn 0.9239 -0.0000 0.3827
vn -0.0000 -0.9239 0.3827
vn -0.0000 -0.3827 0.9239
vn -0.0000 0.9239 0.3827
vn -0.0000 0.3827 0.9239
vn -0.0000 -1.0000 -0.0000
vn -1.0000 -0.0000 -0.0000
vn -0.0000 -0.0000 1.0000
vn -0.0000 1.0000 -0.0000
vn -0.0000 -0.0000 -1.0000
vn 1.0000 -0.0000 -0.0000
vt 0.158333 0.712500
vt 0.158333 0.750000
vt 0.139088 0.750000
vt 0.125000 0.712500
vt 0.395000 0.966667
vt 0.395000 1.000000
vt 0.383453 1.000000
vt 0.375000 0.966667
vt 0.395000 0.037500
vt 0.375000 0.037500
vt 0.375000 0.015849
vt 0.395000 0.000000
vt 0.605000 0.966667
vt 0.625000 0.966667
vt 0.625000 0.985912
vt 0.605000 1.000000
vt 0.841667 0.712500
vt 0.875000 0.712500
vt 0.875000 0.734151
vt 0.841667 0.750000
vt 0.605000 0.037500
vt 0.605000 0.000000
vt 0.616547 0.000000
vt 0.625000 0.037500
vt 0.158333 0.537500
vt 0.125000 0.537500
vt 0.125000 0.515849
vt 0.158333 0.500000
vt 0.395000 0.212500
vt 0.395000 0.250000
vt 0.379226 0.257044
vt 0.375000 0.212500
vt 0.395000 0.283333
vt 0.375000 0.283333
vt 0.841667 0.537500
vt 0.841667 0.500000
vt 0.860912 0.500000
vt 0.875000 0.537500
vt 0.605000 0.283333
vt 0.605000 0.250000
vt 0.620774 0.242075
vt 0.625000 0.283333
vt 0.605000 0.212500
vt 0.625000 0.212500
vt 0.341667 0.712500
vt 0.375000 0.712500
vt 0.377818 0.749413
vt 0.358333 0.766667
vt 0.395000 0.712500
vt 0.395000 0.750000
vt 0.395000 0.783333
vt 0.658333 0.712500
vt 0.641667 0.766667
vt 0.626878 0.744717
vt 0.625000 0.712500
vt 0.605000 0.783333
vt 0.605000 0.750000
vt 0.605000 0.712500
vt 0.341667 0.537500
vt 0.358333 0.483333
vt 0.373122 0.505283
vt 0.375000 0.537500
vt 0.395000 0.466667
vt 0.395000 0.500000
vt 0.395000 0.537500
vt 0.658333 0.537500
vt 0.625000 0.537500
vt 0.622182 0.500587
vt 0.641667 0.483333
vt 0.605000 0.537500
vt 0.605000 0.500000
vt 0.605000 0.466667
s 0
usemtl MAT_Cordura
f 1803/2228/1763 1806/2229/1763 1807/2230/1763 1809/2231/1763
f 1804/2232/1764 1808/2233/1764 1807/2234/1764 1806/2235/1764
f 1805/2236/1765 1809/2237/1765 1807/2238/1765 1808/2239/1765
f 1810/2240/1766 1813/2241/1766 1814/2242/1766 1816/2243/1766
f 1811/2244/1767 1815/2245/1767 1814/2246/1767 1813/2247/1767
f 1812/2248/1768 1816/2249/1768 1814/2250/1768 1815/2251/1768
f 1817/2252/1769 1820/2253/1769 1821/2254/1769 1823/2255/1769
f 1818/2256/1770 1822/2257/1770 1821/2258/1770 1820/2259/1770
f 1819/2260/1771 1823/2261/1771 1821/2258/1771 1822/2257/1771
f 1824/2262/1772 1827/2263/1772 1828/2264/1772 1830/2265/1772
f 1825/2266/1773 1829/2267/1773 1828/2268/1773 1827/2269/1773
f 1826/2270/1774 1830/2271/1774 1828/2268/1774 1829/2267/1774
f 1831/2272/1775 1834/2273/1775 1835/2274/1775 1837/2275/1775
f 1832/2276/1776 1836/2277/1776 1835/2274/1776 1834/2273/1776
f 1833/2278/1777 1837/2275/1777 1835/2274/1777 1836/2277/1777
f 1838/2279/1778 1841/2280/1778 1842/2281/1778 1844/2282/1778
f 1839/2283/1779 1843/2284/1779 1842/2281/1779 1841/2280/1779
f 1840/2285/1780 1844/2282/1780 1842/2281/1780 1843/2284/1780
f 1845/2286/1781 1848/2287/1781 1849/2288/1781 1851/2289/1781
f 1846/2290/1782 1850/2291/1782 1849/2288/1782 1848/2287/1782
f 1847/2292/1783 1851/2289/1783 1849/2288/1783 1850/2291/1783
f 1852/2293/1784 1855/2294/1784 1856/2295/1784 1858/2296/1784
f 1853/2297/1785 1857/2298/1785 1856/2295/1785 1855/2294/1785
f 1854/2299/1786 1858/2296/1786 1856/2295/1786 1857/2298/1786
f 1817/2252/1787 1803/2228/1787 1809/2231/1787 1820/2253/1787
f 1820/2259/1788 1809/2237/1788 1805/2236/1788 1818/2256/1788
f 1804/2232/1789 1810/2240/1789 1816/2243/1789 1808/2233/1789
f 1808/2239/1790 1816/2249/1790 1812/2248/1790 1805/2236/1790
f 1811/2244/1791 1824/2262/1791 1830/2265/1791 1815/2245/1791
f 1815/2251/1792 1830/2271/1792 1826/2270/1792 1812/2248/1792
f 1825/2266/1793 1819/2260/1793 1822/2257/1793 1829/2267/1793
f 1829/2267/1794 1822/2257/1794 1818/2256/1794 1826/2270/1794
f 1845/2286/1795 1817/2252/1795 1823/2255/1795 1848/2287/1795
f 1848/2287/1796 1823/2261/1796 1819/2260/1796 1846/2290/1796
f 1824/2262/1797 1852/2293/1797 1858/2296/1797 1827/2263/1797
f 1827/2269/1798 1858/2296/1798 1854/2299/1798 1825/2266/1798
f 1853/2297/1799 1847/2292/1799 1850/2291/1799 1857/2298/1799
f 1857/2298/1800 1850/2291/1800 1846/2290/1800 1854/2299/1800
f 1831/2272/1801 1845/2286/1801 1851/2289/1801 1834/2273/1801
f 1834/2273/1802 1851/2289/1802 1847/2292/1802 1832/2276/1802
f 1852/2293/1803 1838/2279/1803 1844/2282/1803 1855/2294/1803
f 1855/2294/1804 1844/2282/1804 1840/2285/1804 1853/2297/1804
f 1839/2283/1805 1833/2278/1805 1836/2277/1805 1843/2284/1805
f 1843/2284/1806 1836/2277/1806 1832/2276/1806 1840/2285/1806
f 1803/2228/1807 1831/2272/1807 1837/2275/1807 1806/2229/1807
f 1806/2235/1808 1837/2275/1808 1833/2278/1808 1804/2232/1808
f 1838/2279/1809 1811/2244/1809 1813/2247/1809 1841/2280/1809
f 1841/2280/1810 1813/2241/1810 1810/2240/1810 1839/2283/1810
f 1817/2252/1811 1845/2286/1811 1831/2272/1811 1803/2228/1811
f 1805/2236/1812 1812/2248/1812 1826/2270/1812 1818/2256/1812
f 1833/2278/1813 1839/2283/1813 1810/2240/1813 1804/2232/1813
f 1852/2293/1814 1824/2262/1814 1811/2244/1814 1838/2279/1814
f 1819/2260/1815 1825/2266/1815 1854/2299/1815 1846/2290/1815
f 1847/2292/1816 1853/2297/1816 1840/2285/1816 1832/2276/1816
o female_Pouch_0.11
v 0.727000 0.945000 0.298000
v 0.727000 0.957000 0.310000
v 0.715000 0.957000 0.298000
v 0.727000 0.948515 0.306485
v 0.720072 0.950072 0.304928
v 0.718515 0.957000 0.306485
v 0.718515 0.948515 0.298000
v 0.727000 1.083000 0.310000
v 0.727000 1.095000 0.298000
v 0.715000 1.083000 0.298000
v 0.727000 1.091485 0.306485
v 0.720072 1.089928 0.304928
v 0.718515 1.091485 0.298000
v 0.718515 1.083000 0.306485
v 0.727000 0.945000 0.242000
v 0.715000 0.957000 0.242000
v 0.727000 0.957000 0.230000
v 0.718515 0.948515 0.242000
v 0.720072 0.950072 0.235072
v 0.718515 0.957000 0.233515
v 0.727000 0.948515 0.233515
v 0.727000 1.095000 0.242000
v 0.727000 1.083000 0.230000
v 0.715000 1.083000 0.242000
v 0.727000 1.091485 0.233515
v 0.720072 1.089928 0.235072
v 0.718515 1.083000 0.233515
v 0.718515 1.091485 0.242000
v 0.793000 0.945000 0.298000
v 0.805000 0.957000 0.298000
v 0.793000 0.957000 0.310000
v 0.801485 0.948515 0.298000
v 0.799928 0.950072 0.304928
v 0.801485 0.957000 0.306485
v 0.793000 0.948515 0.306485
v 0.793000 1.095000 0.298000
v 0.793000 1.083000 0.310000
v 0.805000 1.083000 0.298000
v 0.793000 1.091485 0.306485
v 0.799928 1.089928 0.304928
v 0.801485 1.083000 0.306485
v 0.801485 1.091485 0.298000
v 0.793000 0.945000 0.242000
v 0.793000 0.957000 0.230000
v 0.805000 0.957000 0.242000
v 0.793000 0.948515 0.233515
v 0.799928 0.950072 0.235072
v 0.801485 0.957000 0.233515
v 0.801485 0.948515 0.242000
v 0.793000 1.095000 0.242000
v 0.805000 1.083000 0.242000
v 0.793000 1.083000 0.230000
v 0.801485 1.091485 0.242000
v 0.799928 1.089928 0.235072
v 0.801485 1.083000 0.233515
v 0.793000 1.091485 0.233515
vn -0.3251 -0.8881 0.3251
vn -0.3251 -0.3251 0.8881
vn -0.8881 -0.3251 0.3251
vn -0.3251 0.3251 0.8881
vn -0.3251 0.8881 0.3251
vn -0.8881 0.3251 0.3251
vn -0.3251 -0.8881 -0.3251
vn -0.8881 -0.3251 -0.3251
vn -0.3251 -0.3251 -0.8881
vn -0.3251 0.8881 -0.3251
vn -0.3251 0.3251 -0.8881
vn -0.8881 0.3251 -0.3251
vn 0.3251 -0.8881 0.3251
vn 0.8881 -0.3251 0.3251
vn 0.3251 -0.3251 0.8881
vn 0.3251 0.8881 0.3251
vn 0.3251 0.3251 0.8881
vn 0.8881 0.3251 0.3251
vn 0.3251 -0.8881 -0.3251
vn 0.3251 -0.3251 -0.8881
vn 0.8881 -0.3251 -0.3251
vn 0.3251 0.8881 -0.3251
vn 0.8881 0.3251 -0.3251
vn 0.3251 0.3251 -0.8881
vn -0.3827 -0.9239 -0.0000
vn -0.9239 -0.3827 -0.0000
vn -0.3827 -0.0000 0.9239
vn -0.9239 -0.0000 0.3827
vn -0.3827 0.9239 -0.0000
vn -0.9239 0.3827 -0.0000
vn -0.3827 -0.0000 -0.9239
vn -0.9239 -0.0000 -0.3827
vn -0.0000 -0.9239 -0.3827
vn -0.0000 -0.3827 -0.9239
vn -0.0000 0.9239 -0.3827
vn -0.0000 0.3827 -0.9239
vn 0.9239 -0.0000 -0.3827
vn 0.3827 -0.0000 -0.9239
vn 0.3827 -0.9239 -0.0000
vn 0.9239 -0.3827 -0.0000
vn 0.3827 0.9239 -0.0000
vn 0.9239 0.3827 -0.0000
vn 0.3827 -0.0000 0.9239
vn 0.9239 -0.0000 0.3827
vn -0.0000 -0.9239 0.3827
vn -0.0000 -0.3827 0.9239
vn -0.0000 0.9239 0.3827
vn -0.0000 0.3827 0.9239
vn -0.0000 -1.0000 -0.0000
vn -1.0000 -0.0000 -0.0000
vn -0.0000 -0.0000 1.0000
vn -0.0000 1.0000 -0.0000
vn -0.0000 -0.0000 -1.0000
vn 1.0000 -0.0000 -0.0000
vt 0.158333 0.712500
vt 0.158333 0.750000
vt 0.139088 0.750000
vt 0.125000 0.712500
vt 0.395000 0.966667
vt 0.395000 1.000000
vt 0.383453 1.000000
vt 0.375000 0.966667
vt 0.395000 0.037500
vt 0.375000 0.037500
vt 0.375000 0.015849
vt 0.395000 0.000000
vt 0.605000 0.966667
vt 0.625000 0.966667
vt 0.625000 0.985912
vt 0.605000 1.000000
vt 0.841667 0.712500
vt 0.875000 0.712500
vt 0.875000 0.734151
vt 0.841667 0.750000
vt 0.605000 0.037500
vt 0.605000 0.000000
vt 0.616547 0.000000
vt 0.625000 0.037500
vt 0.158333 0.537500
vt 0.125000 0.537500
vt 0.125000 0.515849
vt 0.158333 0.500000
vt 0.395000 0.212500
vt 0.395000 0.250000
vt 0.379226 0.257044
vt 0.375000 0.212500
vt 0.395000 0.283333
vt 0.375000 0.283333
vt 0.841667 0.537500
vt 0.841667 0.500000
vt 0.860912 0.500000
vt 0.875000 0.537500
vt 0.605000 0.283333
vt 0.605000 0.250000
vt 0.620774 0.242075
vt 0.625000 0.283333
vt 0.605000 0.212500
vt 0.625000 0.212500
vt 0.341667 0.712500
vt 0.375000 0.712500
vt 0.377818 0.749413
vt 0.358333 0.766667
vt 0.395000 0.712500
vt 0.395000 0.750000
vt 0.395000 0.783333
vt 0.658333 0.712500
vt 0.641667 0.766667
vt 0.626878 0.744717
vt 0.625000 0.712500
vt 0.605000 0.783333
vt 0.605000 0.750000
vt 0.605000 0.712500
vt 0.341667 0.537500
vt 0.358333 0.483333
vt 0.373122 0.505283
vt 0.375000 0.537500
vt 0.395000 0.466667
vt 0.395000 0.500000
vt 0.395000 0.537500
vt 0.658333 0.537500
vt 0.625000 0.537500
vt 0.622182 0.500587
vt 0.641667 0.483333
vt 0.605000 0.537500
vt 0.605000 0.500000
vt 0.605000 0.466667
s 0
usemtl MAT_Cordura
f 1859/2300/1817 1862/2301/1817 1863/2302/1817 1865/2303/1817
f 1860/2304/1818 1864/2305/1818 1863/2306/1818 1862/2307/1818
f 1861/2308/1819 1865/2309/1819 1863/2310/1819 1864/2311/1819
f 1866/2312/1820 1869/2313/1820 1870/2314/1820 1872/2315/1820
f 1867/2316/1821 1871/2317/1821 1870/2318/1821 1869/2319/1821
f 1868/2320/1822 1872/2321/1822 1870/2322/1822 1871/2323/1822
f 1873/2324/1823 1876/2325/1823 1877/2326/1823 1879/2327/1823
f 1874/2328/1824 1878/2329/1824 1877/2330/1824 1876/2331/1824
f 1875/2332/1825 1879/2333/1825 1877/2330/1825 1878/2329/1825
f 1880/2334/1826 1883/2335/1826 1884/2336/1826 1886/2337/1826
f 1881/2338/1827 1885/2339/1827 1884/2340/1827 1883/2341/1827
f 1882/2342/1828 1886/2343/1828 1884/2340/1828 1885/2339/1828
f 1887/2344/1829 1890/2345/1829 1891/2346/1829 1893/2347/1829
f 1888/2348/1830 1892/2349/1830 1891/2346/1830 1890/2345/1830
f 1889/2350/1831 1893/2347/1831 1891/2346/1831 1892/2349/1831
f 1894/2351/1832 1897/2352/1832 1898/2353/1832 1900/2354/1832
f 1895/2355/1833 1899/2356/1833 1898/2353/1833 1897/2352/1833
f 1896/2357/1834 1900/2354/1834 1898/2353/1834 1899/2356/1834
f 1901/2358/1835 1904/2359/1835 1905/2360/1835 1907/2361/1835
f 1902/2362/1836 1906/2363/1836 1905/2360/1836 1904/2359/1836
f 1903/2364/1837 1907/2361/1837 1905/2360/1837 1906/2363/1837
f 1908/2365/1838 1911/2366/1838 1912/2367/1838 1914/2368/1838
f 1909/2369/1839 1913/2370/1839 1912/2367/1839 1911/2366/1839
f 1910/2371/1840 1914/2368/1840 1912/2367/1840 1913/2370/1840
f 1873/2324/1841 1859/2300/1841 1865/2303/1841 1876/2325/1841
f 1876/2331/1842 1865/2309/1842 1861/2308/1842 1874/2328/1842
f 1860/2304/1843 1866/2312/1843 1872/2315/1843 1864/2305/1843
f 1864/2311/1844 1872/2321/1844 1868/2320/1844 1861/2308/1844
f 1867/2316/1845 1880/2334/1845 1886/2337/1845 1871/2317/1845
f 1871/2323/1846 1886/2343/1846 1882/2342/1846 1868/2320/1846
f 1881/2338/1847 1875/2332/1847 1878/2329/1847 1885/2339/1847
f 1885/2339/1848 1878/2329/1848 1874/2328/1848 1882/2342/1848
f 1901/2358/1849 1873/2324/1849 1879/2327/1849 1904/2359/1849
f 1904/2359/1850 1879/2333/1850 1875/2332/1850 1902/2362/1850
f 1880/2334/1851 1908/2365/1851 1914/2368/1851 1883/2335/1851
f 1883/2341/1852 1914/2368/1852 1910/2371/1852 1881/2338/1852
f 1909/2369/1853 1903/2364/1853 1906/2363/1853 1913/2370/1853
f 1913/2370/1854 1906/2363/1854 1902/2362/1854 1910/2371/1854
f 1887/2344/1855 1901/2358/1855 1907/2361/1855 1890/2345/1855
f 1890/2345/1856 1907/2361/1856 1903/2364/1856 1888/2348/1856
f 1908/2365/1857 1894/2351/1857 1900/2354/1857 1911/2366/1857
f 1911/2366/1858 1900/2354/1858 1896/2357/1858 1909/2369/1858
f 1895/2355/1859 1889/2350/1859 1892/2349/1859 1899/2356/1859
f 1899/2356/1860 1892/2349/1860 1888/2348/1860 1896/2357/1860
f 1859/2300/1861 1887/2344/1861 1893/2347/1861 1862/2301/1861
f 1862/2307/1862 1893/2347/1862 1889/2350/1862 1860/2304/1862
f 1894/2351/1863 1867/2316/1863 1869/2319/1863 1897/2352/1863
f 1897/2352/1864 1869/2313/1864 1866/2312/1864 1895/2355/1864
f 1873/2324/1865 1901/2358/1865 1887/2344/1865 1859/2300/1865
f 1861/2308/1866 1868/2320/1866 1882/2342/1866 1874/2328/1866
f 1889/2350/1867 1895/2355/1867 1866/2312/1867 1860/2304/1867
f 1908/2365/1868 1880/2334/1868 1867/2316/1868 1894/2351/1868
f 1875/2332/1869 1881/2338/1869 1910/2371/1869 1902/2362/1869
f 1903/2364/1870 1909/2369/1870 1896/2357/1870 1888/2348/1870
o female_Belt
v 0.457000 0.772000 0.143000
v 0.457000 0.784000 0.155000
v 0.445000 0.784000 0.143000
v 0.457000 0.775515 0.151485
v 0.450072 0.777072 0.149928
v 0.448515 0.784000 0.151485
v 0.448515 0.775515 0.143000
v 0.457000 0.816000 0.155000
v 0.457000 0.828000 0.143000
v 0.445000 0.816000 0.143000
v 0.457000 0.824485 0.151485
v 0.450072 0.822928 0.149928
v 0.448515 0.824485 0.143000
v 0.448515 0.816000 0.151485
v 0.457000 0.772000 -0.143000
v 0.445000 0.784000 -0.143000
v 0.457000 0.784000 -0.155000
v 0.448515 0.775515 -0.143000
v 0.450072 0.777072 -0.149928
v 0.448515 0.784000 -0.151485
v 0.457000 0.775515 -0.151485
v 0.457000 0.828000 -0.143000
v 0.457000 0.816000 -0.155000
v 0.445000 0.816000 -0.143000
v 0.457000 0.824485 -0.151485
v 0.450072 0.822928 -0.149928
v 0.448515 0.816000 -0.151485
v 0.448515 0.824485 -0.143000
v 0.843000 0.772000 0.143000
v 0.855000 0.784000 0.143000
v 0.843000 0.784000 0.155000
v 0.851485 0.775515 0.143000
v 0.849928 0.777072 0.149928
v 0.851485 0.784000 0.151485
v 0.843000 0.775515 0.151485
v 0.843000 0.828000 0.143000
v 0.843000 0.816000 0.155000
v 0.855000 0.816000 0.143000
v 0.843000 0.824485 0.151485
v 0.849928 0.822928 0.149928
v 0.851485 0.816000 0.151485
v 0.851485 0.824485 0.143000
v 0.843000 0.772000 -0.143000
v 0.843000 0.784000 -0.155000
v 0.855000 0.784000 -0.143000
v 0.843000 0.775515 -0.151485
v 0.849928 0.777072 -0.149928
v 0.851485 0.784000 -0.151485
v 0.851485 0.775515 -0.143000
v 0.843000 0.828000 -0.143000
v 0.855000 0.816000 -0.143000
v 0.843000 0.816000 -0.155000
v 0.851485 0.824485 -0.143000
v 0.849928 0.822928 -0.149928
v 0.851485 0.816000 -0.151485
v 0.843000 0.824485 -0.151485
vn -0.3251 -0.8881 0.3251
vn -0.3251 -0.3251 0.8881
vn -0.8881 -0.3251 0.3251
vn -0.3251 0.3251 0.8881
vn -0.3251 0.8881 0.3251
vn -0.8881 0.3251 0.3251
vn -0.3251 -0.8881 -0.3251
vn -0.8881 -0.3251 -0.3251
vn -0.3251 -0.3251 -0.8881
vn -0.3251 0.8881 -0.3251
vn -0.3251 0.3251 -0.8881
vn -0.8881 0.3251 -0.3251
vn 0.3251 -0.8881 0.3251
vn 0.8881 -0.3251 0.3251
vn 0.3251 -0.3251 0.8881
vn 0.3251 0.8881 0.3251
vn 0.3251 0.3251 0.8881
vn 0.8881 0.3251 0.3251
vn 0.3251 -0.8881 -0.3251
vn 0.3251 -0.3251 -0.8881
vn 0.8881 -0.3251 -0.3251
vn 0.3251 0.8881 -0.3251
vn 0.8881 0.3251 -0.3251
vn 0.3251 0.3251 -0.8881
vn -0.3827 -0.9239 -0.0000
vn -0.9239 -0.3827 -0.0000
vn -0.3827 -0.0000 0.9239
vn -0.9239 -0.0000 0.3827
vn -0.3827 0.9239 -0.0000
vn -0.9239 0.3827 -0.0000
vn -0.3827 -0.0000 -0.9239
vn -0.9239 -0.0000 -0.3827
vn -0.0000 -0.9239 -0.3827
vn -0.0000 -0.3827 -0.9239
vn -0.0000 0.9239 -0.3827
vn -0.0000 0.3827 -0.9239
vn 0.9239 -0.0000 -0.3827
vn 0.3827 -0.0000 -0.9239
vn 0.3827 -0.9239 -0.0000
vn 0.9239 -0.3827 -0.0000
vn 0.3827 0.9239 -0.0000
vn 0.9239 0.3827 -0.0000
vn 0.3827 -0.0000 0.9239
vn 0.9239 -0.0000 0.3827
vn -0.0000 -0.9239 0.3827
vn -0.0000 -0.3827 0.9239
vn -0.0000 0.9239 0.3827
vn -0.0000 0.3827 0.9239
vn -0.0000 -1.0000 -0.0000
vn -1.0000 -0.0000 -0.0000
vn -0.0000 -0.0000 1.0000
vn -0.0000 1.0000 -0.0000
vn -0.0000 -0.0000 -1.0000
vn 1.0000 -0.0000 -0.0000
vt 0.132317 0.740323
vt 0.132317 0.750000
vt 0.128093 0.750000
vt 0.125000 0.740323
vt 0.428571 0.992683
vt 0.428571 1.000000
vt 0.397642 1.000000
vt 0.375000 0.992683
vt 0.428571 0.009677
vt 0.375000 0.009677
vt 0.375000 0.004090
vt 0.428571 0.000000
vt 0.571429 0.992683
vt 0.625000 0.992683
vt 0.625000 0.996907
vt 0.571429 1.000000
vt 0.867683 0.740323
vt 0.875000 0.740323
vt 0.875000 0.745910
vt 0.867683 0.750000
vt 0.571429 0.009677
vt 0.571429 0.000000
vt 0.602358 0.000000
vt 0.625000 0.009677
vt 0.132317 0.509677
vt 0.125000 0.509677
vt 0.125000 0.504090
vt 0.132317 0.500000
vt 0.428571 0.240323
vt 0.428571 0.250000
vt 0.386321 0.251546
vt 0.375000 0.240323
vt 0.428571 0.257317
vt 0.375000 0.257317
vt 0.867683 0.509677
vt 0.867683 0.500000
vt 0.871907 0.500000
vt 0.875000 0.509677
vt 0.571429 0.257317
vt 0.571429 0.250000
vt 0.613679 0.247955
vt 0.625000 0.257317
vt 0.571429 0.240323
vt 0.625000 0.240323
vt 0.367683 0.740323
vt 0.375000 0.740323
vt 0.382547 0.749668
vt 0.371341 0.753659
vt 0.428571 0.740323
vt 0.428571 0.750000
vt 0.428571 0.757317
vt 0.632317 0.740323
vt 0.628659 0.753659
vt 0.618484 0.748637
vt 0.625000 0.740323
vt 0.571429 0.757317
vt 0.571429 0.750000
vt 0.571429 0.740323
vt 0.367683 0.509677
vt 0.371341 0.496341
vt 0.381516 0.501363
vt 0.375000 0.509677
vt 0.428571 0.492683
vt 0.428571 0.500000
vt 0.428571 0.509677
vt 0.632317 0.509677
vt 0.625000 0.509677
vt 0.617453 0.500333
vt 0.628659 0.496341
vt 0.571429 0.509677
vt 0.571429 0.500000
vt 0.571429 0.492683
s 0
usemtl MAT_Cordura
f 1915/2372/1871 1918/2373/1871 1919/2374/1871 1921/2375/1871
f 1916/2376/1872 1920/2377/1872 1919/2378/1872 1918/2379/1872
f 1917/2380/1873 1921/2381/1873 1919/2382/1873 1920/2383/1873
f 1922/2384/1874 1925/2385/1874 1926/2386/1874 1928/2387/1874
f 1923/2388/1875 1927/2389/1875 1926/2390/1875 1925/2391/1875
f 1924/2392/1876 1928/2393/1876 1926/2394/1876 1927/2395/1876
f 1929/2396/1877 1932/2397/1877 1933/2398/1877 1935/2399/1877
f 1930/2400/1878 1934/2401/1878 1933/2402/1878 1932/2403/1878
f 1931/2404/1879 1935/2405/1879 1933/2402/1879 1934/2401/1879
f 1936/2406/1880 1939/2407/1880 1940/2408/1880 1942/2409/1880
f 1937/2410/1881 1941/2411/1881 1940/2412/1881 1939/2413/1881
f 1938/2414/1882 1942/2415/1882 1940/2412/1882 1941/2411/1882
f 1943/2416/1883 1946/2417/1883 1947/2418/1883 1949/2419/1883
f 1944/2420/1884 1948/2421/1884 1947/2418/1884 1946/2417/1884
f 1945/2422/1885 1949/2419/1885 1947/2418/1885 1948/2421/1885
f 1950/2423/1886 1953/2424/1886 1954/2425/1886 1956/2426/1886
f 1951/2427/1887 1955/2428/1887 1954/2425/1887 1953/2424/1887
f 1952/2429/1888 1956/2426/1888 1954/2425/1888 1955/2428/1888
f 1957/2430/1889 1960/2431/1889 1961/2432/1889 1963/2433/1889
f 1958/2434/1890 1962/2435/1890 1961/2432/1890 1960/2431/1890
f 1959/2436/1891 1963/2433/1891 1961/2432/1891 1962/2435/1891
f 1964/2437/1892 1967/2438/1892 1968/2439/1892 1970/2440/1892
f 1965/2441/1893 1969/2442/1893 1968/2439/1893 1967/2438/1893
f 1966/2443/1894 1970/2440/1894 1968/2439/1894 1969/2442/1894
f 1929/2396/1895 1915/2372/1895 1921/2375/1895 1932/2397/1895
f 1932/2403/1896 1921/2381/1896 1917/2380/1896 1930/2400/1896
f 1916/2376/1897 1922/2384/1897 1928/2387/1897 1920/2377/1897
f 1920/2383/1898 1928/2393/1898 1924/2392/1898 1917/2380/1898
f 1923/2388/1899 1936/2406/1899 1942/2409/1899 1927/2389/1899
f 1927/2395/1900 1942/2415/1900 1938/2414/1900 1924/2392/1900
f 1937/2410/1901 1931/2404/1901 1934/2401/1901 1941/2411/1901
f 1941/2411/1902 1934/2401/1902 1930/2400/1902 1938/2414/1902
f 1957/2430/1903 1929/2396/1903 1935/2399/1903 1960/2431/1903
f 1960/2431/1904 1935/2405/1904 1931/2404/1904 1958/2434/1904
f 1936/2406/1905 1964/2437/1905 1970/2440/1905 1939/2407/1905
f 1939/2413/1906 1970/2440/1906 1966/2443/1906 1937/2410/1906
f 1965/2441/1907 1959/2436/1907 1962/2435/1907 1969/2442/1907
f 1969/2442/1908 1962/2435/1908 1958/2434/1908 1966/2443/1908
f 1943/2416/1909 1957/2430/1909 1963/2433/1909 1946/2417/1909
f 1946/2417/1910 1963/2433/1910 1959/2436/1910 1944/2420/1910
f 1964/2437/1911 1950/2423/1911 1956/2426/1911 1967/2438/1911
f 1967/2438/1912 1956/2426/1912 1952/2429/1912 1965/2441/1912
f 1951/2427/1913 1945/2422/1913 1948/2421/1913 1955/2428/1913
f 1955/2428/1914 1948/2421/1914 1944/2420/1914 1952/2429/1914
f 1915/2372/1915 1943/2416/1915 1949/2419/1915 1918/2373/1915
f 1918/2379/1916 1949/2419/1916 1945/2422/1916 1916/2376/1916
f 1950/2423/1917 1923/2388/1917 1925/2391/1917 1953/2424/1917
f 1953/2424/1918 1925/2385/1918 1922/2384/1918 1951/2427/1918
f 1929/2396/1919 1957/2430/1919 1943/2416/1919 1915/2372/1919
f 1917/2380/1920 1924/2392/1920 1938/2414/1920 1930/2400/1920
f 1945/2422/1921 1951/2427/1921 1922/2384/1921 1916/2376/1921
f 1964/2437/1922 1936/2406/1922 1923/2388/1922 1950/2423/1922
f 1931/2404/1923 1937/2410/1923 1966/2443/1923 1958/2434/1923
f 1959/2436/1924 1965/2441/1924 1952/2429/1924 1944/2420/1924
o female_Knee_-0.115
v 0.487000 0.380000 0.123000
v 0.487000 0.402000 0.145000
v 0.465000 0.402000 0.123000
v 0.487000 0.386444 0.138556
v 0.474298 0.389298 0.135702
v 0.471444 0.402000 0.138556
v 0.471444 0.386444 0.123000
v 0.487000 0.538000 0.145000
v 0.487000 0.560000 0.123000
v 0.465000 0.538000 0.123000
v 0.487000 0.553556 0.138556
v 0.474298 0.550702 0.135702
v 0.471444 0.553556 0.123000
v 0.471444 0.538000 0.138556
v 0.487000 0.380000 0.097000
v 0.465000 0.402000 0.097000
v 0.487000 0.402000 0.075000
v 0.471444 0.386444 0.097000
v 0.474298 0.389298 0.084298
v 0.471444 0.402000 0.081444
v 0.487000 0.386444 0.081444
v 0.487000 0.560000 0.097000
v 0.487000 0.538000 0.075000
v 0.465000 0.538000 0.097000
v 0.487000 0.553556 0.081444
v 0.474298 0.550702 0.084298
v 0.471444 0.538000 0.081444
v 0.471444 0.553556 0.097000
v 0.583000 0.380000 0.123000
v 0.605000 0.402000 0.123000
v 0.583000 0.402000 0.145000
v 0.598556 0.386444 0.123000
v 0.595702 0.389298 0.135702
v 0.598556 0.402000 0.138556
v 0.583000 0.386444 0.138556
v 0.583000 0.560000 0.123000
v 0.583000 0.538000 0.145000
v 0.605000 0.538000 0.123000
v 0.583000 0.553556 0.138556
v 0.595702 0.550702 0.135702
v 0.598556 0.538000 0.138556
v 0.598556 0.553556 0.123000
v 0.583000 0.380000 0.097000
v 0.583000 0.402000 0.075000
v 0.605000 0.402000 0.097000
v 0.583000 0.386444 0.081444
v 0.595702 0.389298 0.084298
v 0.598556 0.402000 0.081444
v 0.598556 0.386444 0.097000
v 0.583000 0.560000 0.097000
v 0.605000 0.538000 0.097000
v 0.583000 0.538000 0.075000
v 0.598556 0.553556 0.097000
v 0.595702 0.550702 0.084298
v 0.598556 0.538000 0.081444
v 0.583000 0.553556 0.081444
vn -0.3251 -0.8881 0.3251
vn -0.3251 -0.3251 0.8881
vn -0.8881 -0.3251 0.3251
vn -0.3251 0.3251 0.8881
vn -0.3251 0.8881 0.3251
vn -0.8881 0.3251 0.3251
vn -0.3251 -0.8881 -0.3251
vn -0.8881 -0.3251 -0.3251
vn -0.3251 -0.3251 -0.8881
vn -0.3251 0.8881 -0.3251
vn -0.3251 0.3251 -0.8881
vn -0.8881 0.3251 -0.3251
vn 0.3251 -0.8881 0.3251
vn 0.8881 -0.3251 0.3251
vn 0.3251 -0.3251 0.8881
vn 0.3251 0.8881 0.3251
vn 0.3251 0.3251 0.8881
vn 0.8881 0.3251 0.3251
vn 0.3251 -0.8881 -0.3251
vn 0.3251 -0.3251 -0.8881
vn 0.8881 -0.3251 -0.3251
vn 0.3251 0.8881 -0.3251
vn 0.8881 0.3251 -0.3251
vn 0.3251 0.3251 -0.8881
vn -0.3827 -0.9239 -0.0000
vn -0.9239 -0.3827 -0.0000
vn -0.3827 -0.0000 0.9239
vn -0.9239 -0.0000 0.3827
vn -0.3827 0.9239 -0.0000
vn -0.9239 0.3827 -0.0000
vn -0.3827 -0.0000 -0.9239
vn -0.9239 -0.0000 -0.3827
vn -0.0000 -0.9239 -0.3827
vn -0.0000 -0.3827 -0.9239
vn -0.0000 0.9239 -0.3827
vn -0.0000 0.3827 -0.9239
vn 0.9239 -0.0000 -0.3827
vn 0.3827 -0.0000 -0.9239
vn 0.3827 -0.9239 -0.0000
vn 0.9239 -0.3827 -0.0000
vn 0.3827 0.9239 -0.0000
vn 0.9239 0.3827 -0.0000
vn 0.3827 -0.0000 0.9239
vn 0.9239 -0.0000 0.3827
vn -0.0000 -0.9239 0.3827
vn -0.0000 -0.3827 0.9239
vn -0.0000 0.9239 0.3827
vn -0.0000 0.3827 0.9239
vn -0.0000 -1.0000 -0.0000
vn -1.0000 -0.0000 -0.0000
vn -0.0000 -0.0000 1.0000
vn -0.0000 1.0000 -0.0000
vn -0.0000 -0.0000 -1.0000
vn 1.0000 -0.0000 -0.0000
vt 0.164286 0.671429
vt 0.164286 0.750000
vt 0.141604 0.750000
vt 0.125000 0.671429
vt 0.405556 0.960714
vt 0.405556 1.000000
vt 0.387914 1.000000
vt 0.375000 0.960714
vt 0.405556 0.078571
vt 0.375000 0.078571
vt 0.375000 0.033208
vt 0.405556 0.000000
vt 0.594444 0.960714
vt 0.625000 0.960714
vt 0.625000 0.983396
vt 0.594444 1.000000
vt 0.835714 0.671429
vt 0.875000 0.671429
vt 0.875000 0.716792
vt 0.835714 0.750000
vt 0.594444 0.078571
vt 0.594445 0.000000
vt 0.612086 0.000000
vt 0.625000 0.078571
vt 0.164286 0.578571
vt 0.125000 0.578571
vt 0.125000 0.533208
vt 0.164286 0.500000
vt 0.405556 0.171429
vt 0.405556 0.250000
vt 0.381457 0.258302
vt 0.375000 0.171429
vt 0.405556 0.289286
vt 0.375000 0.289286
vt 0.835714 0.578571
vt 0.835714 0.500000
vt 0.858396 0.500000
vt 0.875000 0.578571
vt 0.594445 0.289286
vt 0.594445 0.250000
vt 0.618543 0.233396
vt 0.625000 0.289286
vt 0.594444 0.171429
vt 0.625000 0.171429
vt 0.335714 0.671429
vt 0.375000 0.671429
vt 0.379305 0.744465
vt 0.355357 0.769643
vt 0.405556 0.671429
vt 0.405556 0.750000
vt 0.405556 0.789286
vt 0.664286 0.671429
vt 0.644643 0.769643
vt 0.626230 0.738931
vt 0.625000 0.671429
vt 0.594445 0.789286
vt 0.594445 0.750000
vt 0.594444 0.671429
vt 0.335714 0.578571
vt 0.355357 0.480357
vt 0.373770 0.511069
vt 0.375000 0.578571
vt 0.405556 0.460714
vt 0.405556 0.500000
vt 0.405556 0.578571
vt 0.664286 0.578571
vt 0.625000 0.578571
vt 0.620695 0.505535
vt 0.644643 0.480357
vt 0.594444 0.578571
vt 0.594445 0.500000
vt 0.594444 0.460714
s 0
usemtl MAT_Polymer
f 1971/2444/1925 1974/2445/1925 1975/2446/1925 1977/2447/1925
f 1972/2448/1926 1976/2449/1926 1975/2450/1926 1974/2451/1926
f 1973/2452/1927 1977/2453/1927 1975/2454/1927 1976/2455/1927
f 1978/2456/1928 1981/2457/1928 1982/2458/1928 1984/2459/1928
f 1979/2460/1929 1983/2461/1929 1982/2462/1929 1981/2463/1929
f 1980/2464/1930 1984/2465/1930 1982/2466/1930 1983/2467/1930
f 1985/2468/1931 1988/2469/1931 1989/2470/1931 1991/2471/1931
f 1986/2472/1932 1990/2473/1932 1989/2474/1932 1988/2475/1932
f 1987/2476/1933 1991/2477/1933 1989/2474/1933 1990/2473/1933
f 1992/2478/1934 1995/2479/1934 1996/2480/1934 1998/2481/1934
f 1993/2482/1935 1997/2483/1935 1996/2484/1935 1995/2485/1935
f 1994/2486/1936 1998/2487/1936 1996/2484/1936 1997/2483/1936
f 1999/2488/1937 2002/2489/1937 2003/2490/1937 2005/2491/1937
f 2000/2492/1938 2004/2493/1938 2003/2490/1938 2002/2489/1938
f 2001/2494/1939 2005/2491/1939 2003/2490/1939 2004/2493/1939
f 2006/2495/1940 2009/2496/1940 2010/2497/1940 2012/2498/1940
f 2007/2499/1941 2011/2500/1941 2010/2497/1941 2009/2496/1941
f 2008/2501/1942 2012/2498/1942 2010/2497/1942 2011/2500/1942
f 2013/2502/1943 2016/2503/1943 2017/2504/1943 2019/2505/1943
f 2014/2506/1944 2018/2507/1944 2017/2504/1944 2016/2503/1944
f 2015/2508/1945 2019/2505/1945 2017/2504/1945 2018/2507/1945
f 2020/2509/1946 2023/2510/1946 2024/2511/1946 2026/2512/1946
f 2021/2513/1947 2025/2514/1947 2024/2511/1947 2023/2510/1947
f 2022/2515/1948 2026/2512/1948 2024/2511/1948 2025/2514/1948
f 1985/2468/1949 1971/2444/1949 1977/2447/1949 1988/2469/1949
f 1988/2475/1950 1977/2453/1950 1973/2452/1950 1986/2472/1950
f 1972/2448/1951 1978/2456/1951 1984/2459/1951 1976/2449/1951
f 1976/2455/1952 1984/2465/1952 1980/2464/1952 1973/2452/1952
f 1979/2460/1953 1992/2478/1953 1998/2481/1953 1983/2461/1953
f 1983/2467/1954 1998/2487/1954 1994/2486/1954 1980/2464/1954
f 1993/2482/1955 1987/2476/1955 1990/2473/1955 1997/2483/1955
f 1997/2483/1956 1990/2473/1956 1986/2472/1956 1994/2486/1956
f 2013/2502/1957 1985/2468/1957 1991/2471/1957 2016/2503/1957
f 2016/2503/1958 1991/2477/1958 1987/2476/1958 2014/2506/1958
f 1992/2478/1959 2020/2509/1959 2026/2512/1959 1995/2479/1959
f 1995/2485/1960 2026/2512/1960 2022/2515/1960 1993/2482/1960
f 2021/2513/1961 2015/2508/1961 2018/2507/1961 2025/2514/1961
f 2025/2514/1962 2018/2507/1962 2014/2506/1962 2022/2515/1962
f 1999/2488/1963 2013/2502/1963 2019/2505/1963 2002/2489/1963
f 2002/2489/1964 2019/2505/1964 2015/2508/1964 2000/2492/1964
f 2020/2509/1965 2006/2495/1965 2012/2498/1965 2023/2510/1965
f 2023/2510/1966 2012/2498/1966 2008/2501/1966 2021/2513/1966
f 2007/2499/1967 2001/2494/1967 2004/2493/1967 2011/2500/1967
f 2011/2500/1968 2004/2493/1968 2000/2492/1968 2008/2501/1968
f 1971/2444/1969 1999/2488/1969 2005/2491/1969 1974/2445/1969
f 1974/2451/1970 2005/2491/1970 2001/2494/1970 1972/2448/1970
f 2006/2495/1971 1979/2460/1971 1981/2463/1971 2009/2496/1971
f 2009/2496/1972 1981/2457/1972 1978/2456/1972 2007/2499/1972
f 1985/2468/1973 2013/2502/1973 1999/2488/1973 1971/2444/1973
f 1973/2452/1974 1980/2464/1974 1994/2486/1974 1986/2472/1974
f 2001/2494/1975 2007/2499/1975 1978/2456/1975 1972/2448/1975
f 2020/2509/1976 1992/2478/1976 1979/2460/1976 2006/2495/1976
f 1987/2476/1977 1993/2482/1977 2022/2515/1977 2014/2506/1977
f 2015/2508/1978 2021/2513/1978 2008/2501/1978 2000/2492/1978
o female_Knee_0.115
v 0.717000 0.380000 0.123000
v 0.717000 0.402000 0.145000
v 0.695000 0.402000 0.123000
v 0.717000 0.386444 0.138556
v 0.704298 0.389298 0.135702
v 0.701444 0.402000 0.138556
v 0.701444 0.386444 0.123000
v 0.717000 0.538000 0.145000
v 0.717000 0.560000 0.123000
v 0.695000 0.538000 0.123000
v 0.717000 0.553556 0.138556
v 0.704298 0.550702 0.135702
v 0.701444 0.553556 0.123000
v 0.701444 0.538000 0.138556
v 0.717000 0.380000 0.097000
v 0.695000 0.402000 0.097000
v 0.717000 0.402000 0.075000
v 0.701444 0.386444 0.097000
v 0.704298 0.389298 0.084298
v 0.701444 0.402000 0.081444
v 0.717000 0.386444 0.081444
v 0.717000 0.560000 0.097000
v 0.717000 0.538000 0.075000
v 0.695000 0.538000 0.097000
v 0.717000 0.553556 0.081444
v 0.704298 0.550702 0.084298
v 0.701444 0.538000 0.081444
v 0.701444 0.553556 0.097000
v 0.813000 0.380000 0.123000
v 0.835000 0.402000 0.123000
v 0.813000 0.402000 0.145000
v 0.828556 0.386444 0.123000
v 0.825702 0.389298 0.135702
v 0.828556 0.402000 0.138556
v 0.813000 0.386444 0.138556
v 0.813000 0.560000 0.123000
v 0.813000 0.538000 0.145000
v 0.835000 0.538000 0.123000
v 0.813000 0.553556 0.138556
v 0.825702 0.550702 0.135702
v 0.828556 0.538000 0.138556
v 0.828556 0.553556 0.123000
v 0.813000 0.380000 0.097000
v 0.813000 0.402000 0.075000
v 0.835000 0.402000 0.097000
v 0.813000 0.386444 0.081444
v 0.825702 0.389298 0.084298
v 0.828556 0.402000 0.081444
v 0.828556 0.386444 0.097000
v 0.813000 0.560000 0.097000
v 0.835000 0.538000 0.097000
v 0.813000 0.538000 0.075000
v 0.828556 0.553556 0.097000
v 0.825702 0.550702 0.084298
v 0.828556 0.538000 0.081444
v 0.813000 0.553556 0.081444
vn -0.3251 -0.8881 0.3251
vn -0.3251 -0.3251 0.8881
vn -0.8881 -0.3251 0.3251
vn -0.3251 0.3251 0.8881
vn -0.3251 0.8881 0.3251
vn -0.8881 0.3251 0.3251
vn -0.3251 -0.8881 -0.3251
vn -0.8881 -0.3251 -0.3251
vn -0.3251 -0.3251 -0.8881
vn -0.3251 0.8881 -0.3251
vn -0.3251 0.3251 -0.8881
vn -0.8881 0.3251 -0.3251
vn 0.3251 -0.8881 0.3251
vn 0.8881 -0.3251 0.3251
vn 0.3251 -0.3251 0.8881
vn 0.3251 0.8881 0.3251
vn 0.3251 0.3251 0.8881
vn 0.8881 0.3251 0.3251
vn 0.3251 -0.8881 -0.3251
vn 0.3251 -0.3251 -0.8881
vn 0.8881 -0.3251 -0.3251
vn 0.3251 0.8881 -0.3251
vn 0.8881 0.3251 -0.3251
vn 0.3251 0.3251 -0.8881
vn -0.3827 -0.9239 -0.0000
vn -0.9239 -0.3827 -0.0000
vn -0.3827 -0.0000 0.9239
vn -0.9239 -0.0000 0.3827
vn -0.3827 0.9239 -0.0000
vn -0.9239 0.3827 -0.0000
vn -0.3827 -0.0000 -0.9239
vn -0.9239 -0.0000 -0.3827
vn -0.0000 -0.9239 -0.3827
vn -0.0000 -0.3827 -0.9239
vn -0.0000 0.9239 -0.3827
vn -0.0000 0.3827 -0.9239
vn 0.9239 -0.0000 -0.3827
vn 0.3827 -0.0000 -0.9239
vn 0.3827 -0.9239 -0.0000
vn 0.9239 -0.3827 -0.0000
vn 0.3827 0.9239 -0.0000
vn 0.9239 0.3827 -0.0000
vn 0.3827 -0.0000 0.9239
vn 0.9239 -0.0000 0.3827
vn -0.0000 -0.9239 0.3827
vn -0.0000 -0.3827 0.9239
vn -0.0000 0.9239 0.3827
vn -0.0000 0.3827 0.9239
vn -0.0000 -1.0000 -0.0000
vn -1.0000 -0.0000 -0.0000
vn -0.0000 -0.0000 1.0000
vn -0.0000 1.0000 -0.0000
vn -0.0000 -0.0000 -1.0000
vn 1.0000 -0.0000 -0.0000
vt 0.164286 0.671429
vt 0.164286 0.750000
vt 0.141604 0.750000
vt 0.125000 0.671429
vt 0.405556 0.960714
vt 0.405556 1.000000
vt 0.387914 1.000000
vt 0.375000 0.960714
vt 0.405556 0.078571
vt 0.375000 0.078571
vt 0.375000 0.033208
vt 0.405556 0.000000
vt 0.594444 0.960714
vt 0.625000 0.960714
vt 0.625000 0.983396
vt 0.594444 1.000000
vt 0.835714 0.671429
vt 0.875000 0.671429
vt 0.875000 0.716792
vt 0.835714 0.750000
vt 0.594444 0.078571
vt 0.594445 0.000000
vt 0.612086 0.000000
vt 0.625000 0.078571
vt 0.164286 0.578571
vt 0.125000 0.578571
vt 0.125000 0.533208
vt 0.164286 0.500000
vt 0.405556 0.171429
vt 0.405556 0.250000
vt 0.381457 0.258302
vt 0.375000 0.171429
vt 0.405556 0.289286
vt 0.375000 0.289286
vt 0.835714 0.578571
vt 0.835714 0.500000
vt 0.858396 0.500000
vt 0.875000 0.578571
vt 0.594445 0.289286
vt 0.594445 0.250000
vt 0.618543 0.233396
vt 0.625000 0.289286
vt 0.594444 0.171429
vt 0.625000 0.171429
vt 0.335714 0.671429
vt 0.375000 0.671429
vt 0.379305 0.744465
vt 0.355357 0.769643
vt 0.405556 0.671429
vt 0.405556 0.750000
vt 0.405556 0.789286
vt 0.664286 0.671429
vt 0.644643 0.769643
vt 0.626230 0.738931
vt 0.625000 0.671429
vt 0.594445 0.789286
vt 0.594445 0.750000
vt 0.594444 0.671429
vt 0.335714 0.578571
vt 0.355357 0.480357
vt 0.373770 0.511069
vt 0.375000 0.578571
vt 0.405556 0.460714
vt 0.405556 0.500000
vt 0.405556 0.578571
vt 0.664286 0.578571
vt 0.625000 0.578571
vt 0.620695 0.505535
vt 0.644643 0.480357
vt 0.594444 0.578571
vt 0.594445 0.500000
vt 0.594444 0.460714
s 0
usemtl MAT_Polymer
f 2027/2516/1979 2030/2517/1979 2031/2518/1979 2033/2519/1979
f 2028/2520/1980 2032/2521/1980 2031/2522/1980 2030/2523/1980
f 2029/2524/1981 2033/2525/1981 2031/2526/1981 2032/2527/1981
f 2034/2528/1982 2037/2529/1982 2038/2530/1982 2040/2531/1982
f 2035/2532/1983 2039/2533/1983 2038/2534/1983 2037/2535/1983
f 2036/2536/1984 2040/2537/1984 2038/2538/1984 2039/2539/1984
f 2041/2540/1985 2044/2541/1985 2045/2542/1985 2047/2543/1985
f 2042/2544/1986 2046/2545/1986 2045/2546/1986 2044/2547/1986
f 2043/2548/1987 2047/2549/1987 2045/2546/1987 2046/2545/1987
f 2048/2550/1988 2051/2551/1988 2052/2552/1988 2054/2553/1988
f 2049/2554/1989 2053/2555/1989 2052/2556/1989 2051/2557/1989
f 2050/2558/1990 2054/2559/1990 2052/2556/1990 2053/2555/1990
f 2055/2560/1991 2058/2561/1991 2059/2562/1991 2061/2563/1991
f 2056/2564/1992 2060/2565/1992 2059/2562/1992 2058/2561/1992
f 2057/2566/1993 2061/2563/1993 2059/2562/1993 2060/2565/1993
f 2062/2567/1994 2065/2568/1994 2066/2569/1994 2068/2570/1994
f 2063/2571/1995 2067/2572/1995 2066/2569/1995 2065/2568/1995
f 2064/2573/1996 2068/2570/1996 2066/2569/1996 2067/2572/1996
f 2069/2574/1997 2072/2575/1997 2073/2576/1997 2075/2577/1997
f 2070/2578/1998 2074/2579/1998 2073/2576/1998 2072/2575/1998
f 2071/2580/1999 2075/2577/1999 2073/2576/1999 2074/2579/1999
f 2076/2581/2000 2079/2582/2000 2080/2583/2000 2082/2584/2000
f 2077/2585/2001 2081/2586/2001 2080/2583/2001 2079/2582/2001
f 2078/2587/2002 2082/2584/2002 2080/2583/2002 2081/2586/2002
f 2041/2540/2003 2027/2516/2003 2033/2519/2003 2044/2541/2003
f 2044/2547/2004 2033/2525/2004 2029/2524/2004 2042/2544/2004
f 2028/2520/2005 2034/2528/2005 2040/2531/2005 2032/2521/2005
f 2032/2527/2006 2040/2537/2006 2036/2536/2006 2029/2524/2006
f 2035/2532/2007 2048/2550/2007 2054/2553/2007 2039/2533/2007
f 2039/2539/2008 2054/2559/2008 2050/2558/2008 2036/2536/2008
f 2049/2554/2009 2043/2548/2009 2046/2545/2009 2053/2555/2009
f 2053/2555/2010 2046/2545/2010 2042/2544/2010 2050/2558/2010
f 2069/2574/2011 2041/2540/2011 2047/2543/2011 2072/2575/2011
f 2072/2575/2012 2047/2549/2012 2043/2548/2012 2070/2578/2012
f 2048/2550/2013 2076/2581/2013 2082/2584/2013 2051/2551/2013
f 2051/2557/2014 2082/2584/2014 2078/2587/2014 2049/2554/2014
f 2077/2585/2015 2071/2580/2015 2074/2579/2015 2081/2586/2015
f 2081/2586/2016 2074/2579/2016 2070/2578/2016 2078/2587/2016
f 2055/2560/2017 2069/2574/2017 2075/2577/2017 2058/2561/2017
f 2058/2561/2018 2075/2577/2018 2071/2580/2018 2056/2564/2018
f 2076/2581/2019 2062/2567/2019 2068/2570/2019 2079/2582/2019
f 2079/2582/2020 2068/2570/2020 2064/2573/2020 2077/2585/2020
f 2063/2571/2021 2057/2566/2021 2060/2565/2021 2067/2572/2021
f 2067/2572/2022 2060/2565/2022 2056/2564/2022 2064/2573/2022
f 2027/2516/2023 2055/2560/2023 2061/2563/2023 2030/2517/2023
f 2030/2523/2024 2061/2563/2024 2057/2566/2024 2028/2520/2024
f 2062/2567/2025 2035/2532/2025 2037/2535/2025 2065/2568/2025
f 2065/2568/2026 2037/2529/2026 2034/2528/2026 2063/2571/2026
f 2041/2540/2027 2069/2574/2027 2055/2560/2027 2027/2516/2027
f 2029/2524/2028 2036/2536/2028 2050/2558/2028 2042/2544/2028
f 2057/2566/2029 2063/2571/2029 2034/2528/2029 2028/2520/2029
f 2076/2581/2030 2048/2550/2030 2035/2532/2030 2062/2567/2030
f 2043/2548/2031 2049/2554/2031 2078/2587/2031 2070/2578/2031
f 2071/2580/2032 2077/2585/2032 2064/2573/2032 2056/2564/2032
o female_Helmet
v 0.650000 1.715000 0.010000
v 0.650000 1.713707 -0.010336
v 0.650000 1.694947 -0.066412
v 0.650000 1.671717 -0.095172
v 0.650000 1.657669 -0.105831
v 0.650000 1.626426 -0.118399
v 0.650000 1.577553 -0.113637
v 0.650000 1.562331 -0.105831
v 0.650000 1.548283 -0.095172
v 0.650000 1.535754 -0.081924
v 0.650000 1.510139 -0.030172
v 0.650000 1.506293 -0.010336
v 0.650000 1.505000 0.010000
v 0.654425 1.713707 -0.009946
v 0.658741 1.709861 -0.029400
v 0.662843 1.703556 -0.047885
v 0.666627 1.694947 -0.064944
v 0.670003 1.684246 -0.080158
v 0.672886 1.671717 -0.093151
v 0.675205 1.657669 -0.103605
v 0.676904 1.642447 -0.111262
v 0.677940 1.626426 -0.115932
v 0.678288 1.610000 -0.117502
v 0.677940 1.593574 -0.115932
v 0.676904 1.577553 -0.111262
v 0.675205 1.562331 -0.103605
v 0.672886 1.548283 -0.093151
v 0.670003 1.535754 -0.080158
v 0.666627 1.525053 -0.064944
v 0.662843 1.516444 -0.047885
v 0.658741 1.510139 -0.029400
v 0.654425 1.506293 -0.009946
v 0.658680 1.713707 -0.008788
v 0.667147 1.709861 -0.027114
v 0.675192 1.703556 -0.044526
v 0.682616 1.694947 -0.060596
v 0.689237 1.684246 -0.074927
v 0.694892 1.671717 -0.087166
v 0.699441 1.657669 -0.097014
v 0.702773 1.642447 -0.104226
v 0.704806 1.626426 -0.108626
v 0.705489 1.610000 -0.110104
v 0.704806 1.593574 -0.108626
v 0.702773 1.577553 -0.104226
v 0.699441 1.562331 -0.097014
v 0.694892 1.548283 -0.087166
v 0.689237 1.535754 -0.074927
v 0.682616 1.525053 -0.060596
v 0.675192 1.516444 -0.044526
v 0.667147 1.510139 -0.027114
v 0.658680 1.506293 -0.008788
v 0.662602 1.713707 -0.006909
v 0.674894 1.709861 -0.023402
v 0.686572 1.703556 -0.039072
v 0.697351 1.694947 -0.053534
v 0.706963 1.684246 -0.066432
v 0.715173 1.671717 -0.077447
v 0.721777 1.657669 -0.086310
v 0.726615 1.642447 -0.092801
v 0.729566 1.626426 -0.096760
v 0.730558 1.610000 -0.098091
v 0.729566 1.593574 -0.096760
v 0.726615 1.577553 -0.092801
v 0.721777 1.562331 -0.086310
v 0.715173 1.548283 -0.077447
v 0.706963 1.535754 -0.066432
v 0.697351 1.525053 -0.053534
v 0.686572 1.516444 -0.039072
v 0.674894 1.510139 -0.023402
v 0.662602 1.506293 -0.006909
v 0.666039 1.713707 -0.004380
v 0.681684 1.709861 -0.018406
v 0.696548 1.703556 -0.031733
v 0.710266 1.694947 -0.044031
v 0.722500 1.684246 -0.055000
v 0.732949 1.671717 -0.064368
v 0.741355 1.657669 -0.071905
v 0.747512 1.642447 -0.077425
v 0.751268 1.626426 -0.080792
v 0.752530 1.610000 -0.081924
v 0.751268 1.593574 -0.080792
v 0.747512 1.577553 -0.077425
v 0.741355 1.562331 -0.071905
v 0.732949 1.548283 -0.064368
v 0.722500 1.535754 -0.055000
v 0.710266 1.525053 -0.044031
v 0.696548 1.516444 -0.031733
v 0.681684 1.510139 -0.018406
v 0.666039 1.506293 -0.004380
v 0.668860 1.713707 -0.001298
v 0.687256 1.709861 -0.012318
v 0.704734 1.703556 -0.022789
v 0.720865 1.694947 -0.032452
v 0.735251 1.684246 -0.041070
v 0.747538 1.671717 -0.048431
v 0.757422 1.657669 -0.054352
v 0.764662 1.642447 -0.058689
v 0.769079 1.626426 -0.061335
v 0.770563 1.610000 -0.062224
v 0.769079 1.593574 -0.061335
v 0.764662 1.577553 -0.058689
v 0.757422 1.562331 -0.054352
v 0.747538 1.548283 -0.048431
v 0.735251 1.535754 -0.041070
v 0.720865 1.525053 -0.032452
v 0.704734 1.516444 -0.022789
v 0.687256 1.510139 -0.012318
v 0.668860 1.506293 -0.001298
v 0.670956 1.713707 0.002218
v 0.691397 1.709861 -0.005373
v 0.710818 1.703556 -0.012585
v 0.728741 1.694947 -0.019242
v 0.744726 1.684246 -0.025178
v 0.758378 1.671717 -0.030248
v 0.769361 1.657669 -0.034327
v 0.777406 1.642447 -0.037314
v 0.782313 1.626426 -0.039136
v 0.783962 1.610000 -0.039749
v 0.782313 1.593574 -0.039136
v 0.777406 1.577553 -0.037314
v 0.769361 1.562331 -0.034327
v 0.758378 1.548283 -0.030248
v 0.744726 1.535754 -0.025178
v 0.728741 1.525053 -0.019242
v 0.710818 1.516444 -0.012585
v 0.691397 1.510139 -0.005373
v 0.670956 1.506293 0.002218
v 0.672247 1.713707 0.006033
v 0.693946 1.709861 0.002163
v 0.714564 1.703556 -0.001514
v 0.733591 1.694947 -0.004907
v 0.750560 1.684246 -0.007933
v 0.765053 1.671717 -0.010518
v 0.776713 1.657669 -0.012597
v 0.785253 1.642447 -0.014120
v 0.790463 1.626426 -0.015049
v 0.792214 1.610000 -0.015362
v 0.790463 1.593574 -0.015049
v 0.785253 1.577553 -0.014120
v 0.776713 1.562331 -0.012597
v 0.765053 1.548283 -0.010518
v 0.750560 1.535754 -0.007933
v 0.733591 1.525053 -0.004907
v 0.714564 1.516444 -0.001514
v 0.693946 1.510139 0.002163
v 0.672247 1.506293 0.006033
v 0.672683 1.713707 0.010000
v 0.694807 1.709861 0.010000
v 0.715829 1.703556 0.010000
v 0.735229 1.694947 0.010000
v 0.752530 1.684246 0.010000
v 0.767307 1.671717 0.010000
v 0.779196 1.657669 0.010000
v 0.787903 1.642447 0.010000
v 0.793215 1.626426 0.010000
v 0.795000 1.610000 0.010000
v 0.793215 1.593574 0.010000
v 0.787903 1.577553 0.010000
v 0.779196 1.562331 0.010000
v 0.767307 1.548283 0.010000
v 0.752530 1.535754 0.010000
v 0.735229 1.525053 0.010000
v 0.715829 1.516444 0.010000
v 0.694807 1.510139 0.010000
v 0.672683 1.506293 0.010000
v 0.672247 1.713707 0.013967
v 0.693946 1.709861 0.017837
v 0.714564 1.703556 0.021514
v 0.733591 1.694947 0.024907
v 0.750560 1.684246 0.027933
v 0.765053 1.671717 0.030518
v 0.776713 1.657669 0.032597
v 0.785253 1.642447 0.034120
v 0.790463 1.626426 0.035049
v 0.792214 1.610000 0.035362
v 0.790463 1.593574 0.035049
v 0.785253 1.577553 0.034120
v 0.776713 1.562331 0.032597
v 0.765053 1.548283 0.030518
v 0.750560 1.535754 0.027933
v 0.733591 1.525053 0.024907
v 0.714564 1.516444 0.021514
v 0.693946 1.510139 0.017837
v 0.672247 1.506293 0.013967
v 0.670956 1.713707 0.017782
v 0.691397 1.709861 0.025373
v 0.710818 1.703556 0.032586
v 0.728741 1.694947 0.039242
v 0.744726 1.684246 0.045178
v 0.758378 1.671717 0.050248
v 0.769361 1.657669 0.054327
v 0.777406 1.642447 0.057314
v 0.782313 1.626426 0.059136
v 0.783962 1.610000 0.059749
v 0.782313 1.593574 0.059136
v 0.777406 1.577553 0.057314
v 0.769361 1.562331 0.054327
v 0.758378 1.548283 0.050248
v 0.744726 1.535754 0.045178
v 0.728741 1.525053 0.039242
v 0.710818 1.516444 0.032586
v 0.691397 1.510139 0.025373
v 0.670956 1.506293 0.017782
v 0.668860 1.713707 0.021298
v 0.687256 1.709861 0.032318
v 0.704734 1.703556 0.042789
v 0.720865 1.694947 0.052452
v 0.735251 1.684246 0.061070
v 0.747537 1.671717 0.068431
v 0.757422 1.657669 0.074352
v 0.764662 1.642447 0.078689
v 0.769079 1.626426 0.081335
v 0.770563 1.610000 0.082224
v 0.769079 1.593574 0.081335
v 0.764662 1.577553 0.078689
v 0.757422 1.562331 0.074352
v 0.747537 1.548283 0.068431
v 0.735251 1.535754 0.061070
v 0.720865 1.525053 0.052452
v 0.704734 1.516444 0.042789
v 0.687256 1.510139 0.032318
v 0.668860 1.506293 0.021298
v 0.666039 1.713707 0.024380
v 0.681684 1.709861 0.038406
v 0.696548 1.703556 0.051733
v 0.710266 1.694947 0.064031
v 0.722500 1.684246 0.075000
v 0.732949 1.671717 0.084368
v 0.741355 1.657669 0.091905
v 0.747512 1.642447 0.097425
v 0.751268 1.626426 0.100792
v 0.752530 1.610000 0.101924
v 0.751268 1.593574 0.100792
v 0.747512 1.577553 0.097425
v 0.741355 1.562331 0.091905
v 0.732949 1.548283 0.084368
v 0.722500 1.535754 0.075000
v 0.710266 1.525053 0.064031
v 0.696548 1.516444 0.051733
v 0.681684 1.510139 0.038406
v 0.666039 1.506293 0.024380
v 0.662602 1.713707 0.026909
v 0.674894 1.709861 0.043402
v 0.686572 1.703556 0.059072
v 0.697351 1.694947 0.073534
v 0.706963 1.684246 0.086432
v 0.715172 1.671717 0.097447
v 0.721777 1.657669 0.106310
v 0.726615 1.642447 0.112801
v 0.729566 1.626426 0.116760
v 0.730558 1.610000 0.118091
v 0.729566 1.593574 0.116760
v 0.726615 1.577553 0.112801
v 0.721777 1.562331 0.106310
v 0.715172 1.548283 0.097447
v 0.706963 1.535754 0.086432
v 0.697351 1.525053 0.073534
v 0.686572 1.516444 0.059072
v 0.674894 1.510139 0.043402
v 0.662602 1.506293 0.026909
v 0.658680 1.713707 0.028788
v 0.667147 1.709861 0.047114
v 0.675191 1.703556 0.064526
v 0.682616 1.694947 0.080596
v 0.689237 1.684246 0.094927
v 0.694892 1.671717 0.107166
v 0.699441 1.657669 0.117014
v 0.702773 1.642447 0.124226
v 0.704806 1.626426 0.128626
v 0.705489 1.610000 0.130104
v 0.704806 1.593574 0.128626
v 0.702773 1.577553 0.124226
v 0.699441 1.562331 0.117014
v 0.694892 1.548283 0.107166
v 0.689237 1.535754 0.094927
v 0.682616 1.525053 0.080596
v 0.675191 1.516444 0.064526
v 0.667147 1.510139 0.047114
v 0.658680 1.506293 0.028788
v 0.654425 1.713707 0.029946
v 0.658741 1.709861 0.049400
v 0.662843 1.703556 0.067885
v 0.666627 1.694947 0.084944
v 0.670003 1.684246 0.100158
v 0.672885 1.671717 0.113151
v 0.675205 1.657669 0.123605
v 0.676904 1.642447 0.131262
v 0.677940 1.626426 0.135932
v 0.678288 1.610000 0.137502
v 0.677940 1.593574 0.135932
v 0.676904 1.577553 0.131262
v 0.675205 1.562331 0.123605
v 0.672885 1.548283 0.113151
v 0.670003 1.535754 0.100158
v 0.666627 1.525053 0.084944
v 0.662843 1.516444 0.067885
v 0.658741 1.510139 0.049400
v 0.654425 1.506293 0.029946
v 0.650000 1.713707 0.030336
v 0.650000 1.709861 0.050172
v 0.650000 1.703556 0.069019
v 0.650000 1.694947 0.086412
v 0.650000 1.684246 0.101924
v 0.650000 1.671717 0.115172
v 0.650000 1.657669 0.125831
v 0.650000 1.642447 0.133637
v 0.650000 1.626426 0.138399
v 0.650000 1.610000 0.140000
v 0.650000 1.593574 0.138399
v 0.650000 1.577553 0.133637
v 0.650000 1.562331 0.125831
v 0.650000 1.548283 0.115172
v 0.650000 1.535754 0.101924
v 0.650000 1.525053 0.086412
v 0.650000 1.516444 0.069019
v 0.650000 1.510139 0.050172
v 0.650000 1.506293 0.030336
v 0.645575 1.713707 0.029946
v 0.641258 1.709861 0.049400
v 0.637157 1.703556 0.067885
v 0.633373 1.694947 0.084944
v 0.629997 1.684246 0.100158
v 0.627114 1.671717 0.113151
v 0.624795 1.657669 0.123605
v 0.623096 1.642447 0.131262
v 0.622060 1.626426 0.135932
v 0.621712 1.610000 0.137502
v 0.622060 1.593574 0.135932
v 0.623096 1.577553 0.131262
v 0.624795 1.562331 0.123605
v 0.627114 1.548283 0.113151
v 0.629997 1.535754 0.100158
v 0.633373 1.525053 0.084944
v 0.637157 1.516444 0.067885
v 0.641258 1.510139 0.049400
v 0.645575 1.506293 0.029946
v 0.641320 1.713707 0.028788
v 0.632853 1.709861 0.047114
v 0.624808 1.703556 0.064526
v 0.617384 1.694947 0.080596
v 0.610763 1.684246 0.094927
v 0.605108 1.671717 0.107166
v 0.600559 1.657669 0.117014
v 0.597227 1.642447 0.124226
v 0.595194 1.626426 0.128626
v 0.594511 1.610000 0.130104
v 0.595194 1.593574 0.128626
v 0.597227 1.577553 0.124226
v 0.600559 1.562331 0.117014
v 0.605108 1.548283 0.107166
v 0.610763 1.535754 0.094927
v 0.617384 1.525053 0.080596
v 0.624808 1.516444 0.064526
v 0.632853 1.510139 0.047114
v 0.641320 1.506293 0.028788
v 0.637398 1.713707 0.026909
v 0.625106 1.709861 0.043402
v 0.613428 1.703556 0.059072
v 0.602649 1.694947 0.073534
v 0.593037 1.684246 0.086432
v 0.584827 1.671717 0.097447
v 0.578223 1.657669 0.106310
v 0.573385 1.642447 0.112801
v 0.570434 1.626426 0.116760
v 0.569442 1.610000 0.118091
v 0.570434 1.593574 0.116760
v 0.573385 1.577553 0.112801
v 0.578223 1.562331 0.106310
v 0.584827 1.548283 0.097447
v 0.593037 1.535754 0.086432
v 0.602649 1.525053 0.073534
v 0.613428 1.516444 0.059072
v 0.625106 1.510139 0.043402
v 0.637398 1.506293 0.026909
v 0.633961 1.713707 0.024380
v 0.618316 1.709861 0.038406
v 0.603452 1.703556 0.051733
v 0.589734 1.694947 0.064031
v 0.577500 1.684246 0.075000
v 0.567051 1.671717 0.084368
v 0.558645 1.657669 0.091905
v 0.552488 1.642447 0.097425
v 0.548732 1.626426 0.100792
v 0.547470 1.610000 0.101924
v 0.548732 1.593574 0.100792
v 0.552488 1.577553 0.097425
v 0.558645 1.562331 0.091905
v 0.567051 1.548283 0.084368
v 0.577500 1.535754 0.075000
v 0.589734 1.525053 0.064031
v 0.603452 1.516444 0.051733
v 0.618316 1.510139 0.038406
v 0.633961 1.506293 0.024380
v 0.631140 1.713707 0.021298
v 0.612744 1.709861 0.032318
v 0.595266 1.703556 0.042789
v 0.579135 1.694947 0.052452
v 0.564749 1.684246 0.061070
v 0.552462 1.671717 0.068430
v 0.542578 1.657669 0.074352
v 0.535338 1.642447 0.078689
v 0.530921 1.626426 0.081335
v 0.529437 1.610000 0.082224
v 0.530921 1.593574 0.081335
v 0.535338 1.577553 0.078689
v 0.542578 1.562331 0.074352
v 0.552462 1.548283 0.068430
v 0.564749 1.535754 0.061070
v 0.579135 1.525053 0.052452
v 0.595266 1.516444 0.042789
v 0.612744 1.510139 0.032318
v 0.631140 1.506293 0.021298
v 0.629044 1.713707 0.017782
v 0.608603 1.709861 0.025373
v 0.589182 1.703556 0.032585
v 0.571259 1.694947 0.039242
v 0.555274 1.684246 0.045178
v 0.541622 1.671717 0.050248
v 0.530639 1.657669 0.054326
v 0.522594 1.642447 0.057314
v 0.517687 1.626426 0.059136
v 0.516038 1.610000 0.059749
v 0.517687 1.593574 0.059136
v 0.522594 1.577553 0.057314
v 0.530639 1.562331 0.054326
v 0.541622 1.548283 0.050248
v 0.555274 1.535754 0.045178
v 0.571259 1.525053 0.039242
v 0.589182 1.516444 0.032585
v 0.608603 1.510139 0.025373
v 0.629044 1.506293 0.017782
v 0.627753 1.713707 0.013967
v 0.606054 1.709861 0.017837
v 0.585436 1.703556 0.021514
v 0.566409 1.694947 0.024907
v 0.549440 1.684246 0.027933
v 0.534947 1.671717 0.030518
v 0.523287 1.657669 0.032597
v 0.514747 1.642447 0.034120
v 0.509537 1.626426 0.035049
v 0.507786 1.610000 0.035362
v 0.509537 1.593574 0.035049
v 0.514747 1.577553 0.034120
v 0.523287 1.562331 0.032597
v 0.534947 1.548283 0.030518
v 0.549440 1.535754 0.027933
v 0.566409 1.525053 0.024907
v 0.585436 1.516444 0.021514
v 0.606054 1.510139 0.017837
v 0.627753 1.506293 0.013967
v 0.627317 1.713707 0.010000
v 0.605193 1.709861 0.010000
v 0.584171 1.703556 0.010000
v 0.564771 1.694947 0.010000
v 0.547469 1.684246 0.010000
v 0.532693 1.671717 0.010000
v 0.520804 1.657669 0.010000
v 0.512097 1.642447 0.010000
v 0.506785 1.626426 0.010000
v 0.505000 1.610000 0.010000
v 0.506785 1.593574 0.010000
v 0.512097 1.577553 0.010000
v 0.520804 1.562331 0.010000
v 0.532693 1.548283 0.010000
v 0.547469 1.535754 0.010000
v 0.564771 1.525053 0.010000
v 0.584171 1.516444 0.010000
v 0.605193 1.510139 0.010000
v 0.627317 1.506293 0.010000
v 0.627753 1.713707 0.006033
v 0.606054 1.709861 0.002163
v 0.585436 1.703556 -0.001514
v 0.566409 1.694947 -0.004907
v 0.549440 1.684246 -0.007933
v 0.534947 1.671717 -0.010518
v 0.523287 1.657669 -0.012598
v 0.514747 1.642447 -0.014120
v 0.509537 1.626426 -0.015049
v 0.507786 1.610000 -0.015362
v 0.509537 1.593574 -0.015049
v 0.514747 1.577553 -0.014120
v 0.523287 1.562331 -0.012598
v 0.534947 1.548283 -0.010518
v 0.549440 1.535754 -0.007933
v 0.566409 1.525053 -0.004907
v 0.585436 1.516444 -0.001514
v 0.606054 1.510139 0.002163
v 0.627753 1.506293 0.006033
v 0.629044 1.713707 0.002218
v 0.608603 1.709861 -0.005373
v 0.589182 1.703556 -0.012586
v 0.571259 1.694947 -0.019242
v 0.555274 1.684246 -0.025178
v 0.541622 1.671717 -0.030248
v 0.530639 1.657669 -0.034327
v 0.522594 1.642447 -0.037314
v 0.517687 1.626426 -0.039136
v 0.516038 1.610000 -0.039749
v 0.517687 1.593574 -0.039136
v 0.522594 1.577553 -0.037314
v 0.530639 1.562331 -0.034327
v 0.541622 1.548283 -0.030248
v 0.555274 1.535754 -0.025178
v 0.571259 1.525053 -0.019242
v 0.589182 1.516444 -0.012586
v 0.608603 1.510139 -0.005373
v 0.629044 1.506293 0.002218
v 0.631140 1.713707 -0.001298
v 0.612744 1.709861 -0.012318
v 0.595266 1.703556 -0.022789
v 0.579135 1.694947 -0.032452
v 0.564749 1.684246 -0.041070
v 0.552462 1.671717 -0.048431
v 0.542578 1.657669 -0.054352
v 0.535338 1.642447 -0.058689
v 0.530921 1.626426 -0.061335
v 0.529437 1.610000 -0.062224
v 0.530921 1.593574 -0.061335
v 0.535338 1.577553 -0.058689
v 0.542578 1.562331 -0.054352
v 0.552462 1.548283 -0.048431
v 0.564749 1.535754 -0.041070
v 0.579135 1.525053 -0.032452
v 0.595266 1.516444 -0.022789
v 0.612744 1.510139 -0.012318
v 0.631140 1.506293 -0.001298
v 0.633961 1.713707 -0.004380
v 0.618316 1.709861 -0.018406
v 0.603452 1.703556 -0.031733
v 0.589734 1.694947 -0.044031
v 0.577500 1.684246 -0.055000
v 0.567051 1.671717 -0.064368
v 0.558645 1.657669 -0.071905
v 0.552488 1.642447 -0.077425
v 0.548732 1.626426 -0.080792
v 0.547470 1.610000 -0.081924
v 0.548732 1.593574 -0.080792
v 0.552488 1.577553 -0.077425
v 0.558645 1.562331 -0.071905
v 0.567051 1.548283 -0.064368
v 0.577500 1.535754 -0.055000
v 0.589734 1.525053 -0.044031
v 0.603452 1.516444 -0.031733
v 0.618316 1.510139 -0.018406
v 0.633961 1.506293 -0.004380
v 0.637398 1.713707 -0.006909
v 0.625106 1.709861 -0.023402
v 0.613428 1.703556 -0.039072
v 0.602649 1.694947 -0.053534
v 0.593037 1.684246 -0.066432
v 0.584828 1.671717 -0.077447
v 0.578223 1.657669 -0.086310
v 0.573385 1.642447 -0.092801
v 0.570434 1.626426 -0.096760
v 0.569442 1.610000 -0.098091
v 0.570434 1.593574 -0.096760
v 0.573385 1.577553 -0.092801
v 0.578223 1.562331 -0.086310
v 0.584828 1.548283 -0.077447
v 0.593037 1.535754 -0.066432
v 0.602649 1.525053 -0.053534
v 0.613428 1.516444 -0.039072
v 0.625106 1.510139 -0.023402
v 0.637398 1.506293 -0.006909
v 0.641320 1.713707 -0.008788
v 0.632853 1.709861 -0.027114
v 0.624808 1.703556 -0.044526
v 0.617384 1.694947 -0.060596
v 0.610763 1.684246 -0.074927
v 0.605108 1.671717 -0.087166
v 0.600559 1.657669 -0.097014
v 0.597227 1.642447 -0.104226
v 0.595194 1.626426 -0.108626
v 0.594511 1.610000 -0.110104
v 0.595194 1.593574 -0.108626
v 0.597227 1.577553 -0.104226
v 0.600559 1.562331 -0.097014
v 0.605108 1.548283 -0.087166
v 0.610763 1.535754 -0.074927
v 0.617384 1.525053 -0.060596
v 0.624808 1.516444 -0.044526
v 0.632853 1.510139 -0.027114
v 0.641320 1.506293 -0.008788
v 0.645575 1.713707 -0.009946
v 0.641258 1.709861 -0.029400
v 0.637157 1.703556 -0.047885
v 0.633373 1.694947 -0.064944
v 0.629997 1.684246 -0.080158
v 0.627114 1.671717 -0.093151
v 0.624795 1.657669 -0.103605
v 0.623096 1.642447 -0.111262
v 0.622060 1.626426 -0.115932
v 0.621712 1.610000 -0.117502
v 0.622060 1.593574 -0.115932
v 0.623096 1.577553 -0.111262
v 0.624795 1.562331 -0.103605
v 0.627114 1.548283 -0.093151
v 0.629997 1.535754 -0.080158
v 0.633373 1.525053 -0.064944
v 0.637157 1.516444 -0.047885
v 0.641258 1.510139 -0.029400
v 0.645575 1.506293 -0.009946
v 0.650000 1.709861 -0.030172
v 0.650000 1.703556 -0.049019
v 0.650000 1.684246 -0.081924
v 0.650000 1.642447 -0.113637
v 0.650000 1.610000 -0.120000
v 0.650000 1.593574 -0.118399
v 0.650000 1.525053 -0.066412
v 0.650000 1.516444 -0.049019
vn 0.0606 0.7252 -0.6858
vn 0.0702 -0.6029 -0.7947
vn 0.0702 0.6029 -0.7947
vn 0.0606 -0.7252 -0.6858
vn 0.0783 0.4549 -0.8871
vn 0.0056 0.9980 -0.0634
vn 0.0501 -0.8221 -0.5671
vn 0.0843 0.2839 -0.9551
vn 0.0168 0.9816 -0.1903
vn 0.0391 -0.8955 -0.4433
vn 0.0875 0.0966 -0.9915
vn 0.0280 0.9480 -0.3171
vn 0.0280 -0.9480 -0.3171
vn 0.0875 -0.0966 -0.9915
vn 0.0391 0.8955 -0.4433
vn 0.0168 -0.9816 -0.1903
vn 0.0843 -0.2839 -0.9551
vn 0.0501 0.8221 -0.5671
vn 0.0056 -0.9980 -0.0634
vn 0.0783 -0.4549 -0.8871
vn 0.0166 0.9980 -0.0610
vn 0.1487 -0.8241 -0.5466
vn 0.2515 0.2858 -0.9247
vn 0.0498 0.9818 -0.1831
vn 0.1161 -0.8968 -0.4268
vn 0.2612 0.0973 -0.9604
vn 0.0830 0.9487 -0.3052
vn 0.0830 -0.9487 -0.3052
vn 0.2612 -0.0973 -0.9604
vn 0.1161 0.8968 -0.4268
vn 0.0498 -0.9818 -0.1831
vn 0.2515 -0.2858 -0.9247
vn 0.1487 0.8241 -0.5466
vn 0.0166 -0.9980 -0.0610
vn 0.2333 -0.4576 -0.8580
vn 0.1800 0.7278 -0.6618
vn 0.2088 -0.6058 -0.7677
vn 0.2088 0.6058 -0.7677
vn 0.1800 -0.7278 -0.6618
vn 0.2333 0.4576 -0.8580
vn 0.0809 -0.9823 -0.1688
vn 0.4136 -0.2895 -0.8632
vn 0.2425 0.8277 -0.5060
vn 0.0269 -0.9981 -0.0562
vn 0.3831 -0.4627 -0.7995
vn 0.2942 0.7325 -0.6139
vn 0.3421 -0.6111 -0.7138
vn 0.3421 0.6111 -0.7138
vn 0.2942 -0.7325 -0.6139
vn 0.3831 0.4627 -0.7995
vn 0.0269 0.9981 -0.0562
vn 0.2425 -0.8277 -0.5060
vn 0.4136 0.2895 -0.8632
vn 0.0809 0.9823 -0.1688
vn 0.1890 -0.8993 -0.3944
vn 0.4300 0.0987 -0.8974
vn 0.1350 0.9500 -0.2816
vn 0.1350 -0.9500 -0.2816
vn 0.4300 -0.0987 -0.8974
vn 0.1890 0.8993 -0.3944
vn 0.3993 -0.7389 -0.5428
vn 0.5233 0.4695 -0.7112
vn 0.0363 0.9981 -0.0493
vn 0.3283 -0.8326 -0.4461
vn 0.5664 0.2946 -0.7697
vn 0.1089 0.9830 -0.1481
vn 0.2553 -0.9025 -0.3470
vn 0.5896 0.1005 -0.8014
vn 0.1820 0.9517 -0.2473
vn 0.1820 -0.9517 -0.2473
vn 0.5896 -0.1005 -0.8014
vn 0.2553 0.9025 -0.3470
vn 0.1089 -0.9830 -0.1481
vn 0.5664 -0.2946 -0.7697
vn 0.3283 0.8326 -0.4461
vn 0.0363 -0.9981 -0.0493
vn 0.5233 -0.4695 -0.7112
vn 0.3993 0.7389 -0.5428
vn 0.4658 -0.6183 -0.6330
vn 0.4658 0.6183 -0.6330
vn 0.7337 -0.1027 -0.6716
vn 0.3123 0.9060 -0.2858
vn 0.1328 -0.9837 -0.1216
vn 0.7036 -0.3003 -0.6440
vn 0.4026 0.8380 -0.3685
vn 0.0442 -0.9982 -0.0404
vn 0.6482 -0.4773 -0.5933
vn 0.4913 0.7459 -0.4497
vn 0.5750 -0.6264 -0.5263
vn 0.5750 0.6264 -0.5263
vn 0.4913 -0.7459 -0.4497
vn 0.6482 0.4773 -0.5933
vn 0.0442 0.9982 -0.0404
vn 0.4026 -0.8380 -0.3685
vn 0.7036 0.3003 -0.6440
vn 0.1328 0.9837 -0.1216
vn 0.3123 -0.9060 -0.2858
vn 0.7337 0.1027 -0.6716
vn 0.2222 0.9536 -0.2034
vn 0.2222 -0.9536 -0.2034
vn 0.6641 0.6342 -0.3959
vn 0.5655 -0.7527 -0.3372
vn 0.7512 0.4849 -0.4479
vn 0.0504 0.9983 -0.0301
vn 0.4620 -0.8430 -0.2755
vn 0.8178 0.3059 -0.4875
vn 0.1516 0.9843 -0.0904
vn 0.3576 -0.9092 -0.2132
vn 0.8542 0.1048 -0.5093
vn 0.2539 0.9553 -0.1514
vn 0.2539 -0.9553 -0.1514
vn 0.8542 -0.1048 -0.5093
vn 0.3576 0.9092 -0.2132
vn 0.1516 -0.9843 -0.0904
vn 0.8178 -0.3059 -0.4875
vn 0.4620 0.8430 -0.2755
vn 0.0504 -0.9983 -0.0301
vn 0.7512 -0.4849 -0.4479
vn 0.5655 0.7527 -0.3372
vn 0.6641 -0.6342 -0.3959
vn 0.2759 0.9566 -0.0934
vn 0.2759 -0.9566 -0.0934
vn 0.9419 -0.1065 -0.3187
vn 0.3890 0.9118 -0.1316
vn 0.1646 -0.9848 -0.0557
vn 0.9004 -0.3105 -0.3047
vn 0.5037 0.8469 -0.1704
vn 0.0547 -0.9983 -0.0185
vn 0.8252 -0.4909 -0.2792
vn 0.6179 0.7579 -0.2091
vn 0.7276 -0.6403 -0.2462
vn 0.7276 0.6403 -0.2462
vn 0.6179 -0.7579 -0.2091
vn 0.8252 0.4909 -0.2792
vn 0.0547 0.9983 -0.0185
vn 0.5037 -0.8469 -0.1704
vn 0.9004 0.3105 -0.3047
vn 0.1646 0.9848 -0.0557
vn 0.3890 -0.9118 -0.1316
vn 0.9419 0.1065 -0.3187
vn 0.7607 -0.6437 -0.0836
vn 0.7607 0.6437 -0.0836
vn 0.6451 -0.7608 -0.0709
vn 0.8641 0.4943 -0.0949
vn 0.0569 0.9984 -0.0063
vn 0.5251 -0.8491 -0.0577
vn 0.9441 0.3130 -0.1037
vn 0.1713 0.9850 -0.0188
vn 0.4052 -0.9131 -0.0445
vn 0.9883 0.1074 -0.1086
vn 0.2872 0.9574 -0.0315
vn 0.2872 -0.9574 -0.0315
vn 0.9883 -0.1074 -0.1086
vn 0.4052 0.9131 -0.0445
vn 0.1713 -0.9850 -0.0188
vn 0.9441 -0.3130 -0.1037
vn 0.5251 0.8491 -0.0577
vn 0.0569 -0.9984 -0.0063
vn 0.8641 -0.4943 -0.0949
vn 0.6451 0.7608 -0.0709
vn 0.9883 0.1074 0.1086
vn 0.2872 0.9574 0.0315
vn 0.2872 -0.9574 0.0315
vn 0.9883 -0.1074 0.1086
vn 0.4052 0.9131 0.0445
vn 0.1713 -0.9850 0.0188
vn 0.9441 -0.3130 0.1037
vn 0.5251 0.8491 0.0577
vn 0.0569 -0.9984 0.0063
vn 0.8641 -0.4943 0.0949
vn 0.6451 0.7608 0.0709
vn 0.7607 -0.6437 0.0836
vn 0.7607 0.6437 0.0836
vn 0.6451 -0.7608 0.0709
vn 0.8641 0.4943 0.0949
vn 0.0569 0.9984 0.0063
vn 0.5251 -0.8491 0.0577
vn 0.9441 0.3130 0.1037
vn 0.1713 0.9850 0.0188
vn 0.4052 -0.9131 0.0445
vn 0.6179 0.7579 0.2091
vn 0.7276 -0.6403 0.2462
vn 0.7276 0.6403 0.2462
vn 0.6179 -0.7579 0.2091
vn 0.8252 0.4909 0.2792
vn 0.0547 0.9983 0.0185
vn 0.5037 -0.8469 0.1704
vn 0.9004 0.3105 0.3047
vn 0.1646 0.9848 0.0557
vn 0.3890 -0.9118 0.1316
vn 0.9419 0.1065 0.3187
vn 0.2759 0.9566 0.0934
vn 0.2759 -0.9566 0.0934
vn 0.9419 -0.1065 0.3187
vn 0.3890 0.9118 0.1316
vn 0.1646 -0.9848 0.0557
vn 0.9004 -0.3105 0.3047
vn 0.5037 0.8469 0.1704
vn 0.0547 -0.9983 0.0185
vn 0.8252 -0.4909 0.2792
vn 0.1516 0.9843 0.0904
vn 0.3576 -0.9092 0.2132
vn 0.8542 0.1048 0.5093
vn 0.2539 0.9553 0.1514
vn 0.2539 -0.9553 0.1514
vn 0.8542 -0.1048 0.5093
vn 0.3576 0.9092 0.2132
vn 0.1516 -0.9843 0.0904
vn 0.8178 -0.3059 0.4875
vn 0.4620 0.8430 0.2755
vn 0.0504 -0.9983 0.0301
vn 0.7512 -0.4849 0.4479
vn 0.5655 0.7527 0.3372
vn 0.6641 -0.6342 0.3959
vn 0.6641 0.6342 0.3959
vn 0.5655 -0.7527 0.3372
vn 0.7512 0.4849 0.4479
vn 0.0504 0.9983 0.0301
vn 0.4620 -0.8430 0.2755
vn 0.8178 0.3059 0.4875
vn 0.0442 -0.9982 0.0404
vn 0.6482 -0.4773 0.5933
vn 0.4913 0.7459 0.4497
vn 0.5750 -0.6264 0.5263
vn 0.5750 0.6264 0.5263
vn 0.4913 -0.7459 0.4497
vn 0.6482 0.4773 0.5933
vn 0.0442 0.9982 0.0404
vn 0.4026 -0.8380 0.3685
vn 0.7036 0.3003 0.6440
vn 0.1328 0.9837 0.1216
vn 0.3123 -0.9060 0.2858
vn 0.7337 0.1027 0.6716
vn 0.2222 0.9536 0.2034
vn 0.2222 -0.9536 0.2034
vn 0.7337 -0.1027 0.6716
vn 0.3123 0.9060 0.2858
vn 0.1328 -0.9837 0.1216
vn 0.7036 -0.3003 0.6440
vn 0.4026 0.8380 0.3685
vn 0.3283 -0.8326 0.4461
vn 0.5664 0.2946 0.7697
vn 0.1089 0.9830 0.1481
vn 0.2553 -0.9025 0.3470
vn 0.5896 0.1005 0.8014
vn 0.1820 0.9517 0.2473
vn 0.1820 -0.9517 0.2473
vn 0.5896 -0.1005 0.8014
vn 0.2553 0.9025 0.3470
vn 0.1089 -0.9830 0.1481
vn 0.5664 -0.2946 0.7697
vn 0.3283 0.8326 0.4461
vn 0.0363 -0.9981 0.0493
vn 0.5233 -0.4695 0.7112
vn 0.3993 0.7389 0.5428
vn 0.4658 -0.6183 0.6330
vn 0.4658 0.6183 0.6330
vn 0.3993 -0.7389 0.5428
vn 0.5233 0.4695 0.7112
vn 0.0363 0.9981 0.0493
vn 0.4136 -0.2895 0.8632
vn 0.2425 0.8277 0.5060
vn 0.0269 -0.9981 0.0562
vn 0.3831 -0.4627 0.7995
vn 0.2942 0.7325 0.6139
vn 0.3421 -0.6111 0.7138
vn 0.3421 0.6111 0.7138
vn 0.2942 -0.7325 0.6139
vn 0.3831 0.4627 0.7995
vn 0.0269 0.9981 0.0562
vn 0.2425 -0.8277 0.5060
vn 0.4136 0.2895 0.8632
vn 0.0809 0.9823 0.1688
vn 0.1890 -0.8993 0.3944
vn 0.4300 0.0987 0.8974
vn 0.1350 0.9500 0.2817
vn 0.1350 -0.9500 0.2817
vn 0.4300 -0.0987 0.8974
vn 0.1890 0.8993 0.3944
vn 0.0809 -0.9823 0.1688
vn 0.2333 0.4576 0.8580
vn 0.0166 0.9980 0.0610
vn 0.1487 -0.8241 0.5466
vn 0.2515 0.2858 0.9247
vn 0.0498 0.9818 0.1831
vn 0.1161 -0.8968 0.4268
vn 0.2612 0.0973 0.9604
vn 0.0830 0.9487 0.3052
vn 0.0830 -0.9487 0.3052
vn 0.2612 -0.0973 0.9604
vn 0.1161 0.8968 0.4268
vn 0.0498 -0.9818 0.1831
vn 0.2515 -0.2858 0.9247
vn 0.1487 0.8241 0.5466
vn 0.0166 -0.9980 0.0610
vn 0.2333 -0.4576 0.8580
vn 0.1800 0.7278 0.6618
vn 0.2088 -0.6058 0.7677
vn 0.2088 0.6058 0.7677
vn 0.1800 -0.7278 0.6618
vn 0.0391 0.8955 0.4433
vn 0.0168 -0.9816 0.1903
vn 0.0843 -0.2839 0.9551
vn 0.0501 0.8221 0.5671
vn 0.0056 -0.9980 0.0634
vn 0.0783 -0.4549 0.8871
vn 0.0606 0.7252 0.6858
vn 0.0702 -0.6029 0.7947
vn 0.0702 0.6029 0.7947
vn 0.0606 -0.7252 0.6858
vn 0.0783 0.4549 0.8871
vn 0.0056 0.9980 0.0634
vn 0.0501 -0.8221 0.5671
vn 0.0843 0.2839 0.9551
vn 0.0168 0.9816 0.1903
vn 0.0391 -0.8955 0.4433
vn 0.0875 0.0966 0.9915
vn 0.0280 0.9480 0.3171
vn 0.0280 -0.9480 0.3171
vn 0.0875 -0.0966 0.9915
vn -0.0606 -0.7252 0.6858
vn -0.0783 0.4549 0.8871
vn -0.0056 0.9980 0.0634
vn -0.0501 -0.8221 0.5671
vn -0.0843 0.2839 0.9551
vn -0.0168 0.9816 0.1903
vn -0.0391 -0.8955 0.4433
vn -0.0875 0.0966 0.9915
vn -0.0280 0.9480 0.3171
vn -0.0280 -0.9480 0.3171
vn -0.0875 -0.0966 0.9915
vn -0.0391 0.8955 0.4433
vn -0.0168 -0.9816 0.1903
vn -0.0843 -0.2839 0.9551
vn -0.0501 0.8221 0.5671
vn -0.0056 -0.9980 0.0634
vn -0.0783 -0.4549 0.8871
vn -0.0606 0.7252 0.6858
vn -0.0702 -0.6029 0.7947
vn -0.0702 0.6029 0.7947
vn -0.2612 -0.0973 0.9604
vn -0.1161 0.8968 0.4268
vn -0.0498 -0.9818 0.1831
vn -0.2515 -0.2858 0.9247
vn -0.1487 0.8241 0.5466
vn -0.0166 -0.9980 0.0610
vn -0.2333 -0.4576 0.8580
vn -0.1800 0.7278 0.6618
vn -0.2088 -0.6058 0.7677
vn -0.2088 0.6058 0.7677
vn -0.1800 -0.7278 0.6618
vn -0.2333 0.4576 0.8580
vn -0.0166 0.9980 0.0610
vn -0.1487 -0.8241 0.5466
vn -0.2515 0.2858 0.9247
vn -0.0498 0.9818 0.1831
vn -0.1161 -0.8968 0.4268
vn -0.2612 0.0973 0.9604
vn -0.0830 0.9487 0.3052
vn -0.0830 -0.9487 0.3052
vn -0.3421 0.6111 0.7138
vn -0.2942 -0.7325 0.6139
vn -0.3831 0.4627 0.7995
vn -0.0269 0.9981 0.0562
vn -0.2425 -0.8277 0.5060
vn -0.4136 0.2895 0.8632
vn -0.0809 0.9823 0.1688
vn -0.1890 -0.8993 0.3944
vn -0.4300 0.0987 0.8974
vn -0.1350 0.9500 0.2817
vn -0.1350 -0.9500 0.2817
vn -0.4300 -0.0987 0.8974
vn -0.1890 0.8993 0.3944
vn -0.0809 -0.9823 0.1688
vn -0.4136 -0.2895 0.8632
vn -0.2425 0.8277 0.5060
vn -0.0269 -0.9981 0.0562
vn -0.3831 -0.4627 0.7995
vn -0.2942 0.7325 0.6139
vn -0.3421 -0.6111 0.7138
vn -0.1820 0.9517 0.2473
vn -0.1820 -0.9517 0.2473
vn -0.5896 -0.1005 0.8014
vn -0.2553 0.9025 0.3470
vn -0.1089 -0.9830 0.1481
vn -0.5664 -0.2946 0.7697
vn -0.3283 0.8326 0.4461
vn -0.0363 -0.9981 0.0493
vn -0.5233 -0.4695 0.7112
vn -0.3993 0.7389 0.5428
vn -0.4658 -0.6183 0.6330
vn -0.4658 0.6183 0.6330
vn -0.3993 -0.7389 0.5428
vn -0.5233 0.4695 0.7112
vn -0.0363 0.9981 0.0493
vn -0.3283 -0.8326 0.4461
vn -0.5664 0.2946 0.7697
vn -0.1089 0.9830 0.1481
vn -0.2553 -0.9025 0.3470
vn -0.5896 0.1005 0.8014
vn -0.5750 -0.6264 0.5263
vn -0.5750 0.6264 0.5263
vn -0.4913 -0.7459 0.4497
vn -0.6482 0.4773 0.5933
vn -0.0442 0.9982 0.0404
vn -0.4026 -0.8380 0.3685
vn -0.7036 0.3003 0.6440
vn -0.1328 0.9837 0.1216
vn -0.3123 -0.9060 0.2858
vn -0.7337 0.1027 0.6716
vn -0.2222 0.9536 0.2034
vn -0.2222 -0.9536 0.2034
vn -0.7337 -0.1027 0.6716
vn -0.3123 0.9060 0.2858
vn -0.1328 -0.9837 0.1216
vn -0.7036 -0.3003 0.6440
vn -0.4026 0.8380 0.3685
vn -0.0442 -0.9982 0.0404
vn -0.6482 -0.4773 0.5933
vn -0.4913 0.7459 0.4497
vn -0.3576 -0.9092 0.2132
vn -0.8542 0.1048 0.5093
vn -0.2539 0.9553 0.1514
vn -0.2539 -0.9553 0.1514
vn -0.8542 -0.1048 0.5093
vn -0.3576 0.9092 0.2132
vn -0.1516 -0.9843 0.0904
vn -0.8178 -0.3059 0.4875
vn -0.4620 0.8430 0.2755
vn -0.0504 -0.9983 0.0301
vn -0.7512 -0.4849 0.4479
vn -0.5655 0.7527 0.3372
vn -0.6641 -0.6342 0.3959
vn -0.6641 0.6342 0.3959
vn -0.5655 -0.7527 0.3372
vn -0.7512 0.4849 0.4479
vn -0.0504 0.9983 0.0301
vn -0.4620 -0.8430 0.2755
vn -0.8178 0.3059 0.4875
vn -0.1516 0.9843 0.0904
vn -0.8252 -0.4909 0.2792
vn -0.6179 0.7579 0.2091
vn -0.7276 -0.6403 0.2462
vn -0.7276 0.6403 0.2462
vn -0.6179 -0.7579 0.2091
vn -0.8252 0.4909 0.2792
vn -0.0547 0.9983 0.0185
vn -0.5037 -0.8469 0.1704
vn -0.9004 0.3105 0.3047
vn -0.1646 0.9848 0.0557
vn -0.3890 -0.9118 0.1316
vn -0.9419 0.1065 0.3187
vn -0.2759 0.9566 0.0934
vn -0.2759 -0.9566 0.0934
vn -0.9419 -0.1065 0.3187
vn -0.3890 0.9118 0.1316
vn -0.1646 -0.9848 0.0557
vn -0.9004 -0.3105 0.3047
vn -0.5037 0.8469 0.1704
vn -0.0547 -0.9983 0.0185
vn -0.9441 0.3130 0.1037
vn -0.1713 0.9850 0.0188
vn -0.4052 -0.9131 0.0445
vn -0.9883 0.1074 0.1086
vn -0.2872 0.9574 0.0315
vn -0.2872 -0.9574 0.0315
vn -0.9883 -0.1074 0.1086
vn -0.4052 0.9131 0.0445
vn -0.1713 -0.9850 0.0188
vn -0.9441 -0.3130 0.1037
vn -0.5251 0.8491 0.0577
vn -0.0569 -0.9984 0.0063
vn -0.8641 -0.4943 0.0949
vn -0.6451 0.7608 0.0709
vn -0.7607 -0.6437 0.0836
vn -0.7607 0.6437 0.0836
vn -0.6451 -0.7608 0.0709
vn -0.8641 0.4943 0.0949
vn -0.0569 0.9984 0.0063
vn -0.5251 -0.8491 0.0577
vn -0.5251 0.8491 -0.0577
vn -0.0569 -0.9984 -0.0063
vn -0.8641 -0.4943 -0.0949
vn -0.6451 0.7608 -0.0709
vn -0.7607 -0.6437 -0.0836
vn -0.7607 0.6437 -0.0836
vn -0.6451 -0.7608 -0.0709
vn -0.8641 0.4943 -0.0949
vn -0.0569 0.9984 -0.0063
vn -0.5251 -0.8491 -0.0577
vn -0.9441 0.3130 -0.1037
vn -0.1713 0.9850 -0.0188
vn -0.4052 -0.9131 -0.0445
vn -0.9883 0.1074 -0.1086
vn -0.2872 0.9574 -0.0315
vn -0.2872 -0.9574 -0.0315
vn -0.9883 -0.1074 -0.1086
vn -0.4052 0.9131 -0.0445
vn -0.1713 -0.9850 -0.0188
vn -0.9441 -0.3130 -0.1037
vn -0.0547 0.9983 -0.0185
vn -0.5037 -0.8469 -0.1704
vn -0.9004 0.3105 -0.3047
vn -0.1646 0.9848 -0.0557
vn -0.3890 -0.9118 -0.1316
vn -0.9419 0.1065 -0.3187
vn -0.2759 0.9566 -0.0934
vn -0.2759 -0.9566 -0.0934
vn -0.9419 -0.1065 -0.3187
vn -0.3890 0.9118 -0.1316
vn -0.1646 -0.9848 -0.0557
vn -0.9004 -0.3105 -0.3047
vn -0.5037 0.8469 -0.1704
vn -0.0547 -0.9983 -0.0185
vn -0.8252 -0.4909 -0.2792
vn -0.6179 0.7579 -0.2091
vn -0.7276 -0.6403 -0.2462
vn -0.7276 0.6403 -0.2462
vn -0.6179 -0.7579 -0.2091
vn -0.8252 0.4909 -0.2792
vn -0.8178 -0.3059 -0.4875
vn -0.4620 0.8430 -0.2755
vn -0.0504 -0.9983 -0.0301
vn -0.7512 -0.4849 -0.4479
vn -0.5655 0.7527 -0.3372
vn -0.6641 -0.6342 -0.3959
vn -0.6641 0.6342 -0.3959
vn -0.5655 -0.7527 -0.3372
vn -0.7512 0.4849 -0.4479
vn -0.0504 0.9983 -0.0301
vn -0.4620 -0.8430 -0.2755
vn -0.8178 0.3059 -0.4875
vn -0.1516 0.9843 -0.0904
vn -0.3576 -0.9092 -0.2132
vn -0.8542 0.1048 -0.5093
vn -0.2539 0.9553 -0.1514
vn -0.2539 -0.9553 -0.1514
vn -0.8542 -0.1048 -0.5093
vn -0.3576 0.9092 -0.2132
vn -0.1516 -0.9843 -0.0904
vn -0.6482 0.4773 -0.5933
vn -0.0442 0.9982 -0.0404
vn -0.4026 -0.8380 -0.3685
vn -0.7036 0.3003 -0.6440
vn -0.1328 0.9837 -0.1216
vn -0.3123 -0.9060 -0.2858
vn -0.7337 0.1027 -0.6716
vn -0.2222 0.9536 -0.2034
vn -0.2222 -0.9536 -0.2034
vn -0.7337 -0.1027 -0.6716
vn -0.3123 0.9060 -0.2858
vn -0.1328 -0.9837 -0.1216
vn -0.7036 -0.3003 -0.6440
vn -0.4026 0.8380 -0.3685
vn -0.0442 -0.9982 -0.0404
vn -0.6482 -0.4773 -0.5933
vn -0.4913 0.7459 -0.4497
vn -0.5750 -0.6264 -0.5263
vn -0.5750 0.6264 -0.5263
vn -0.4913 -0.7459 -0.4497
vn -0.2553 0.9025 -0.3470
vn -0.1089 -0.9830 -0.1481
vn -0.5664 -0.2946 -0.7697
vn -0.3283 0.8326 -0.4461
vn -0.0363 -0.9981 -0.0493
vn -0.5233 -0.4695 -0.7112
vn -0.3993 0.7389 -0.5428
vn -0.4658 -0.6183 -0.6330
vn -0.4658 0.6183 -0.6330
vn -0.3993 -0.7389 -0.5428
vn -0.5233 0.4695 -0.7112
vn -0.0363 0.9981 -0.0493
vn -0.3283 -0.8326 -0.4461
vn -0.5664 0.2946 -0.7697
vn -0.1089 0.9830 -0.1481
vn -0.2553 -0.9025 -0.3470
vn -0.5896 0.1005 -0.8014
vn -0.1820 0.9517 -0.2473
vn -0.1820 -0.9517 -0.2473
vn -0.5896 -0.1005 -0.8014
vn -0.2942 -0.7325 -0.6139
vn -0.3831 0.4627 -0.7995
vn -0.0269 0.9981 -0.0562
vn -0.2425 -0.8277 -0.5060
vn -0.4136 0.2895 -0.8632
vn -0.0809 0.9823 -0.1688
vn -0.1890 -0.8993 -0.3944
vn -0.4300 0.0987 -0.8974
vn -0.1350 0.9500 -0.2817
vn -0.1350 -0.9500 -0.2817
vn -0.4300 -0.0987 -0.8974
vn -0.1890 0.8993 -0.3944
vn -0.0809 -0.9823 -0.1688
vn -0.4136 -0.2895 -0.8632
vn -0.2425 0.8277 -0.5060
vn -0.0269 -0.9981 -0.0562
vn -0.3831 -0.4627 -0.7995
vn -0.2942 0.7325 -0.6139
vn -0.3421 -0.6111 -0.7138
vn -0.3421 0.6111 -0.7138
vn -0.0830 -0.9487 -0.3052
vn -0.2612 -0.0973 -0.9604
vn -0.1161 0.8968 -0.4268
vn -0.0498 -0.9818 -0.1831
vn -0.2515 -0.2858 -0.9247
vn -0.1487 0.8241 -0.5466
vn -0.0166 -0.9980 -0.0610
vn -0.2333 -0.4576 -0.8580
vn -0.1800 0.7278 -0.6618
vn -0.2088 -0.6058 -0.7677
vn -0.2088 0.6058 -0.7677
vn -0.1800 -0.7278 -0.6618
vn -0.2333 0.4576 -0.8580
vn -0.0166 0.9980 -0.0610
vn -0.1487 -0.8241 -0.5466
vn -0.2515 0.2858 -0.9247
vn -0.0498 0.9818 -0.1831
vn -0.1161 -0.8968 -0.4268
vn -0.2612 0.0973 -0.9604
vn -0.0830 0.9487 -0.3052
vn -0.0702 -0.6029 -0.7947
vn -0.0702 0.6029 -0.7947
vn -0.0606 -0.7252 -0.6858
vn -0.0783 0.4549 -0.8871
vn -0.0056 0.9980 -0.0634
vn -0.0501 -0.8221 -0.5671
vn -0.0843 0.2839 -0.9551
vn -0.0168 0.9816 -0.1903
vn -0.0391 -0.8955 -0.4433
vn -0.0876 0.0966 -0.9915
vn -0.0280 0.9480 -0.3171
vn -0.0280 -0.9480 -0.3171
vn -0.0875 -0.0966 -0.9915
vn -0.0391 0.8955 -0.4433
vn -0.0168 -0.9816 -0.1903
vn -0.0843 -0.2839 -0.9551
vn -0.0501 0.8221 -0.5671
vn -0.0056 -0.9980 -0.0634
vn -0.0783 -0.4549 -0.8871
vn -0.0606 0.7252 -0.6858
vt 0.750000 0.700000
vt 0.750000 0.750000
vt 0.718750 0.750000
vt 0.718750 0.700000
vt 0.750000 0.300000
vt 0.750000 0.350000
vt 0.718750 0.350000
vt 0.718750 0.300000
vt 0.750000 0.650000
vt 0.718750 0.650000
vt 0.750000 0.250000
vt 0.718750 0.250000
vt 0.750000 0.600000
vt 0.718750 0.600000
vt 0.750000 0.950000
vt 0.734375 1.000000
vt 0.718750 0.950000
vt 0.750000 0.200000
vt 0.718750 0.200000
vt 0.750000 0.550000
vt 0.718750 0.550000
vt 0.750000 0.900000
vt 0.718750 0.900000
vt 0.750000 0.150000
vt 0.718750 0.150000
vt 0.750000 0.500000
vt 0.718750 0.500000
vt 0.750000 0.850000
vt 0.718750 0.850000
vt 0.750000 0.100000
vt 0.718750 0.100000
vt 0.750000 0.450000
vt 0.718750 0.450000
vt 0.750000 0.800000
vt 0.718750 0.800000
vt 0.750000 0.050000
vt 0.718750 0.050000
vt 0.750000 0.400000
vt 0.718750 0.400000
vt 0.734375 0.000000
vt 0.703125 1.000000
vt 0.687500 0.950000
vt 0.687500 0.250000
vt 0.687500 0.200000
vt 0.687500 0.600000
vt 0.687500 0.550000
vt 0.687500 0.900000
vt 0.687500 0.150000
vt 0.687500 0.500000
vt 0.687500 0.850000
vt 0.687500 0.100000
vt 0.687500 0.450000
vt 0.687500 0.800000
vt 0.687500 0.050000
vt 0.687500 0.400000
vt 0.687500 0.750000
vt 0.703125 0.000000
vt 0.687500 0.350000
vt 0.687500 0.700000
vt 0.687500 0.300000
vt 0.687500 0.650000
vt 0.656250 0.100000
vt 0.656250 0.050000
vt 0.656250 0.450000
vt 0.656250 0.400000
vt 0.656250 0.800000
vt 0.656250 0.750000
vt 0.671875 0.000000
vt 0.656250 0.350000
vt 0.656250 0.700000
vt 0.656250 0.300000
vt 0.656250 0.650000
vt 0.656250 0.250000
vt 0.656250 0.600000
vt 0.671875 1.000000
vt 0.656250 0.950000
vt 0.656250 0.200000
vt 0.656250 0.550000
vt 0.656250 0.900000
vt 0.656250 0.150000
vt 0.656250 0.500000
vt 0.656250 0.850000
vt 0.625000 0.300000
vt 0.625000 0.250000
vt 0.625000 0.650000
vt 0.625000 0.600000
vt 0.640625 1.000000
vt 0.625000 0.950000
vt 0.625000 0.200000
vt 0.625000 0.550000
vt 0.625000 0.900000
vt 0.625000 0.150000
vt 0.625000 0.500000
vt 0.625000 0.850000
vt 0.625000 0.100000
vt 0.625000 0.450000
vt 0.625000 0.800000
vt 0.625000 0.050000
vt 0.625000 0.400000
vt 0.625000 0.750000
vt 0.640625 0.000000
vt 0.625000 0.350000
vt 0.625000 0.700000
vt 0.593750 0.500000
vt 0.593750 0.450000
vt 0.593750 0.850000
vt 0.593750 0.800000
vt 0.593750 0.100000
vt 0.593750 0.050000
vt 0.593750 0.400000
vt 0.593750 0.750000
vt 0.609375 0.000000
vt 0.593750 0.350000
vt 0.593750 0.700000
vt 0.593750 0.300000
vt 0.593750 0.650000
vt 0.593750 0.250000
vt 0.593750 0.600000
vt 0.609375 1.000000
vt 0.593750 0.950000
vt 0.593750 0.200000
vt 0.593750 0.550000
vt 0.593750 0.900000
vt 0.593750 0.150000
vt 0.562500 0.700000
vt 0.562500 0.650000
vt 0.562500 0.300000
vt 0.562500 0.250000
vt 0.562500 0.600000
vt 0.578125 1.000000
vt 0.562500 0.950000
vt 0.562500 0.200000
vt 0.562500 0.550000
vt 0.562500 0.900000
vt 0.562500 0.150000
vt 0.562500 0.500000
vt 0.562500 0.850000
vt 0.562500 0.100000
vt 0.562500 0.450000
vt 0.562500 0.800000
vt 0.562500 0.050000
vt 0.562500 0.400000
vt 0.562500 0.750000
vt 0.578125 0.000000
vt 0.562500 0.350000
vt 0.531250 0.900000
vt 0.531250 0.850000
vt 0.531250 0.150000
vt 0.531250 0.100000
vt 0.531250 0.500000
vt 0.531250 0.450000
vt 0.531250 0.800000
vt 0.531250 0.050000
vt 0.531250 0.400000
vt 0.531250 0.750000
vt 0.546875 0.000000
vt 0.531250 0.350000
vt 0.531250 0.700000
vt 0.531250 0.300000
vt 0.531250 0.650000
vt 0.531250 0.250000
vt 0.531250 0.600000
vt 0.546875 1.000000
vt 0.531250 0.950000
vt 0.531250 0.200000
vt 0.531250 0.550000
vt 0.500000 0.350000
vt 0.500000 0.300000
vt 0.500000 0.700000
vt 0.500000 0.650000
vt 0.500000 0.250000
vt 0.500000 0.600000
vt 0.515625 1.000000
vt 0.500000 0.950000
vt 0.500000 0.200000
vt 0.500000 0.550000
vt 0.500000 0.900000
vt 0.500000 0.150000
vt 0.500000 0.500000
vt 0.500000 0.850000
vt 0.500000 0.100000
vt 0.500000 0.450000
vt 0.500000 0.800000
vt 0.500000 0.050000
vt 0.500000 0.400000
vt 0.500000 0.750000
vt 0.515625 0.000000
vt 0.468750 0.550000
vt 0.468750 0.500000
vt 0.468750 0.900000
vt 0.468750 0.850000
vt 0.468750 0.150000
vt 0.468750 0.100000
vt 0.468750 0.450000
vt 0.468750 0.800000
vt 0.468750 0.050000
vt 0.468750 0.400000
vt 0.468750 0.750000
vt 0.484375 0.000000
vt 0.468750 0.350000
vt 0.468750 0.700000
vt 0.468750 0.300000
vt 0.468750 0.650000
vt 0.468750 0.250000
vt 0.468750 0.600000
vt 0.484375 1.000000
vt 0.468750 0.950000
vt 0.468750 0.200000
vt 0.437500 0.750000
vt 0.437500 0.700000
vt 0.437500 0.350000
vt 0.437500 0.300000
vt 0.437500 0.650000
vt 0.437500 0.250000
vt 0.437500 0.600000
vt 0.453125 1.000000
vt 0.437500 0.950000
vt 0.437500 0.200000
vt 0.437500 0.550000
vt 0.437500 0.900000
vt 0.437500 0.150000
vt 0.437500 0.500000
vt 0.437500 0.850000
vt 0.437500 0.100000
vt 0.437500 0.450000
vt 0.437500 0.800000
vt 0.437500 0.050000
vt 0.437500 0.400000
vt 0.453125 0.000000
vt 0.406250 0.950000
vt 0.406250 0.900000
vt 0.406250 0.200000
vt 0.406250 0.150000
vt 0.406250 0.550000
vt 0.406250 0.500000
vt 0.406250 0.850000
vt 0.406250 0.100000
vt 0.406250 0.450000
vt 0.406250 0.800000
vt 0.406250 0.050000
vt 0.406250 0.400000
vt 0.406250 0.750000
vt 0.421875 0.000000
vt 0.406250 0.350000
vt 0.406250 0.700000
vt 0.406250 0.300000
vt 0.406250 0.650000
vt 0.406250 0.250000
vt 0.406250 0.600000
vt 0.421875 1.000000
vt 0.390625 0.000000
vt 0.375000 0.050000
vt 0.375000 0.400000
vt 0.375000 0.350000
vt 0.375000 0.750000
vt 0.375000 0.700000
vt 0.375000 0.300000
vt 0.375000 0.650000
vt 0.375000 0.250000
vt 0.375000 0.600000
vt 0.390625 1.000000
vt 0.375000 0.950000
vt 0.375000 0.200000
vt 0.375000 0.550000
vt 0.375000 0.900000
vt 0.375000 0.150000
vt 0.375000 0.500000
vt 0.375000 0.850000
vt 0.375000 0.100000
vt 0.375000 0.450000
vt 0.375000 0.800000
vt 0.343750 0.250000
vt 0.343750 0.200000
vt 0.343750 0.600000
vt 0.343750 0.550000
vt 0.343750 0.950000
vt 0.343750 0.900000
vt 0.343750 0.150000
vt 0.343750 0.500000
vt 0.343750 0.850000
vt 0.343750 0.100000
vt 0.343750 0.450000
vt 0.343750 0.800000
vt 0.343750 0.050000
vt 0.343750 0.400000
vt 0.343750 0.750000
vt 0.359375 0.000000
vt 0.343750 0.350000
vt 0.343750 0.700000
vt 0.343750 0.300000
vt 0.343750 0.650000
vt 0.359375 1.000000
vt 0.312500 0.450000
vt 0.312500 0.400000
vt 0.312500 0.800000
vt 0.312500 0.750000
vt 0.328125 0.000000
vt 0.312500 0.050000
vt 0.312500 0.350000
vt 0.312500 0.700000
vt 0.312500 0.300000
vt 0.312500 0.650000
vt 0.312500 0.250000
vt 0.312500 0.600000
vt 0.328125 1.000000
vt 0.312500 0.950000
vt 0.312500 0.200000
vt 0.312500 0.550000
vt 0.312500 0.900000
vt 0.312500 0.150000
vt 0.312500 0.500000
vt 0.312500 0.850000
vt 0.312500 0.100000
vt 0.281250 0.650000
vt 0.281250 0.600000
vt 0.296875 1.000000
vt 0.281250 0.950000
vt 0.281250 0.250000
vt 0.281250 0.200000
vt 0.281250 0.550000
vt 0.281250 0.900000
vt 0.281250 0.150000
vt 0.281250 0.500000
vt 0.281250 0.850000
vt 0.281250 0.100000
vt 0.281250 0.450000
vt 0.281250 0.800000
vt 0.281250 0.050000
vt 0.281250 0.400000
vt 0.281250 0.750000
vt 0.296875 0.000000
vt 0.281250 0.350000
vt 0.281250 0.700000
vt 0.281250 0.300000
vt 0.250000 0.850000
vt 0.250000 0.800000
vt 0.250000 0.100000
vt 0.250000 0.050000
vt 0.250000 0.450000
vt 0.250000 0.400000
vt 0.250000 0.750000
vt 0.265625 0.000000
vt 0.250000 0.350000
vt 0.250000 0.700000
vt 0.250000 0.300000
vt 0.250000 0.650000
vt 0.250000 0.250000
vt 0.250000 0.600000
vt 0.265625 1.000000
vt 0.250000 0.950000
vt 0.250000 0.200000
vt 0.250000 0.550000
vt 0.250000 0.900000
vt 0.250000 0.150000
vt 0.250000 0.500000
vt 0.218750 0.300000
vt 0.218750 0.250000
vt 0.218750 0.650000
vt 0.218750 0.600000
vt 0.234375 1.000000
vt 0.218750 0.950000
vt 0.218750 0.200000
vt 0.218750 0.550000
vt 0.218750 0.900000
vt 0.218750 0.150000
vt 0.218750 0.500000
vt 0.218750 0.850000
vt 0.218750 0.100000
vt 0.218750 0.450000
vt 0.218750 0.800000
vt 0.218750 0.050000
vt 0.218750 0.400000
vt 0.218750 0.750000
vt 0.234375 0.000000
vt 0.218750 0.350000
vt 0.218750 0.700000
vt 0.187500 0.500000
vt 0.187500 0.450000
vt 0.187500 0.850000
vt 0.187500 0.800000
vt 0.187500 0.100000
vt 0.187500 0.050000
vt 0.187500 0.400000
vt 0.187500 0.750000
vt 0.203125 0.000000
vt 0.187500 0.350000
vt 0.187500 0.700000
vt 0.187500 0.300000
vt 0.187500 0.650000
vt 0.187500 0.250000
vt 0.187500 0.600000
vt 0.203125 1.000000
vt 0.187500 0.950000
vt 0.187500 0.200000
vt 0.187500 0.550000
vt 0.187500 0.900000
vt 0.187500 0.150000
vt 0.156250 0.700000
vt 0.156250 0.650000
vt 0.156250 0.300000
vt 0.156250 0.250000
vt 0.156250 0.600000
vt 0.171875 1.000000
vt 0.156250 0.950000
vt 0.156250 0.200000
vt 0.156250 0.550000
vt 0.156250 0.900000
vt 0.156250 0.150000
vt 0.156250 0.500000
vt 0.156250 0.850000
vt 0.156250 0.100000
vt 0.156250 0.450000
vt 0.156250 0.800000
vt 0.156250 0.050000
vt 0.156250 0.400000
vt 0.156250 0.750000
vt 0.171875 0.000000
vt 0.156250 0.350000
vt 0.125000 0.900000
vt 0.125000 0.850000
vt 0.125000 0.150000
vt 0.125000 0.100000
vt 0.125000 0.500000
vt 0.125000 0.450000
vt 0.125000 0.800000
vt 0.125000 0.050000
vt 0.125000 0.400000
vt 0.125000 0.750000
vt 0.140625 0.000000
vt 0.125000 0.350000
vt 0.125000 0.700000
vt 0.125000 0.300000
vt 0.125000 0.650000
vt 0.125000 0.250000
vt 0.125000 0.600000
vt 0.140625 1.000000
vt 0.125000 0.950000
vt 0.125000 0.200000
vt 0.125000 0.550000
vt 0.093750 0.350000
vt 0.093750 0.300000
vt 0.093750 0.700000
vt 0.093750 0.650000
vt 0.093750 0.250000
vt 0.093750 0.600000
vt 0.109375 1.000000
vt 0.093750 0.950000
vt 0.093750 0.200000
vt 0.093750 0.550000
vt 0.093750 0.900000
vt 0.093750 0.150000
vt 0.093750 0.500000
vt 0.093750 0.850000
vt 0.093750 0.100000
vt 0.093750 0.450000
vt 0.093750 0.800000
vt 0.093750 0.050000
vt 0.093750 0.400000
vt 0.093750 0.750000
vt 0.109375 0.000000
vt 0.062500 0.200000
vt 0.062500 0.150000
vt 0.062500 0.550000
vt 0.062500 0.500000
vt 0.062500 0.900000
vt 0.062500 0.850000
vt 0.062500 0.100000
vt 0.062500 0.450000
vt 0.062500 0.800000
vt 0.062500 0.050000
vt 0.062500 0.400000
vt 0.062500 0.750000
vt 0.078125 0.000000
vt 0.062500 0.350000
vt 0.062500 0.700000
vt 0.062500 0.300000
vt 0.062500 0.650000
vt 0.062500 0.250000
vt 0.062500 0.600000
vt 0.078125 1.000000
vt 0.062500 0.950000
vt 0.031250 0.400000
vt 0.031250 0.350000
vt 0.031250 0.750000
vt 0.031250 0.700000
vt 0.031250 0.300000
vt 0.031250 0.650000
vt 0.031250 0.250000
vt 0.031250 0.600000
vt 0.046875 1.000000
vt 0.031250 0.950000
vt 0.031250 0.200000
vt 0.031250 0.550000
vt 0.031250 0.900000
vt 0.031250 0.150000
vt 0.031250 0.500000
vt 0.031250 0.850000
vt 0.031250 0.100000
vt 0.031250 0.450000
vt 0.031250 0.800000
vt 0.031250 0.050000
vt 0.046875 0.000000
vt 0.000000 0.600000
vt 0.000000 0.550000
vt 0.000000 0.950000
vt 0.000000 0.900000
vt 0.000000 0.200000
vt 0.000000 0.150000
vt 0.000000 0.500000
vt 0.000000 0.850000
vt 0.000000 0.100000
vt 0.000000 0.450000
vt 0.000000 0.800000
vt 0.000000 0.050000
vt 0.000000 0.400000
vt 0.000000 0.750000
vt 0.015625 0.000000
vt 0.000000 0.350000
vt 0.000000 0.700000
vt 0.000000 0.300000
vt 0.000000 0.650000
vt 0.000000 0.250000
vt 0.015625 1.000000
vt 1.000000 0.750000
vt 1.000000 0.800000
vt 0.968750 0.800000
vt 0.968750 0.750000
vt 0.984375 0.000000
vt 1.000000 0.050000
vt 0.968750 0.050000
vt 1.000000 0.350000
vt 1.000000 0.400000
vt 0.968750 0.400000
vt 0.968750 0.350000
vt 1.000000 0.700000
vt 0.968750 0.700000
vt 1.000000 0.300000
vt 0.968750 0.300000
vt 1.000000 0.650000
vt 0.968750 0.650000
vt 1.000000 0.250000
vt 0.968750 0.250000
vt 1.000000 0.600000
vt 0.968750 0.600000
vt 1.000000 0.950000
vt 0.984375 1.000000
vt 0.968750 0.950000
vt 1.000000 0.200000
vt 0.968750 0.200000
vt 1.000000 0.550000
vt 0.968750 0.550000
vt 1.000000 0.900000
vt 0.968750 0.900000
vt 1.000000 0.150000
vt 0.968750 0.150000
vt 1.000000 0.500000
vt 0.968750 0.500000
vt 1.000000 0.850000
vt 0.968750 0.850000
vt 1.000000 0.100000
vt 0.968750 0.100000
vt 1.000000 0.450000
vt 0.968750 0.450000
vt 0.953125 1.000000
vt 0.937500 0.950000
vt 0.937500 0.250000
vt 0.937500 0.200000
vt 0.937500 0.600000
vt 0.937500 0.550000
vt 0.937500 0.900000
vt 0.937500 0.150000
vt 0.937500 0.500000
vt 0.937500 0.850000
vt 0.937500 0.100000
vt 0.937500 0.450000
vt 0.937500 0.800000
vt 0.937500 0.050000
vt 0.937500 0.400000
vt 0.937500 0.750000
vt 0.953125 0.000000
vt 0.937500 0.350000
vt 0.937500 0.700000
vt 0.937500 0.300000
vt 0.937500 0.650000
vt 0.906250 0.450000
vt 0.906250 0.400000
vt 0.906250 0.800000
vt 0.906250 0.750000
vt 0.921875 0.000000
vt 0.906250 0.050000
vt 0.906250 0.350000
vt 0.906250 0.700000
vt 0.906250 0.300000
vt 0.906250 0.650000
vt 0.906250 0.250000
vt 0.906250 0.600000
vt 0.921875 1.000000
vt 0.906250 0.950000
vt 0.906250 0.200000
vt 0.906250 0.550000
vt 0.906250 0.900000
vt 0.906250 0.150000
vt 0.906250 0.500000
vt 0.906250 0.850000
vt 0.906250 0.100000
vt 0.875000 0.650000
vt 0.875000 0.600000
vt 0.890625 1.000000
vt 0.875000 0.950000
vt 0.875000 0.250000
vt 0.875000 0.200000
vt 0.875000 0.550000
vt 0.875000 0.900000
vt 0.875000 0.150000
vt 0.875000 0.500000
vt 0.875000 0.850000
vt 0.875000 0.100000
vt 0.875000 0.450000
vt 0.875000 0.800000
vt 0.875000 0.050000
vt 0.875000 0.400000
vt 0.875000 0.750000
vt 0.890625 0.000000
vt 0.875000 0.350000
vt 0.875000 0.700000
vt 0.875000 0.300000
vt 0.843750 0.850000
vt 0.843750 0.800000
vt 0.843750 0.100000
vt 0.843750 0.050000
vt 0.843750 0.450000
vt 0.843750 0.400000
vt 0.843750 0.750000
vt 0.859375 0.000000
vt 0.843750 0.350000
vt 0.843750 0.700000
vt 0.843750 0.300000
vt 0.843750 0.650000
vt 0.843750 0.250000
vt 0.843750 0.600000
vt 0.859375 1.000000
vt 0.843750 0.950000
vt 0.843750 0.200000
vt 0.843750 0.550000
vt 0.843750 0.900000
vt 0.843750 0.150000
vt 0.843750 0.500000
vt 0.812500 0.300000
vt 0.812500 0.250000
vt 0.812500 0.650000
vt 0.812500 0.600000
vt 0.828125 1.000000
vt 0.812500 0.950000
vt 0.812500 0.200000
vt 0.812500 0.550000
vt 0.812500 0.900000
vt 0.812500 0.150000
vt 0.812500 0.500000
vt 0.812500 0.850000
vt 0.812500 0.100000
vt 0.812500 0.450000
vt 0.812500 0.800000
vt 0.812500 0.050000
vt 0.812500 0.400000
vt 0.812500 0.750000
vt 0.828125 0.000000
vt 0.812500 0.350000
vt 0.812500 0.700000
vt 0.781250 0.150000
vt 0.781250 0.100000
vt 0.781250 0.500000
vt 0.781250 0.450000
vt 0.781250 0.850000
vt 0.781250 0.800000
vt 0.781250 0.050000
vt 0.781250 0.400000
vt 0.781250 0.750000
vt 0.796875 0.000000
vt 0.781250 0.350000
vt 0.781250 0.700000
vt 0.781250 0.300000
vt 0.781250 0.650000
vt 0.781250 0.250000
vt 0.781250 0.600000
vt 0.796875 1.000000
vt 0.781250 0.950000
vt 0.781250 0.200000
vt 0.781250 0.550000
vt 0.781250 0.900000
vt 0.765625 1.000000
vt 0.765625 0.000000
s 0
usemtl MAT_Polymer
f 2086/2588/2033 2687/2589/2033 2100/2590/2033 2101/2591/2033
f 2091/2592/2034 2090/2593/2034 2108/2594/2034 2109/2595/2034
f 2087/2596/2035 2086/2588/2035 2101/2591/2035 2102/2597/2035
f 2092/2598/2036 2091/2592/2036 2109/2595/2036 2110/2599/2036
f 2688/2600/2037 2087/2596/2037 2102/2597/2037 2103/2601/2037
f 2084/2602/2038 2083/2603/2038 2096/2604/2038
f 2691/2605/2039 2092/2598/2039 2110/2599/2039 2111/2606/2039
f 2088/2607/2040 2688/2600/2040 2103/2601/2040 2104/2608/2040
f 2685/2609/2041 2084/2602/2041 2096/2604/2041 2097/2610/2041
f 2692/2611/2042 2691/2605/2042 2111/2606/2042 2112/2612/2042
f 2689/2613/2043 2088/2607/2043 2104/2608/2043 2105/2614/2043
f 2686/2615/2044 2685/2609/2044 2097/2610/2044 2098/2616/2044
f 2093/2617/2045 2692/2611/2045 2112/2612/2045 2113/2618/2045
f 2690/2619/2046 2689/2613/2046 2105/2614/2046 2106/2620/2046
f 2085/2621/2047 2686/2615/2047 2098/2616/2047 2099/2622/2047
f 2094/2623/2048 2093/2617/2048 2113/2618/2048 2114/2624/2048
f 2089/2625/2049 2690/2619/2049 2106/2620/2049 2107/2626/2049
f 2687/2589/2050 2085/2621/2050 2099/2622/2050 2100/2590/2050
f 2095/2627/2051 2094/2623/2051 2114/2624/2051
f 2090/2593/2052 2089/2625/2052 2107/2626/2052 2108/2594/2052
f 2096/2604/2053 2083/2628/2053 2115/2629/2053
f 2111/2606/2054 2110/2599/2054 2129/2630/2054 2130/2631/2054
f 2104/2608/2055 2103/2601/2055 2122/2632/2055 2123/2633/2055
f 2097/2610/2056 2096/2604/2056 2115/2629/2056 2116/2634/2056
f 2112/2612/2057 2111/2606/2057 2130/2631/2057 2131/2635/2057
f 2105/2614/2058 2104/2608/2058 2123/2633/2058 2124/2636/2058
f 2098/2616/2059 2097/2610/2059 2116/2634/2059 2117/2637/2059
f 2113/2618/2060 2112/2612/2060 2131/2635/2060 2132/2638/2060
f 2106/2620/2061 2105/2614/2061 2124/2636/2061 2125/2639/2061
f 2099/2622/2062 2098/2616/2062 2117/2637/2062 2118/2640/2062
f 2114/2624/2063 2113/2618/2063 2132/2638/2063 2133/2641/2063
f 2107/2626/2064 2106/2620/2064 2125/2639/2064 2126/2642/2064
f 2100/2590/2065 2099/2622/2065 2118/2640/2065 2119/2643/2065
f 2095/2644/2066 2114/2624/2066 2133/2641/2066
f 2108/2594/2067 2107/2626/2067 2126/2642/2067 2127/2645/2067
f 2101/2591/2068 2100/2590/2068 2119/2643/2068 2120/2646/2068
f 2109/2595/2069 2108/2594/2069 2127/2645/2069 2128/2647/2069
f 2102/2597/2070 2101/2591/2070 2120/2646/2070 2121/2648/2070
f 2110/2599/2071 2109/2595/2071 2128/2647/2071 2129/2630/2071
f 2103/2601/2072 2102/2597/2072 2121/2648/2072 2122/2632/2072
f 2133/2641/2073 2132/2638/2073 2151/2649/2073 2152/2650/2073
f 2126/2642/2074 2125/2639/2074 2144/2651/2074 2145/2652/2074
f 2119/2643/2075 2118/2640/2075 2137/2653/2075 2138/2654/2075
f 2095/2655/2076 2133/2641/2076 2152/2650/2076
f 2127/2645/2077 2126/2642/2077 2145/2652/2077 2146/2656/2077
f 2120/2646/2078 2119/2643/2078 2138/2654/2078 2139/2657/2078
f 2128/2647/2079 2127/2645/2079 2146/2656/2079 2147/2658/2079
f 2121/2648/2080 2120/2646/2080 2139/2657/2080 2140/2659/2080
f 2129/2630/2081 2128/2647/2081 2147/2658/2081 2148/2660/2081
f 2122/2632/2082 2121/2648/2082 2140/2659/2082 2141/2661/2082
f 2115/2629/2083 2083/2662/2083 2134/2663/2083
f 2130/2631/2084 2129/2630/2084 2148/2660/2084 2149/2664/2084
f 2123/2633/2085 2122/2632/2085 2141/2661/2085 2142/2665/2085
f 2116/2634/2086 2115/2629/2086 2134/2663/2086 2135/2666/2086
f 2131/2635/2087 2130/2631/2087 2149/2664/2087 2150/2667/2087
f 2124/2636/2088 2123/2633/2088 2142/2665/2088 2143/2668/2088
f 2117/2637/2089 2116/2634/2089 2135/2666/2089 2136/2669/2089
f 2132/2638/2090 2131/2635/2090 2150/2667/2090 2151/2649/2090
f 2125/2639/2091 2124/2636/2091 2143/2668/2091 2144/2651/2091
f 2118/2640/2092 2117/2637/2092 2136/2669/2092 2137/2653/2092
f 2148/2660/2093 2147/2658/2093 2166/2670/2093 2167/2671/2093
f 2141/2661/2094 2140/2659/2094 2159/2672/2094 2160/2673/2094
f 2134/2663/2095 2083/2674/2095 2153/2675/2095
f 2149/2664/2096 2148/2660/2096 2167/2671/2096 2168/2676/2096
f 2142/2665/2097 2141/2661/2097 2160/2673/2097 2161/2677/2097
f 2135/2666/2098 2134/2663/2098 2153/2675/2098 2154/2678/2098
f 2150/2667/2099 2149/2664/2099 2168/2676/2099 2169/2679/2099
f 2143/2668/2100 2142/2665/2100 2161/2677/2100 2162/2680/2100
f 2136/2669/2101 2135/2666/2101 2154/2678/2101 2155/2681/2101
f 2151/2649/2102 2150/2667/2102 2169/2679/2102 2170/2682/2102
f 2144/2651/2103 2143/2668/2103 2162/2680/2103 2163/2683/2103
f 2137/2653/2104 2136/2669/2104 2155/2681/2104 2156/2684/2104
f 2152/2650/2105 2151/2649/2105 2170/2682/2105 2171/2685/2105
f 2145/2652/2106 2144/2651/2106 2163/2683/2106 2164/2686/2106
f 2138/2654/2107 2137/2653/2107 2156/2684/2107 2157/2687/2107
f 2095/2688/2108 2152/2650/2108 2171/2685/2108
f 2146/2656/2109 2145/2652/2109 2164/2686/2109 2165/2689/2109
f 2139/2657/2110 2138/2654/2110 2157/2687/2110 2158/2690/2110
f 2147/2658/2111 2146/2656/2111 2165/2689/2111 2166/2670/2111
f 2140/2659/2112 2139/2657/2112 2158/2690/2112 2159/2672/2112
f 2163/2683/2113 2162/2680/2113 2181/2691/2113 2182/2692/2113
f 2156/2684/2114 2155/2681/2114 2174/2693/2114 2175/2694/2114
f 2171/2685/2115 2170/2682/2115 2189/2695/2115 2190/2696/2115
f 2164/2686/2116 2163/2683/2116 2182/2692/2116 2183/2697/2116
f 2157/2687/2117 2156/2684/2117 2175/2694/2117 2176/2698/2117
f 2095/2699/2118 2171/2685/2118 2190/2696/2118
f 2165/2689/2119 2164/2686/2119 2183/2697/2119 2184/2700/2119
f 2158/2690/2120 2157/2687/2120 2176/2698/2120 2177/2701/2120
f 2166/2670/2121 2165/2689/2121 2184/2700/2121 2185/2702/2121
f 2159/2672/2122 2158/2690/2122 2177/2701/2122 2178/2703/2122
f 2167/2671/2123 2166/2670/2123 2185/2702/2123 2186/2704/2123
f 2160/2673/2124 2159/2672/2124 2178/2703/2124 2179/2705/2124
f 2153/2675/2125 2083/2706/2125 2172/2707/2125
f 2168/2676/2126 2167/2671/2126 2186/2704/2126 2187/2708/2126
f 2161/2677/2127 2160/2673/2127 2179/2705/2127 2180/2709/2127
f 2154/2678/2128 2153/2675/2128 2172/2707/2128 2173/2710/2128
f 2169/2679/2129 2168/2676/2129 2187/2708/2129 2188/2711/2129
f 2162/2680/2130 2161/2677/2130 2180/2709/2130 2181/2691/2130
f 2155/2681/2131 2154/2678/2131 2173/2710/2131 2174/2693/2131
f 2170/2682/2132 2169/2679/2132 2188/2711/2132 2189/2695/2132
f 2178/2703/2133 2177/2701/2133 2196/2712/2133 2197/2713/2133
f 2186/2704/2134 2185/2702/2134 2204/2714/2134 2205/2715/2134
f 2179/2705/2135 2178/2703/2135 2197/2713/2135 2198/2716/2135
f 2172/2707/2136 2083/2717/2136 2191/2718/2136
f 2187/2708/2137 2186/2704/2137 2205/2715/2137 2206/2719/2137
f 2180/2709/2138 2179/2705/2138 2198/2716/2138 2199/2720/2138
f 2173/2710/2139 2172/2707/2139 2191/2718/2139 2192/2721/2139
f 2188/2711/2140 2187/2708/2140 2206/2719/2140 2207/2722/2140
f 2181/2691/2141 2180/2709/2141 2199/2720/2141 2200/2723/2141
f 2174/2693/2142 2173/2710/2142 2192/2721/2142 2193/2724/2142
f 2189/2695/2143 2188/2711/2143 2207/2722/2143 2208/2725/2143
f 2182/2692/2144 2181/2691/2144 2200/2723/2144 2201/2726/2144
f 2175/2694/2145 2174/2693/2145 2193/2724/2145 2194/2727/2145
f 2190/2696/2146 2189/2695/2146 2208/2725/2146 2209/2728/2146
f 2183/2697/2147 2182/2692/2147 2201/2726/2147 2202/2729/2147
f 2176/2698/2148 2175/2694/2148 2194/2727/2148 2195/2730/2148
f 2095/2731/2149 2190/2696/2149 2209/2728/2149
f 2184/2700/2150 2183/2697/2150 2202/2729/2150 2203/2732/2150
f 2177/2701/2151 2176/2698/2151 2195/2730/2151 2196/2712/2151
f 2185/2702/2152 2184/2700/2152 2203/2732/2152 2204/2714/2152
f 2193/2724/2153 2192/2721/2153 2211/2733/2153 2212/2734/2153
f 2208/2725/2154 2207/2722/2154 2226/2735/2154 2227/2736/2154
f 2201/2726/2155 2200/2723/2155 2219/2737/2155 2220/2738/2155
f 2194/2727/2156 2193/2724/2156 2212/2734/2156 2213/2739/2156
f 2209/2728/2157 2208/2725/2157 2227/2736/2157 2228/2740/2157
f 2202/2729/2158 2201/2726/2158 2220/2738/2158 2221/2741/2158
f 2195/2730/2159 2194/2727/2159 2213/2739/2159 2214/2742/2159
f 2095/2743/2160 2209/2728/2160 2228/2740/2160
f 2203/2732/2161 2202/2729/2161 2221/2741/2161 2222/2744/2161
f 2196/2712/2162 2195/2730/2162 2214/2742/2162 2215/2745/2162
f 2204/2714/2163 2203/2732/2163 2222/2744/2163 2223/2746/2163
f 2197/2713/2164 2196/2712/2164 2215/2745/2164 2216/2747/2164
f 2205/2715/2165 2204/2714/2165 2223/2746/2165 2224/2748/2165
f 2198/2716/2166 2197/2713/2166 2216/2747/2166 2217/2749/2166
f 2191/2718/2167 2083/2750/2167 2210/2751/2167
f 2206/2719/2168 2205/2715/2168 2224/2748/2168 2225/2752/2168
f 2199/2720/2169 2198/2716/2169 2217/2749/2169 2218/2753/2169
f 2192/2721/2170 2191/2718/2170 2210/2751/2170 2211/2733/2170
f 2207/2722/2171 2206/2719/2171 2225/2752/2171 2226/2735/2171
f 2200/2723/2172 2199/2720/2172 2218/2753/2172 2219/2737/2172
f 2223/2746/2173 2222/2744/2173 2241/2754/2173 2242/2755/2173
f 2216/2747/2174 2215/2745/2174 2234/2756/2174 2235/2757/2174
f 2224/2748/2175 2223/2746/2175 2242/2755/2175 2243/2758/2175
f 2217/2749/2176 2216/2747/2176 2235/2757/2176 2236/2759/2176
f 2210/2751/2177 2083/2760/2177 2229/2761/2177
f 2225/2752/2178 2224/2748/2178 2243/2758/2178 2244/2762/2178
f 2218/2753/2179 2217/2749/2179 2236/2759/2179 2237/2763/2179
f 2211/2733/2180 2210/2751/2180 2229/2761/2180 2230/2764/2180
f 2226/2735/2181 2225/2752/2181 2244/2762/2181 2245/2765/2181
f 2219/2737/2182 2218/2753/2182 2237/2763/2182 2238/2766/2182
f 2212/2734/2183 2211/2733/2183 2230/2764/2183 2231/2767/2183
f 2227/2736/2184 2226/2735/2184 2245/2765/2184 2246/2768/2184
f 2220/2738/2185 2219/2737/2185 2238/2766/2185 2239/2769/2185
f 2213/2739/2186 2212/2734/2186 2231/2767/2186 2232/2770/2186
f 2228/2740/2187 2227/2736/2187 2246/2768/2187 2247/2771/2187
f 2221/2741/2188 2220/2738/2188 2239/2769/2188 2240/2772/2188
f 2214/2742/2189 2213/2739/2189 2232/2770/2189 2233/2773/2189
f 2095/2774/2190 2228/2740/2190 2247/2771/2190
f 2222/2744/2191 2221/2741/2191 2240/2772/2191 2241/2754/2191
f 2215/2745/2192 2214/2742/2192 2233/2773/2192 2234/2756/2192
f 2238/2766/2193 2237/2763/2193 2256/2775/2193 2257/2776/2193
f 2231/2767/2194 2230/2764/2194 2249/2777/2194 2250/2778/2194
f 2246/2768/2195 2245/2765/2195 2264/2779/2195 2265/2780/2195
f 2239/2769/2196 2238/2766/2196 2257/2776/2196 2258/2781/2196
f 2232/2770/2197 2231/2767/2197 2250/2778/2197 2251/2782/2197
f 2247/2771/2198 2246/2768/2198 2265/2780/2198 2266/2783/2198
f 2240/2772/2199 2239/2769/2199 2258/2781/2199 2259/2784/2199
f 2233/2773/2200 2232/2770/2200 2251/2782/2200 2252/2785/2200
f 2095/2786/2201 2247/2771/2201 2266/2783/2201
f 2241/2754/2202 2240/2772/2202 2259/2784/2202 2260/2787/2202
f 2234/2756/2203 2233/2773/2203 2252/2785/2203 2253/2788/2203
f 2242/2755/2204 2241/2754/2204 2260/2787/2204 2261/2789/2204
f 2235/2757/2205 2234/2756/2205 2253/2788/2205 2254/2790/2205
f 2243/2758/2206 2242/2755/2206 2261/2789/2206 2262/2791/2206
f 2236/2759/2207 2235/2757/2207 2254/2790/2207 2255/2792/2207
f 2229/2761/2208 2083/2793/2208 2248/2794/2208
f 2244/2762/2209 2243/2758/2209 2262/2791/2209 2263/2795/2209
f 2237/2763/2210 2236/2759/2210 2255/2792/2210 2256/2775/2210
f 2230/2764/2211 2229/2761/2211 2248/2794/2211 2249/2777/2211
f 2245/2765/2212 2244/2762/2212 2263/2795/2212 2264/2779/2212
f 2253/2788/2213 2252/2785/2213 2271/2796/2213 2272/2797/2213
f 2261/2789/2214 2260/2787/2214 2279/2798/2214 2280/2799/2214
f 2254/2790/2215 2253/2788/2215 2272/2797/2215 2273/2800/2215
f 2262/2791/2216 2261/2789/2216 2280/2799/2216 2281/2801/2216
f 2255/2792/2217 2254/2790/2217 2273/2800/2217 2274/2802/2217
f 2248/2794/2218 2083/2803/2218 2267/2804/2218
f 2263/2795/2219 2262/2791/2219 2281/2801/2219 2282/2805/2219
f 2256/2775/2220 2255/2792/2220 2274/2802/2220 2275/2806/2220
f 2249/2777/2221 2248/2794/2221 2267/2804/2221 2268/2807/2221
f 2264/2779/2222 2263/2795/2222 2282/2805/2222 2283/2808/2222
f 2257/2776/2223 2256/2775/2223 2275/2806/2223 2276/2809/2223
f 2250/2778/2224 2249/2777/2224 2268/2807/2224 2269/2810/2224
f 2265/2780/2225 2264/2779/2225 2283/2808/2225 2284/2811/2225
f 2258/2781/2226 2257/2776/2226 2276/2809/2226 2277/2812/2226
f 2251/2782/2227 2250/2778/2227 2269/2810/2227 2270/2813/2227
f 2266/2783/2228 2265/2780/2228 2284/2811/2228 2285/2814/2228
f 2259/2784/2229 2258/2781/2229 2277/2812/2229 2278/2815/2229
f 2252/2785/2230 2251/2782/2230 2270/2813/2230 2271/2796/2230
f 2095/2816/2231 2266/2783/2231 2285/2814/2231
f 2260/2787/2232 2259/2784/2232 2278/2815/2232 2279/2798/2232
f 2268/2807/2233 2267/2804/2233 2286/2817/2233 2287/2818/2233
f 2283/2808/2234 2282/2805/2234 2301/2819/2234 2302/2820/2234
f 2276/2809/2235 2275/2806/2235 2294/2821/2235 2295/2822/2235
f 2269/2810/2236 2268/2807/2236 2287/2818/2236 2288/2823/2236
f 2284/2811/2237 2283/2808/2237 2302/2820/2237 2303/2824/2237
f 2277/2812/2238 2276/2809/2238 2295/2822/2238 2296/2825/2238
f 2270/2813/2239 2269/2810/2239 2288/2823/2239 2289/2826/2239
f 2285/2814/2240 2284/2811/2240 2303/2824/2240 2304/2827/2240
f 2278/2815/2241 2277/2812/2241 2296/2825/2241 2297/2828/2241
f 2271/2796/2242 2270/2813/2242 2289/2826/2242 2290/2829/2242
f 2095/2830/2243 2285/2814/2243 2304/2827/2243
f 2279/2798/2244 2278/2815/2244 2297/2828/2244 2298/2831/2244
f 2272/2797/2245 2271/2796/2245 2290/2829/2245 2291/2832/2245
f 2280/2799/2246 2279/2798/2246 2298/2831/2246 2299/2833/2246
f 2273/2800/2247 2272/2797/2247 2291/2832/2247 2292/2834/2247
f 2281/2801/2248 2280/2799/2248 2299/2833/2248 2300/2835/2248
f 2274/2802/2249 2273/2800/2249 2292/2834/2249 2293/2836/2249
f 2267/2804/2250 2083/2837/2250 2286/2817/2250
f 2282/2805/2251 2281/2801/2251 2300/2835/2251 2301/2819/2251
f 2275/2806/2252 2274/2802/2252 2293/2836/2252 2294/2821/2252
f 2095/2838/2253 2304/2827/2253 2323/2839/2253
f 2298/2831/2254 2297/2828/2254 2316/2840/2254 2317/2841/2254
f 2291/2832/2255 2290/2829/2255 2309/2842/2255 2310/2843/2255
f 2299/2833/2256 2298/2831/2256 2317/2841/2256 2318/2844/2256
f 2292/2834/2257 2291/2832/2257 2310/2843/2257 2311/2845/2257
f 2300/2835/2258 2299/2833/2258 2318/2844/2258 2319/2846/2258
f 2293/2836/2259 2292/2834/2259 2311/2845/2259 2312/2847/2259
f 2286/2817/2260 2083/2848/2260 2305/2849/2260
f 2301/2819/2261 2300/2835/2261 2319/2846/2261 2320/2850/2261
f 2294/2821/2262 2293/2836/2262 2312/2847/2262 2313/2851/2262
f 2287/2818/2263 2286/2817/2263 2305/2849/2263 2306/2852/2263
f 2302/2820/2264 2301/2819/2264 2320/2850/2264 2321/2853/2264
f 2295/2822/2265 2294/2821/2265 2313/2851/2265 2314/2854/2265
f 2288/2823/2266 2287/2818/2266 2306/2852/2266 2307/2855/2266
f 2303/2824/2267 2302/2820/2267 2321/2853/2267 2322/2856/2267
f 2296/2825/2268 2295/2822/2268 2314/2854/2268 2315/2857/2268
f 2289/2826/2269 2288/2823/2269 2307/2855/2269 2308/2858/2269
f 2304/2827/2270 2303/2824/2270 2322/2856/2270 2323/2839/2270
f 2297/2828/2271 2296/2825/2271 2315/2857/2271 2316/2840/2271
f 2290/2829/2272 2289/2826/2272 2308/2858/2272 2309/2842/2272
f 2320/2850/2273 2319/2846/2273 2338/2859/2273 2339/2860/2273
f 2313/2851/2274 2312/2847/2274 2331/2861/2274 2332/2862/2274
f 2306/2852/2275 2305/2849/2275 2324/2863/2275 2325/2864/2275
f 2321/2853/2276 2320/2850/2276 2339/2860/2276 2340/2865/2276
f 2314/2854/2277 2313/2851/2277 2332/2862/2277 2333/2866/2277
f 2307/2855/2278 2306/2852/2278 2325/2864/2278 2326/2867/2278
f 2322/2856/2279 2321/2853/2279 2340/2865/2279 2341/2868/2279
f 2315/2857/2280 2314/2854/2280 2333/2866/2280 2334/2869/2280
f 2308/2858/2281 2307/2855/2281 2326/2867/2281 2327/2870/2281
f 2323/2839/2282 2322/2856/2282 2341/2868/2282 2342/2871/2282
f 2316/2840/2283 2315/2857/2283 2334/2869/2283 2335/2872/2283
f 2309/2842/2284 2308/2858/2284 2327/2870/2284 2328/2873/2284
f 2095/2874/2285 2323/2839/2285 2342/2871/2285
f 2317/2841/2286 2316/2840/2286 2335/2872/2286 2336/2875/2286
f 2310/2843/2287 2309/2842/2287 2328/2873/2287 2329/2876/2287
f 2318/2844/2288 2317/2841/2288 2336/2875/2288 2337/2877/2288
f 2311/2845/2289 2310/2843/2289 2329/2876/2289 2330/2878/2289
f 2319/2846/2290 2318/2844/2290 2337/2877/2290 2338/2859/2290
f 2312/2847/2291 2311/2845/2291 2330/2878/2291 2331/2861/2291
f 2305/2849/2292 2083/2879/2292 2324/2863/2292
f 2335/2872/2293 2334/2869/2293 2353/2880/2293 2354/2881/2293
f 2328/2873/2294 2327/2870/2294 2346/2882/2294 2347/2883/2294
f 2095/2884/2295 2342/2871/2295 2361/2885/2295
f 2336/2875/2296 2335/2872/2296 2354/2881/2296 2355/2886/2296
f 2329/2876/2297 2328/2873/2297 2347/2883/2297 2348/2887/2297
f 2337/2877/2298 2336/2875/2298 2355/2886/2298 2356/2888/2298
f 2330/2878/2299 2329/2876/2299 2348/2887/2299 2349/2889/2299
f 2338/2859/2300 2337/2877/2300 2356/2888/2300 2357/2890/2300
f 2331/2861/2301 2330/2878/2301 2349/2889/2301 2350/2891/2301
f 2324/2863/2302 2083/2892/2302 2343/2893/2302
f 2339/2860/2303 2338/2859/2303 2357/2890/2303 2358/2894/2303
f 2332/2862/2304 2331/2861/2304 2350/2891/2304 2351/2895/2304
f 2325/2864/2305 2324/2863/2305 2343/2893/2305 2344/2896/2305
f 2340/2865/2306 2339/2860/2306 2358/2894/2306 2359/2897/2306
f 2333/2866/2307 2332/2862/2307 2351/2895/2307 2352/2898/2307
f 2326/2867/2308 2325/2864/2308 2344/2896/2308 2345/2899/2308
f 2341/2868/2309 2340/2865/2309 2359/2897/2309 2360/2900/2309
f 2334/2869/2310 2333/2866/2310 2352/2898/2310 2353/2880/2310
f 2327/2870/2311 2326/2867/2311 2345/2899/2311 2346/2882/2311
f 2342/2871/2312 2341/2868/2312 2360/2900/2312 2361/2885/2312
f 2350/2891/2313 2349/2889/2313 2368/2901/2313 2369/2902/2313
f 2343/2893/2314 2083/2903/2314 2362/2904/2314
f 2358/2894/2315 2357/2890/2315 2376/2905/2315 2377/2906/2315
f 2351/2895/2316 2350/2891/2316 2369/2902/2316 2370/2907/2316
f 2344/2896/2317 2343/2893/2317 2362/2904/2317 2363/2908/2317
f 2359/2897/2318 2358/2894/2318 2377/2906/2318 2378/2909/2318
f 2352/2898/2319 2351/2895/2319 2370/2907/2319 2371/2910/2319
f 2345/2899/2320 2344/2896/2320 2363/2908/2320 2364/2911/2320
f 2360/2900/2321 2359/2897/2321 2378/2909/2321 2379/2912/2321
f 2353/2880/2322 2352/2898/2322 2371/2910/2322 2372/2913/2322
f 2346/2882/2323 2345/2899/2323 2364/2911/2323 2365/2914/2323
f 2361/2885/2324 2360/2900/2324 2379/2912/2324 2380/2915/2324
f 2354/2881/2325 2353/2880/2325 2372/2913/2325 2373/2916/2325
f 2347/2883/2326 2346/2882/2326 2365/2914/2326 2366/2917/2326
f 2095/2918/2327 2361/2885/2327 2380/2915/2327
f 2355/2886/2328 2354/2881/2328 2373/2916/2328 2374/2919/2328
f 2348/2887/2329 2347/2883/2329 2366/2917/2329 2367/2920/2329
f 2356/2888/2330 2355/2886/2330 2374/2919/2330 2375/2921/2330
f 2349/2889/2331 2348/2887/2331 2367/2920/2331 2368/2901/2331
f 2357/2890/2332 2356/2888/2332 2375/2921/2332 2376/2905/2332
f 2365/2914/2333 2364/2911/2333 2383/2922/2333 2384/2923/2333
f 2380/2915/2334 2379/2912/2334 2398/2924/2334 2399/2925/2334
f 2373/2916/2335 2372/2913/2335 2391/2926/2335 2392/2927/2335
f 2366/2917/2336 2365/2914/2336 2384/2923/2336 2385/2928/2336
f 2095/2929/2337 2380/2915/2337 2399/2925/2337
f 2374/2919/2338 2373/2916/2338 2392/2927/2338 2393/2930/2338
f 2367/2920/2339 2366/2917/2339 2385/2928/2339 2386/2931/2339
f 2375/2921/2340 2374/2919/2340 2393/2930/2340 2394/2932/2340
f 2368/2901/2341 2367/2920/2341 2386/2931/2341 2387/2933/2341
f 2376/2905/2342 2375/2921/2342 2394/2932/2342 2395/2934/2342
f 2369/2902/2343 2368/2901/2343 2387/2933/2343 2388/2935/2343
f 2362/2904/2344 2083/2936/2344 2381/2937/2344
f 2377/2906/2345 2376/2905/2345 2395/2934/2345 2396/2938/2345
f 2370/2907/2346 2369/2902/2346 2388/2935/2346 2389/2939/2346
f 2363/2908/2347 2362/2904/2347 2381/2937/2347 2382/2940/2347
f 2378/2909/2348 2377/2906/2348 2396/2938/2348 2397/2941/2348
f 2371/2910/2349 2370/2907/2349 2389/2939/2349 2390/2942/2349
f 2364/2911/2350 2363/2908/2350 2382/2940/2350 2383/2922/2350
f 2379/2912/2351 2378/2909/2351 2397/2941/2351 2398/2924/2351
f 2372/2913/2352 2371/2910/2352 2390/2942/2352 2391/2926/2352
f 2395/2934/2353 2394/2932/2353 2413/2943/2353 2414/2944/2353
f 2388/2935/2354 2387/2933/2354 2406/2945/2354 2407/2946/2354
f 2381/2937/2355 2083/2947/2355 2400/2948/2355
f 2396/2938/2356 2395/2934/2356 2414/2944/2356 2415/2949/2356
f 2389/2939/2357 2388/2935/2357 2407/2946/2357 2408/2950/2357
f 2382/2940/2358 2381/2937/2358 2400/2948/2358 2401/2951/2358
f 2397/2941/2359 2396/2938/2359 2415/2949/2359 2416/2952/2359
f 2390/2942/2360 2389/2939/2360 2408/2950/2360 2409/2953/2360
f 2383/2922/2361 2382/2940/2361 2401/2951/2361 2402/2954/2361
f 2398/2924/2362 2397/2941/2362 2416/2952/2362 2417/2955/2362
f 2391/2926/2363 2390/2942/2363 2409/2953/2363 2410/2956/2363
f 2384/2923/2364 2383/2922/2364 2402/2954/2364 2403/2957/2364
f 2399/2925/2365 2398/2924/2365 2417/2955/2365 2418/2958/2365
f 2392/2927/2366 2391/2926/2366 2410/2956/2366 2411/2959/2366
f 2385/2928/2367 2384/2923/2367 2403/2957/2367 2404/2960/2367
f 2095/2961/2368 2399/2925/2368 2418/2958/2368
f 2393/2930/2369 2392/2927/2369 2411/2959/2369 2412/2962/2369
f 2386/2931/2370 2385/2928/2370 2404/2960/2370 2405/2963/2370
f 2394/2932/2371 2393/2930/2371 2412/2962/2371 2413/2943/2371
f 2387/2933/2372 2386/2931/2372 2405/2963/2372 2406/2945/2372
f 2410/2956/2373 2409/2953/2373 2428/2964/2373 2429/2965/2373
f 2403/2957/2374 2402/2954/2374 2421/2966/2374 2422/2967/2374
f 2418/2958/2375 2417/2955/2375 2436/2968/2375 2437/2969/2375
f 2411/2959/2376 2410/2956/2376 2429/2965/2376 2430/2970/2376
f 2404/2960/2377 2403/2957/2377 2422/2967/2377 2423/2971/2377
f 2095/2972/2378 2418/2958/2378 2437/2969/2378
f 2412/2962/2379 2411/2959/2379 2430/2970/2379 2431/2973/2379
f 2405/2963/2380 2404/2960/2380 2423/2971/2380 2424/2974/2380
f 2413/2943/2381 2412/2962/2381 2431/2973/2381 2432/2975/2381
f 2406/2945/2382 2405/2963/2382 2424/2974/2382 2425/2976/2382
f 2414/2944/2383 2413/2943/2383 2432/2975/2383 2433/2977/2383
f 2407/2946/2384 2406/2945/2384 2425/2976/2384 2426/2978/2384
f 2400/2948/2385 2083/2979/2385 2419/2980/2385
f 2415/2949/2386 2414/2944/2386 2433/2977/2386 2434/2981/2386
f 2408/2950/2387 2407/2946/2387 2426/2978/2387 2427/2982/2387
f 2401/2951/2388 2400/2948/2388 2419/2980/2388 2420/2983/2388
f 2416/2952/2389 2415/2949/2389 2434/2981/2389 2435/2984/2389
f 2409/2953/2390 2408/2950/2390 2427/2982/2390 2428/2964/2390
f 2402/2954/2391 2401/2951/2391 2420/2983/2391 2421/2966/2391
f 2417/2955/2392 2416/2952/2392 2435/2984/2392 2436/2968/2392
f 2425/2976/2393 2424/2974/2393 2443/2985/2393 2444/2986/2393
f 2433/2977/2394 2432/2975/2394 2451/2987/2394 2452/2988/2394
f 2426/2978/2395 2425/2976/2395 2444/2986/2395 2445/2989/2395
f 2419/2980/2396 2083/2990/2396 2438/2991/2396
f 2434/2981/2397 2433/2977/2397 2452/2988/2397 2453/2992/2397
f 2427/2982/2398 2426/2978/2398 2445/2989/2398 2446/2993/2398
f 2420/2983/2399 2419/2980/2399 2438/2991/2399 2439/2994/2399
f 2435/2984/2400 2434/2981/2400 2453/2992/2400 2454/2995/2400
f 2428/2964/2401 2427/2982/2401 2446/2993/2401 2447/2996/2401
f 2421/2966/2402 2420/2983/2402 2439/2994/2402 2440/2997/2402
f 2436/2968/2403 2435/2984/2403 2454/2995/2403 2455/2998/2403
f 2429/2965/2404 2428/2964/2404 2447/2996/2404 2448/2999/2404
f 2422/2967/2405 2421/2966/2405 2440/2997/2405 2441/3000/2405
f 2437/2969/2406 2436/2968/2406 2455/2998/2406 2456/3001/2406
f 2430/2970/2407 2429/2965/2407 2448/2999/2407 2449/3002/2407
f 2423/2971/2408 2422/2967/2408 2441/3000/2408 2442/3003/2408
f 2095/3004/2409 2437/2969/2409 2456/3001/2409
f 2431/2973/2410 2430/2970/2410 2449/3002/2410 2450/3005/2410
f 2424/2974/2411 2423/2971/2411 2442/3003/2411 2443/2985/2411
f 2432/2975/2412 2431/2973/2412 2450/3005/2412 2451/2987/2412
f 2440/2997/2413 2439/2994/2413 2458/3006/2413 2459/3007/2413
f 2455/2998/2414 2454/2995/2414 2473/3008/2414 2474/3009/2414
f 2448/2999/2415 2447/2996/2415 2466/3010/2415 2467/3011/2415
f 2441/3000/2416 2440/2997/2416 2459/3007/2416 2460/3012/2416
f 2456/3001/2417 2455/2998/2417 2474/3009/2417 2475/3013/2417
f 2449/3002/2418 2448/2999/2418 2467/3011/2418 2468/3014/2418
f 2442/3003/2419 2441/3000/2419 2460/3012/2419 2461/3015/2419
f 2095/3016/2420 2456/3001/2420 2475/3013/2420
f 2450/3005/2421 2449/3002/2421 2468/3014/2421 2469/3017/2421
f 2443/2985/2422 2442/3003/2422 2461/3015/2422 2462/3018/2422
f 2451/2987/2423 2450/3005/2423 2469/3017/2423 2470/3019/2423
f 2444/2986/2424 2443/2985/2424 2462/3018/2424 2463/3020/2424
f 2452/2988/2425 2451/2987/2425 2470/3019/2425 2471/3021/2425
f 2445/2989/2426 2444/2986/2426 2463/3020/2426 2464/3022/2426
f 2438/2991/2427 2083/3023/2427 2457/3024/2427
f 2453/2992/2428 2452/2988/2428 2471/3021/2428 2472/3025/2428
f 2446/2993/2429 2445/2989/2429 2464/3022/2429 2465/3026/2429
f 2439/2994/2430 2438/2991/2430 2457/3024/2430 2458/3006/2430
f 2454/2995/2431 2453/2992/2431 2472/3025/2431 2473/3008/2431
f 2447/2996/2432 2446/2993/2432 2465/3026/2432 2466/3010/2432
f 2470/3019/2433 2469/3017/2433 2488/3027/2433 2489/3028/2433
f 2463/3020/2434 2462/3018/2434 2481/3029/2434 2482/3030/2434
f 2471/3021/2435 2470/3019/2435 2489/3028/2435 2490/3031/2435
f 2464/3022/2436 2463/3020/2436 2482/3030/2436 2483/3032/2436
f 2457/3024/2437 2083/3033/2437 2476/3034/2437
f 2472/3025/2438 2471/3021/2438 2490/3031/2438 2491/3035/2438
f 2465/3026/2439 2464/3022/2439 2483/3032/2439 2484/3036/2439
f 2458/3006/2440 2457/3024/2440 2476/3034/2440 2477/3037/2440
f 2473/3008/2441 2472/3025/2441 2491/3035/2441 2492/3038/2441
f 2466/3010/2442 2465/3026/2442 2484/3036/2442 2485/3039/2442
f 2459/3007/2443 2458/3006/2443 2477/3037/2443 2478/3040/2443
f 2474/3009/2444 2473/3008/2444 2492/3038/2444 2493/3041/2444
f 2467/3011/2445 2466/3010/2445 2485/3039/2445 2486/3042/2445
f 2460/3012/2446 2459/3007/2446 2478/3040/2446 2479/3043/2446
f 2475/3013/2447 2474/3009/2447 2493/3041/2447 2494/3044/2447
f 2468/3014/2448 2467/3011/2448 2486/3042/2448 2487/3045/2448
f 2461/3015/2449 2460/3012/2449 2479/3043/2449 2480/3046/2449
f 2095/3047/2450 2475/3013/2450 2494/3044/2450
f 2469/3017/2451 2468/3014/2451 2487/3045/2451 2488/3027/2451
f 2462/3018/2452 2461/3015/2452 2480/3046/2452 2481/3029/2452
f 2492/3038/2453 2491/3035/2453 2510/3048/2453 2511/3049/2453
f 2485/3039/2454 2484/3036/2454 2503/3050/2454 2504/3051/2454
f 2478/3040/2455 2477/3037/2455 2496/3052/2455 2497/3053/2455
f 2493/3041/2456 2492/3038/2456 2511/3049/2456 2512/3054/2456
f 2486/3042/2457 2485/3039/2457 2504/3051/2457 2505/3055/2457
f 2479/3043/2458 2478/3040/2458 2497/3053/2458 2498/3056/2458
f 2494/3044/2459 2493/3041/2459 2512/3054/2459 2513/3057/2459
f 2487/3045/2460 2486/3042/2460 2505/3055/2460 2506/3058/2460
f 2480/3046/2461 2479/3043/2461 2498/3056/2461 2499/3059/2461
f 2095/3060/2462 2494/3044/2462 2513/3057/2462
f 2488/3027/2463 2487/3045/2463 2506/3058/2463 2507/3061/2463
f 2481/3029/2464 2480/3046/2464 2499/3059/2464 2500/3062/2464
f 2489/3028/2465 2488/3027/2465 2507/3061/2465 2508/3063/2465
f 2482/3030/2466 2481/3029/2466 2500/3062/2466 2501/3064/2466
f 2490/3031/2467 2489/3028/2467 2508/3063/2467 2509/3065/2467
f 2483/3032/2468 2482/3030/2468 2501/3064/2468 2502/3066/2468
f 2476/3034/2469 2083/3067/2469 2495/3068/2469
f 2491/3035/2470 2490/3031/2470 2509/3065/2470 2510/3048/2470
f 2484/3036/2471 2483/3032/2471 2502/3066/2471 2503/3050/2471
f 2477/3037/2472 2476/3034/2472 2495/3068/2472 2496/3052/2472
f 2507/3061/2473 2506/3058/2473 2525/3069/2473 2526/3070/2473
f 2500/3062/2474 2499/3059/2474 2518/3071/2474 2519/3072/2474
f 2508/3063/2475 2507/3061/2475 2526/3070/2475 2527/3073/2475
f 2501/3064/2476 2500/3062/2476 2519/3072/2476 2520/3074/2476
f 2509/3065/2477 2508/3063/2477 2527/3073/2477 2528/3075/2477
f 2502/3066/2478 2501/3064/2478 2520/3074/2478 2521/3076/2478
f 2495/3068/2479 2083/3077/2479 2514/3078/2479
f 2510/3048/2480 2509/3065/2480 2528/3075/2480 2529/3079/2480
f 2503/3050/2481 2502/3066/2481 2521/3076/2481 2522/3080/2481
f 2496/3052/2482 2495/3068/2482 2514/3078/2482 2515/3081/2482
f 2511/3049/2483 2510/3048/2483 2529/3079/2483 2530/3082/2483
f 2504/3051/2484 2503/3050/2484 2522/3080/2484 2523/3083/2484
f 2497/3053/2485 2496/3052/2485 2515/3081/2485 2516/3084/2485
f 2512/3054/2486 2511/3049/2486 2530/3082/2486 2531/3085/2486
f 2505/3055/2487 2504/3051/2487 2523/3083/2487 2524/3086/2487
f 2498/3056/2488 2497/3053/2488 2516/3084/2488 2517/3087/2488
f 2513/3057/2489 2512/3054/2489 2531/3085/2489 2532/3088/2489
f 2506/3058/2490 2505/3055/2490 2524/3086/2490 2525/3069/2490
f 2499/3059/2491 2498/3056/2491 2517/3087/2491 2518/3071/2491
f 2095/3089/2492 2513/3057/2492 2532/3088/2492
f 2522/3080/2493 2521/3076/2493 2540/3090/2493 2541/3091/2493
f 2515/3081/2494 2514/3078/2494 2533/3092/2494 2534/3093/2494
f 2530/3082/2495 2529/3079/2495 2548/3094/2495 2549/3095/2495
f 2523/3083/2496 2522/3080/2496 2541/3091/2496 2542/3096/2496
f 2516/3084/2497 2515/3081/2497 2534/3093/2497 2535/3097/2497
f 2531/3085/2498 2530/3082/2498 2549/3095/2498 2550/3098/2498
f 2524/3086/2499 2523/3083/2499 2542/3096/2499 2543/3099/2499
f 2517/3087/2500 2516/3084/2500 2535/3097/2500 2536/3100/2500
f 2532/3088/2501 2531/3085/2501 2550/3098/2501 2551/3101/2501
f 2525/3069/2502 2524/3086/2502 2543/3099/2502 2544/3102/2502
f 2518/3071/2503 2517/3087/2503 2536/3100/2503 2537/3103/2503
f 2095/3104/2504 2532/3088/2504 2551/3101/2504
f 2526/3070/2505 2525/3069/2505 2544/3102/2505 2545/3105/2505
f 2519/3072/2506 2518/3071/2506 2537/3103/2506 2538/3106/2506
f 2527/3073/2507 2526/3070/2507 2545/3105/2507 2546/3107/2507
f 2520/3074/2508 2519/3072/2508 2538/3106/2508 2539/3108/2508
f 2528/3075/2509 2527/3073/2509 2546/3107/2509 2547/3109/2509
f 2521/3076/2510 2520/3074/2510 2539/3108/2510 2540/3090/2510
f 2514/3078/2511 2083/3110/2511 2533/3092/2511
f 2529/3079/2512 2528/3075/2512 2547/3109/2512 2548/3094/2512
f 2537/3111/2513 2536/3112/2513 2555/3113/2513 2556/3114/2513
f 2095/3115/2514 2551/3116/2514 2570/3117/2514
f 2545/3118/2515 2544/3119/2515 2563/3120/2515 2564/3121/2515
f 2538/3122/2516 2537/3111/2516 2556/3114/2516 2557/3123/2516
f 2546/3124/2517 2545/3118/2517 2564/3121/2517 2565/3125/2517
f 2539/3126/2518 2538/3122/2518 2557/3123/2518 2558/3127/2518
f 2547/3128/2519 2546/3124/2519 2565/3125/2519 2566/3129/2519
f 2540/3130/2520 2539/3126/2520 2558/3127/2520 2559/3131/2520
f 2533/3132/2521 2083/3133/2521 2552/3134/2521
f 2548/3135/2522 2547/3128/2522 2566/3129/2522 2567/3136/2522
f 2541/3137/2523 2540/3130/2523 2559/3131/2523 2560/3138/2523
f 2534/3139/2524 2533/3132/2524 2552/3134/2524 2553/3140/2524
f 2549/3141/2525 2548/3135/2525 2567/3136/2525 2568/3142/2525
f 2542/3143/2526 2541/3137/2526 2560/3138/2526 2561/3144/2526
f 2535/3145/2527 2534/3139/2527 2553/3140/2527 2554/3146/2527
f 2550/3147/2528 2549/3141/2528 2568/3142/2528 2569/3148/2528
f 2543/3149/2529 2542/3143/2529 2561/3144/2529 2562/3150/2529
f 2536/3112/2530 2535/3145/2530 2554/3146/2530 2555/3113/2530
f 2551/3116/2531 2550/3147/2531 2569/3148/2531 2570/3117/2531
f 2544/3119/2532 2543/3149/2532 2562/3150/2532 2563/3120/2532
f 2552/3134/2533 2083/3151/2533 2571/3152/2533
f 2567/3136/2534 2566/3129/2534 2585/3153/2534 2586/3154/2534
f 2560/3138/2535 2559/3131/2535 2578/3155/2535 2579/3156/2535
f 2553/3140/2536 2552/3134/2536 2571/3152/2536 2572/3157/2536
f 2568/3142/2537 2567/3136/2537 2586/3154/2537 2587/3158/2537
f 2561/3144/2538 2560/3138/2538 2579/3156/2538 2580/3159/2538
f 2554/3146/2539 2553/3140/2539 2572/3157/2539 2573/3160/2539
f 2569/3148/2540 2568/3142/2540 2587/3158/2540 2588/3161/2540
f 2562/3150/2541 2561/3144/2541 2580/3159/2541 2581/3162/2541
f 2555/3113/2542 2554/3146/2542 2573/3160/2542 2574/3163/2542
f 2570/3117/2543 2569/3148/2543 2588/3161/2543 2589/3164/2543
f 2563/3120/2544 2562/3150/2544 2581/3162/2544 2582/3165/2544
f 2556/3114/2545 2555/3113/2545 2574/3163/2545 2575/3166/2545
f 2095/3167/2546 2570/3117/2546 2589/3164/2546
f 2564/3121/2547 2563/3120/2547 2582/3165/2547 2583/3168/2547
f 2557/3123/2548 2556/3114/2548 2575/3166/2548 2576/3169/2548
f 2565/3125/2549 2564/3121/2549 2583/3168/2549 2584/3170/2549
f 2558/3127/2550 2557/3123/2550 2576/3169/2550 2577/3171/2550
f 2566/3129/2551 2565/3125/2551 2584/3170/2551 2585/3153/2551
f 2559/3131/2552 2558/3127/2552 2577/3171/2552 2578/3155/2552
f 2582/3165/2553 2581/3162/2553 2600/3172/2553 2601/3173/2553
f 2575/3166/2554 2574/3163/2554 2593/3174/2554 2594/3175/2554
f 2095/3176/2555 2589/3164/2555 2608/3177/2555
f 2583/3168/2556 2582/3165/2556 2601/3173/2556 2602/3178/2556
f 2576/3169/2557 2575/3166/2557 2594/3175/2557 2595/3179/2557
f 2584/3170/2558 2583/3168/2558 2602/3178/2558 2603/3180/2558
f 2577/3171/2559 2576/3169/2559 2595/3179/2559 2596/3181/2559
f 2585/3153/2560 2584/3170/2560 2603/3180/2560 2604/3182/2560
f 2578/3155/2561 2577/3171/2561 2596/3181/2561 2597/3183/2561
f 2571/3152/2562 2083/3184/2562 2590/3185/2562
f 2586/3154/2563 2585/3153/2563 2604/3182/2563 2605/3186/2563
f 2579/3156/2564 2578/3155/2564 2597/3183/2564 2598/3187/2564
f 2572/3157/2565 2571/3152/2565 2590/3185/2565 2591/3188/2565
f 2587/3158/2566 2586/3154/2566 2605/3186/2566 2606/3189/2566
f 2580/3159/2567 2579/3156/2567 2598/3187/2567 2599/3190/2567
f 2573/3160/2568 2572/3157/2568 2591/3188/2568 2592/3191/2568
f 2588/3161/2569 2587/3158/2569 2606/3189/2569 2607/3192/2569
f 2581/3162/2570 2580/3159/2570 2599/3190/2570 2600/3172/2570
f 2574/3163/2571 2573/3160/2571 2592/3191/2571 2593/3174/2571
f 2589/3164/2572 2588/3161/2572 2607/3192/2572 2608/3177/2572
f 2597/3183/2573 2596/3181/2573 2615/3193/2573 2616/3194/2573
f 2590/3185/2574 2083/3195/2574 2609/3196/2574
f 2605/3186/2575 2604/3182/2575 2623/3197/2575 2624/3198/2575
f 2598/3187/2576 2597/3183/2576 2616/3194/2576 2617/3199/2576
f 2591/3188/2577 2590/3185/2577 2609/3196/2577 2610/3200/2577
f 2606/3189/2578 2605/3186/2578 2624/3198/2578 2625/3201/2578
f 2599/3190/2579 2598/3187/2579 2617/3199/2579 2618/3202/2579
f 2592/3191/2580 2591/3188/2580 2610/3200/2580 2611/3203/2580
f 2607/3192/2581 2606/3189/2581 2625/3201/2581 2626/3204/2581
f 2600/3172/2582 2599/3190/2582 2618/3202/2582 2619/3205/2582
f 2593/3174/2583 2592/3191/2583 2611/3203/2583 2612/3206/2583
f 2608/3177/2584 2607/3192/2584 2626/3204/2584 2627/3207/2584
f 2601/3173/2585 2600/3172/2585 2619/3205/2585 2620/3208/2585
f 2594/3175/2586 2593/3174/2586 2612/3206/2586 2613/3209/2586
f 2095/3210/2587 2608/3177/2587 2627/3207/2587
f 2602/3178/2588 2601/3173/2588 2620/3208/2588 2621/3211/2588
f 2595/3179/2589 2594/3175/2589 2613/3209/2589 2614/3212/2589
f 2603/3180/2590 2602/3178/2590 2621/3211/2590 2622/3213/2590
f 2596/3181/2591 2595/3179/2591 2614/3212/2591 2615/3193/2591
f 2604/3182/2592 2603/3180/2592 2622/3213/2592 2623/3197/2592
f 2612/3206/2593 2611/3203/2593 2630/3214/2593 2631/3215/2593
f 2627/3207/2594 2626/3204/2594 2645/3216/2594 2646/3217/2594
f 2620/3208/2595 2619/3205/2595 2638/3218/2595 2639/3219/2595
f 2613/3209/2596 2612/3206/2596 2631/3215/2596 2632/3220/2596
f 2095/3221/2597 2627/3207/2597 2646/3217/2597
f 2621/3211/2598 2620/3208/2598 2639/3219/2598 2640/3222/2598
f 2614/3212/2599 2613/3209/2599 2632/3220/2599 2633/3223/2599
f 2622/3213/2600 2621/3211/2600 2640/3222/2600 2641/3224/2600
f 2615/3193/2601 2614/3212/2601 2633/3223/2601 2634/3225/2601
f 2623/3197/2602 2622/3213/2602 2641/3224/2602 2642/3226/2602
f 2616/3194/2603 2615/3193/2603 2634/3225/2603 2635/3227/2603
f 2609/3196/2604 2083/3228/2604 2628/3229/2604
f 2624/3198/2605 2623/3197/2605 2642/3226/2605 2643/3230/2605
f 2617/3199/2606 2616/3194/2606 2635/3227/2606 2636/3231/2606
f 2610/3200/2607 2609/3196/2607 2628/3229/2607 2629/3232/2607
f 2625/3201/2608 2624/3198/2608 2643/3230/2608 2644/3233/2608
f 2618/3202/2609 2617/3199/2609 2636/3231/2609 2637/3234/2609
f 2611/3203/2610 2610/3200/2610 2629/3232/2610 2630/3214/2610
f 2626/3204/2611 2625/3201/2611 2644/3233/2611 2645/3216/2611
f 2619/3205/2612 2618/3202/2612 2637/3234/2612 2638/3218/2612
f 2642/3226/2613 2641/3224/2613 2660/3235/2613 2661/3236/2613
f 2635/3227/2614 2634/3225/2614 2653/3237/2614 2654/3238/2614
f 2628/3229/2615 2083/3239/2615 2647/3240/2615
f 2643/3230/2616 2642/3226/2616 2661/3236/2616 2662/3241/2616
f 2636/3231/2617 2635/3227/2617 2654/3238/2617 2655/3242/2617
f 2629/3232/2618 2628/3229/2618 2647/3240/2618 2648/3243/2618
f 2644/3233/2619 2643/3230/2619 2662/3241/2619 2663/3244/2619
f 2637/3234/2620 2636/3231/2620 2655/3242/2620 2656/3245/2620
f 2630/3214/2621 2629/3232/2621 2648/3243/2621 2649/3246/2621
f 2645/3216/2622 2644/3233/2622 2663/3244/2622 2664/3247/2622
f 2638/3218/2623 2637/3234/2623 2656/3245/2623 2657/3248/2623
f 2631/3215/2624 2630/3214/2624 2649/3246/2624 2650/3249/2624
f 2646/3217/2625 2645/3216/2625 2664/3247/2625 2665/3250/2625
f 2639/3219/2626 2638/3218/2626 2657/3248/2626 2658/3251/2626
f 2632/3220/2627 2631/3215/2627 2650/3249/2627 2651/3252/2627
f 2095/3253/2628 2646/3217/2628 2665/3250/2628
f 2640/3222/2629 2639/3219/2629 2658/3251/2629 2659/3254/2629
f 2633/3223/2630 2632/3220/2630 2651/3252/2630 2652/3255/2630
f 2641/3224/2631 2640/3222/2631 2659/3254/2631 2660/3235/2631
f 2634/3225/2632 2633/3223/2632 2652/3255/2632 2653/3237/2632
f 2664/3247/2633 2663/3244/2633 2682/3256/2633 2683/3257/2633
f 2657/3248/2634 2656/3245/2634 2675/3258/2634 2676/3259/2634
f 2650/3249/2635 2649/3246/2635 2668/3260/2635 2669/3261/2635
f 2665/3250/2636 2664/3247/2636 2683/3257/2636 2684/3262/2636
f 2658/3251/2637 2657/3248/2637 2676/3259/2637 2677/3263/2637
f 2651/3252/2638 2650/3249/2638 2669/3261/2638 2670/3264/2638
f 2095/3265/2639 2665/3250/2639 2684/3262/2639
f 2659/3254/2640 2658/3251/2640 2677/3263/2640 2678/3266/2640
f 2652/3255/2641 2651/3252/2641 2670/3264/2641 2671/3267/2641
f 2660/3235/2642 2659/3254/2642 2678/3266/2642 2679/3268/2642
f 2653/3237/2643 2652/3255/2643 2671/3267/2643 2672/3269/2643
f 2661/3236/2644 2660/3235/2644 2679/3268/2644 2680/3270/2644
f 2654/3238/2645 2653/3237/2645 2672/3269/2645 2673/3271/2645
f 2647/3240/2646 2083/3272/2646 2666/3273/2646
f 2662/3241/2647 2661/3236/2647 2680/3270/2647 2681/3274/2647
f 2655/3242/2648 2654/3238/2648 2673/3271/2648 2674/3275/2648
f 2648/3243/2649 2647/3240/2649 2666/3273/2649 2667/3276/2649
f 2663/3244/2650 2662/3241/2650 2681/3274/2650 2682/3256/2650
f 2656/3245/2651 2655/3242/2651 2674/3275/2651 2675/3258/2651
f 2649/3246/2652 2648/3243/2652 2667/3276/2652 2668/3260/2652
f 2679/3268/2653 2678/3266/2653 2090/2593/2653 2091/2592/2653
f 2672/3269/2654 2671/3267/2654 2086/2588/2654 2087/2596/2654
f 2680/3270/2655 2679/3268/2655 2091/2592/2655 2092/2598/2655
f 2673/3271/2656 2672/3269/2656 2087/2596/2656 2688/2600/2656
f 2666/3273/2657 2083/3277/2657 2084/2602/2657
f 2681/3274/2658 2680/3270/2658 2092/2598/2658 2691/2605/2658
f 2674/3275/2659 2673/3271/2659 2688/2600/2659 2088/2607/2659
f 2667/3276/2660 2666/3273/2660 2084/2602/2660 2685/2609/2660
f 2682/3256/2661 2681/3274/2661 2691/2605/2661 2692/2611/2661
f 2675/3258/2662 2674/3275/2662 2088/2607/2662 2689/2613/2662
f 2668/3260/2663 2667/3276/2663 2685/2609/2663 2686/2615/2663
f 2683/3257/2664 2682/3256/2664 2692/2611/2664 2093/2617/2664
f 2676/3259/2665 2675/3258/2665 2689/2613/2665 2690/2619/2665
f 2669/3261/2666 2668/3260/2666 2686/2615/2666 2085/2621/2666
f 2684/3262/2667 2683/3257/2667 2093/2617/2667 2094/2623/2667
f 2677/3263/2668 2676/3259/2668 2690/2619/2668 2089/2625/2668
f 2670/3264/2669 2669/3261/2669 2085/2621/2669 2687/2589/2669
f 2095/3278/2670 2684/3262/2670 2094/2623/2670
f 2678/3266/2671 2677/3263/2671 2089/2625/2671 2090/2593/2671
f 2671/3267/2672 2670/3264/2672 2687/2589/2672 2086/2588/2672
o female_EyePro
v 0.550000 1.545000 0.135000
v 0.550000 1.560000 0.150000
v 0.535000 1.560000 0.135000
v 0.550000 1.549393 0.145607
v 0.541340 1.551340 0.143660
v 0.539393 1.560000 0.145607
v 0.539393 1.549393 0.135000
v 0.550000 1.580000 0.150000
v 0.550000 1.595000 0.135000
v 0.535000 1.580000 0.135000
v 0.550000 1.590607 0.145607
v 0.541340 1.588660 0.143660
v 0.539393 1.590607 0.135000
v 0.539393 1.580000 0.145607
v 0.550000 1.545000 0.129000
v 0.535000 1.560000 0.129000
v 0.550000 1.560000 0.114000
v 0.539393 1.549393 0.129000
v 0.541340 1.551340 0.120340
v 0.539393 1.560000 0.118393
v 0.550000 1.549393 0.118393
v 0.550000 1.595000 0.129000
v 0.550000 1.580000 0.114000
v 0.535000 1.580000 0.129000
v 0.550000 1.590607 0.118393
v 0.541340 1.588660 0.120340
v 0.539393 1.580000 0.118393
v 0.539393 1.590607 0.129000
v 0.750000 1.545000 0.135000
v 0.765000 1.560000 0.135000
v 0.750000 1.560000 0.150000
v 0.760607 1.549393 0.135000
v 0.758660 1.551340 0.143660
v 0.760607 1.560000 0.145607
v 0.750000 1.549393 0.145607
v 0.750000 1.595000 0.135000
v 0.750000 1.580000 0.150000
v 0.765000 1.580000 0.135000
v 0.750000 1.590607 0.145607
v 0.758660 1.588660 0.143660
v 0.760607 1.580000 0.145607
v 0.760607 1.590607 0.135000
v 0.750000 1.545000 0.129000
v 0.750000 1.560000 0.114000
v 0.765000 1.560000 0.129000
v 0.750000 1.549393 0.118393
v 0.758660 1.551340 0.120340
v 0.760607 1.560000 0.118393
v 0.760607 1.549393 0.129000
v 0.750000 1.595000 0.129000
v 0.765000 1.580000 0.129000
v 0.750000 1.580000 0.114000
v 0.760607 1.590607 0.129000
v 0.758660 1.588660 0.120340
v 0.760607 1.580000 0.118393
v 0.750000 1.590607 0.118393
vn -0.3251 -0.8881 0.3251
vn -0.3251 -0.3251 0.8881
vn -0.8881 -0.3251 0.3251
vn -0.3251 0.3251 0.8881
vn -0.3251 0.8881 0.3251
vn -0.8881 0.3251 0.3251
vn -0.3251 -0.8881 -0.3251
vn -0.8881 -0.3251 -0.3251
vn -0.3251 -0.3251 -0.8881
vn -0.3251 0.8881 -0.3251
vn -0.3251 0.3251 -0.8881
vn -0.8881 0.3251 -0.3251
vn 0.3251 -0.8881 0.3251
vn 0.8881 -0.3251 0.3251
vn 0.3251 -0.3251 0.8881
vn 0.3251 0.8881 0.3251
vn 0.3251 0.3251 0.8881
vn 0.8881 0.3251 0.3251
vn 0.3251 -0.8881 -0.3251
vn 0.3251 -0.3251 -0.8881
vn 0.8881 -0.3251 -0.3251
vn 0.3251 0.8881 -0.3251
vn 0.8881 0.3251 -0.3251
vn 0.3251 0.3251 -0.8881
vn -0.3827 -0.9239 -0.0000
vn -0.9239 -0.3827 -0.0000
vn -0.3827 -0.0000 0.9239
vn -0.9239 -0.0000 0.3827
vn -0.3827 0.9239 -0.0000
vn -0.9239 0.3827 -0.0000
vn -0.3827 -0.0000 -0.9239
vn -0.9239 -0.0000 -0.3827
vn -0.0000 -0.9239 -0.3827
vn -0.0000 -0.3827 -0.9239
vn -0.0000 0.9239 -0.3827
vn -0.0000 0.3827 -0.9239
vn 0.9239 -0.0000 -0.3827
vn 0.3827 -0.0000 -0.9239
vn 0.3827 -0.9239 -0.0000
vn 0.9239 -0.3827 -0.0000
vn 0.3827 0.9239 -0.0000
vn 0.9239 0.3827 -0.0000
vn 0.3827 -0.0000 0.9239
vn 0.9239 -0.0000 0.3827
vn -0.0000 -0.9239 0.3827
vn -0.0000 -0.3827 0.9239
vn -0.0000 0.9239 0.3827
vn -0.0000 0.3827 0.9239
vn -0.0000 -1.0000 -0.0000
vn -1.0000 -0.0000 -0.0000
vn -0.0000 -0.0000 1.0000
vn -0.0000 1.0000 -0.0000
vn -0.0000 -0.0000 -1.0000
vn 1.0000 -0.0000 -0.0000
vt 0.141304 0.645833
vt 0.141304 0.750000
vt 0.131891 0.750000
vt 0.125000 0.645833
vt 0.450000 0.983696
vt 0.450000 1.000000
vt 0.406699 1.000000
vt 0.375000 0.983696
vt 0.450000 0.104167
vt 0.375000 0.104167
vt 0.375000 0.044026
vt 0.450000 0.000000
vt 0.550000 0.983696
vt 0.625000 0.983696
vt 0.625000 0.993109
vt 0.550000 1.000000
vt 0.858696 0.645833
vt 0.875000 0.645833
vt 0.875000 0.705974
vt 0.858696 0.750000
vt 0.550000 0.104167
vt 0.550000 0.000000
vt 0.593301 0.000000
vt 0.625000 0.104167
vt 0.141304 0.604167
vt 0.125000 0.604167
vt 0.125000 0.544026
vt 0.141304 0.500000
vt 0.450000 0.145833
vt 0.450000 0.250000
vt 0.390849 0.253446
vt 0.375000 0.145833
vt 0.450000 0.266304
vt 0.375000 0.266304
vt 0.858696 0.604167
vt 0.858696 0.500000
vt 0.868109 0.500000
vt 0.875000 0.604167
vt 0.550000 0.266304
vt 0.550000 0.250000
vt 0.609151 0.227987
vt 0.625000 0.266304
vt 0.550000 0.145833
vt 0.625000 0.145833
vt 0.358696 0.645833
vt 0.375000 0.645833
vt 0.385566 0.737622
vt 0.366848 0.758152
vt 0.450000 0.645833
vt 0.450000 0.750000
vt 0.450000 0.766304
vt 0.641304 0.645833
vt 0.633152 0.758152
vt 0.616731 0.735325
vt 0.625000 0.645833
vt 0.550000 0.766304
vt 0.550000 0.750000
vt 0.550000 0.645833
vt 0.358696 0.604167
vt 0.366848 0.491848
vt 0.383269 0.514675
vt 0.375000 0.604167
vt 0.450000 0.483696
vt 0.450000 0.500000
vt 0.450000 0.604167
vt 0.641304 0.604167
vt 0.625000 0.604167
vt 0.614434 0.512378
vt 0.633152 0.491848
vt 0.550000 0.604167
vt 0.550000 0.500000
vt 0.550000 0.483696
s 0
usemtl MAT_OpticGlass
f 2693/3279/2673 2696/3280/2673 2697/3281/2673 2699/3282/2673
f 2694/3283/2674 2698/3284/2674 2697/3285/2674 2696/3286/2674
f 2695/3287/2675 2699/3288/2675 2697/3289/2675 2698/3290/2675
f 2700/3291/2676 2703/3292/2676 2704/3293/2676 2706/3294/2676
f 2701/3295/2677 2705/3296/2677 2704/3297/2677 2703/3298/2677
f 2702/3299/2678 2706/3300/2678 2704/3301/2678 2705/3302/2678
f 2707/3303/2679 2710/3304/2679 2711/3305/2679 2713/3306/2679
f 2708/3307/2680 2712/3308/2680 2711/3309/2680 2710/3310/2680
f 2709/3311/2681 2713/3312/2681 2711/3309/2681 2712/3308/2681
f 2714/3313/2682 2717/3314/2682 2718/3315/2682 2720/3316/2682
f 2715/3317/2683 2719/3318/2683 2718/3319/2683 2717/3320/2683
f 2716/3321/2684 2720/3322/2684 2718/3319/2684 2719/3318/2684
f 2721/3323/2685 2724/3324/2685 2725/3325/2685 2727/3326/2685
f 2722/3327/2686 2726/3328/2686 2725/3325/2686 2724/3324/2686
f 2723/3329/2687 2727/3326/2687 2725/3325/2687 2726/3328/2687
f 2728/3330/2688 2731/3331/2688 2732/3332/2688 2734/3333/2688
f 2729/3334/2689 2733/3335/2689 2732/3332/2689 2731/3331/2689
f 2730/3336/2690 2734/3333/2690 2732/3332/2690 2733/3335/2690
f 2735/3337/2691 2738/3338/2691 2739/3339/2691 2741/3340/2691
f 2736/3341/2692 2740/3342/2692 2739/3339/2692 2738/3338/2692
f 2737/3343/2693 2741/3340/2693 2739/3339/2693 2740/3342/2693
f 2742/3344/2694 2745/3345/2694 2746/3346/2694 2748/3347/2694
f 2743/3348/2695 2747/3349/2695 2746/3346/2695 2745/3345/2695
f 2744/3350/2696 2748/3347/2696 2746/3346/2696 2747/3349/2696
f 2707/3303/2697 2693/3279/2697 2699/3282/2697 2710/3304/2697
f 2710/3310/2698 2699/3288/2698 2695/3287/2698 2708/3307/2698
f 2694/3283/2699 2700/3291/2699 2706/3294/2699 2698/3284/2699
f 2698/3290/2700 2706/3300/2700 2702/3299/2700 2695/3287/2700
f 2701/3295/2701 2714/3313/2701 2720/3316/2701 2705/3296/2701
f 2705/3302/2702 2720/3322/2702 2716/3321/2702 2702/3299/2702
f 2715/3317/2703 2709/3311/2703 2712/3308/2703 2719/3318/2703
f 2719/3318/2704 2712/3308/2704 2708/3307/2704 2716/3321/2704
f 2735/3337/2705 2707/3303/2705 2713/3306/2705 2738/3338/2705
f 2738/3338/2706 2713/3312/2706 2709/3311/2706 2736/3341/2706
f 2714/3313/2707 2742/3344/2707 2748/3347/2707 2717/3314/2707
f 2717/3320/2708 2748/3347/2708 2744/3350/2708 2715/3317/2708
f 2743/3348/2709 2737/3343/2709 2740/3342/2709 2747/3349/2709
f 2747/3349/2710 2740/3342/2710 2736/3341/2710 2744/3350/2710
f 2721/3323/2711 2735/3337/2711 2741/3340/2711 2724/3324/2711
f 2724/3324/2712 2741/3340/2712 2737/3343/2712 2722/3327/2712
f 2742/3344/2713 2728/3330/2713 2734/3333/2713 2745/3345/2713
f 2745/3345/2714 2734/3333/2714 2730/3336/2714 2743/3348/2714
f 2729/3334/2715 2723/3329/2715 2726/3328/2715 2733/3335/2715
f 2733/3335/2716 2726/3328/2716 2722/3327/2716 2730/3336/2716
f 2693/3279/2717 2721/3323/2717 2727/3326/2717 2696/3280/2717
f 2696/3286/2718 2727/3326/2718 2723/3329/2718 2694/3283/2718
f 2728/3330/2719 2701/3295/2719 2703/3298/2719 2731/3331/2719
f 2731/3331/2720 2703/3292/2720 2700/3291/2720 2729/3334/2720
f 2707/3303/2721 2735/3337/2721 2721/3323/2721 2693/3279/2721
f 2695/3287/2722 2702/3299/2722 2716/3321/2722 2708/3307/2722
f 2723/3329/2723 2729/3334/2723 2700/3291/2723 2694/3283/2723
f 2742/3344/2724 2714/3313/2724 2701/3295/2724 2728/3330/2724
f 2709/3311/2725 2715/3317/2725 2744/3350/2725 2736/3341/2725
f 2737/3343/2726 2743/3348/2726 2730/3336/2726 2722/3327/2726
o female_EarPro_-0.155
v 0.477500 1.570000 -0.017813
v 0.492500 1.570000 -0.033000
v 0.481893 1.570000 -0.028552
v 0.512500 1.570000 -0.017813
v 0.497500 1.570000 -0.033000
v 0.508107 1.570000 -0.028552
v 0.477500 1.562950 -0.016696
v 0.492500 1.558257 -0.031140
v 0.481893 1.559632 -0.026910
v 0.512500 1.562950 -0.016696
v 0.497500 1.558257 -0.031140
v 0.508107 1.559632 -0.026910
v 0.477500 1.556591 -0.013456
v 0.492500 1.547664 -0.025743
v 0.481893 1.550279 -0.022144
v 0.512500 1.556591 -0.013456
v 0.497500 1.547664 -0.025743
v 0.508107 1.550279 -0.022144
v 0.477500 1.551544 -0.008409
v 0.492500 1.539257 -0.017336
v 0.481893 1.542856 -0.014721
v 0.512500 1.551544 -0.008409
v 0.497500 1.539257 -0.017336
v 0.508107 1.542856 -0.014721
v 0.477500 1.548304 -0.002050
v 0.492500 1.533860 -0.006743
v 0.481893 1.538090 -0.005368
v 0.512500 1.548304 -0.002050
v 0.497500 1.533860 -0.006743
v 0.508107 1.538090 -0.005368
v 0.477500 1.547187 0.005000
v 0.492500 1.532000 0.005000
v 0.481893 1.536448 0.005000
v 0.512500 1.547187 0.005000
v 0.497500 1.532000 0.005000
v 0.508107 1.536448 0.005000
v 0.477500 1.548304 0.012050
v 0.492500 1.533860 0.016743
v 0.481893 1.538090 0.015368
v 0.512500 1.548304 0.012050
v 0.497500 1.533860 0.016743
v 0.508107 1.538090 0.015368
v 0.477500 1.551544 0.018409
v 0.492500 1.539257 0.027336
v 0.481893 1.542856 0.024721
v 0.512500 1.551544 0.018409
v 0.497500 1.539257 0.027336
v 0.508107 1.542856 0.024721
v 0.477500 1.556591 0.023456
v 0.492500 1.547664 0.035743
v 0.481893 1.550279 0.032144
v 0.512500 1.556591 0.023456
v 0.497500 1.547664 0.035743
v 0.508107 1.550279 0.032144
v 0.477500 1.562950 0.026696
v 0.492500 1.558257 0.041140
v 0.481893 1.559632 0.036910
v 0.512500 1.562950 0.026696
v 0.497500 1.558257 0.041140
v 0.508107 1.559632 0.036910
v 0.477500 1.570000 0.027813
v 0.492500 1.570000 0.043000
v 0.481893 1.570000 0.038552
v 0.512500 1.570000 0.027813
v 0.497500 1.570000 0.043000
v 0.508107 1.570000 0.038552
v 0.477500 1.577050 0.026696
v 0.492500 1.581743 0.041140
v 0.481893 1.580368 0.036910
v 0.512500 1.577050 0.026696
v 0.497500 1.581743 0.041140
v 0.508107 1.580368 0.036910
v 0.477500 1.583409 0.023456
v 0.492500 1.592336 0.035743
v 0.481893 1.589721 0.032144
v 0.512500 1.583409 0.023456
v 0.497500 1.592336 0.035743
v 0.508107 1.589721 0.032144
v 0.477500 1.588456 0.018409
v 0.492500 1.600743 0.027336
v 0.481893 1.597144 0.024721
v 0.512500 1.588456 0.018409
v 0.497500 1.600743 0.027336
v 0.508107 1.597144 0.024721
v 0.477500 1.591697 0.012050
v 0.492500 1.606140 0.016743
v 0.481893 1.601910 0.015368
v 0.512500 1.591697 0.012050
v 0.497500 1.606140 0.016743
v 0.508107 1.601910 0.015368
v 0.477500 1.592813 0.005000
v 0.492500 1.608000 0.005000
v 0.481893 1.603552 0.005000
v 0.512500 1.592813 0.005000
v 0.497500 1.608000 0.005000
v 0.508107 1.603552 0.005000
v 0.477500 1.591697 -0.002050
v 0.492500 1.606140 -0.006743
v 0.481893 1.601910 -0.005368
v 0.512500 1.591697 -0.002050
v 0.497500 1.606140 -0.006743
v 0.508107 1.601910 -0.005368
v 0.477500 1.588456 -0.008409
v 0.492500 1.600743 -0.017336
v 0.481893 1.597144 -0.014721
v 0.512500 1.588456 -0.008409
v 0.497500 1.600743 -0.017336
v 0.508107 1.597144 -0.014721
v 0.477500 1.583409 -0.013456
v 0.492500 1.592336 -0.025743
v 0.481893 1.589721 -0.022144
v 0.512500 1.583409 -0.013456
v 0.497500 1.592336 -0.025743
v 0.508107 1.589721 -0.022144
v 0.477500 1.577050 -0.016696
v 0.492500 1.581743 -0.031140
v 0.481893 1.580368 -0.026910
v 0.512500 1.577050 -0.016696
v 0.497500 1.581743 -0.031140
v 0.508107 1.580368 -0.026910
vn -0.3827 -0.1445 -0.9125
vn -0.9239 -0.0599 -0.3780
vn 0.3827 -0.1445 -0.9125
vn 0.9239 -0.0599 -0.3780
vn -0.3827 -0.4194 -0.8232
vn -0.9239 -0.1737 -0.3410
vn 0.3827 -0.4194 -0.8232
vn 0.9239 -0.1737 -0.3410
vn -0.3827 -0.6533 -0.6533
vn -0.9239 -0.2706 -0.2706
vn 0.3827 -0.6533 -0.6533
vn 0.9239 -0.2706 -0.2706
vn -0.3827 -0.8232 -0.4194
vn -0.9239 -0.3410 -0.1737
vn 0.3827 -0.8232 -0.4194
vn 0.9239 -0.3410 -0.1737
vn -0.3827 -0.9125 -0.1445
vn -0.9239 -0.3780 -0.0599
vn 0.3827 -0.9125 -0.1445
vn 0.9239 -0.3780 -0.0599
vn -0.3827 -0.9125 0.1445
vn -0.9239 -0.3780 0.0599
vn 0.3827 -0.9125 0.1445
vn 0.9239 -0.3780 0.0599
vn -0.3827 -0.8232 0.4194
vn -0.9239 -0.3410 0.1737
vn 0.3827 -0.8232 0.4194
vn 0.9239 -0.3410 0.1737
vn -0.3827 -0.6533 0.6533
vn -0.9239 -0.2706 0.2706
vn 0.3827 -0.6533 0.6533
vn 0.9239 -0.2706 0.2706
vn -0.3827 -0.4194 0.8232
vn -0.9239 -0.1737 0.3410
vn 0.3827 -0.4194 0.8232
vn 0.9239 -0.1737 0.3410
vn -0.3827 -0.1445 0.9125
vn -0.9239 -0.0599 0.3780
vn 0.3827 -0.1445 0.9125
vn 0.9239 -0.0599 0.3780
vn -0.3827 0.1445 0.9125
vn -0.9239 0.0599 0.3780
vn 0.3827 0.1445 0.9125
vn 0.9239 0.0599 0.3780
vn -0.3827 0.4194 0.8232
vn -0.9239 0.1737 0.3410
vn 0.3827 0.4194 0.8232
vn 0.9239 0.1737 0.3410
vn -0.3827 0.6533 0.6533
vn -0.9239 0.2706 0.2706
vn 0.3827 0.6533 0.6533
vn 0.9239 0.2706 0.2706
vn -0.3827 0.8232 0.4194
vn -0.9239 0.3410 0.1737
vn 0.3827 0.8232 0.4194
vn 0.9239 0.3410 0.1737
vn -0.3827 0.9125 0.1445
vn -0.9239 0.3780 0.0599
vn 0.3827 0.9125 0.1445
vn 0.9239 0.3780 0.0599
vn -0.3827 0.9125 -0.1445
vn -0.9239 0.3780 -0.0599
vn 0.3827 0.9125 -0.1445
vn 0.9239 0.3780 -0.0599
vn -0.3827 0.8232 -0.4194
vn -0.9239 0.3410 -0.1737
vn 0.3827 0.8232 -0.4194
vn 0.9239 0.3410 -0.1737
vn -0.3827 0.6533 -0.6533
vn -0.9239 0.2706 -0.2706
vn 0.3827 0.6533 -0.6533
vn 0.9239 0.2706 -0.2706
vn -0.3827 0.4194 -0.8232
vn -0.9239 0.1737 -0.3410
vn 0.3827 0.4194 -0.8232
vn 0.9239 0.1737 -0.3410
vn -0.3827 0.1445 -0.9125
vn -0.9239 0.0599 -0.3780
vn 0.3827 0.1445 -0.9125
vn 0.9239 0.0599 -0.3780
vn -1.0000 -0.0000 -0.0000
vn -0.0000 -0.1564 -0.9877
vn -0.0000 0.1564 -0.9877
vn 1.0000 -0.0000 -0.0000
vn -0.0000 -0.4540 -0.8910
vn -0.0000 -0.7071 -0.7071
vn -0.0000 -0.8910 -0.4540
vn -0.0000 -0.9877 -0.1564
vn -0.0000 -0.9877 0.1564
vn -0.0000 -0.8910 0.4540
vn -0.0000 -0.7071 0.7071
vn -0.0000 -0.4540 0.8910
vn -0.0000 -0.1564 0.9877
vn -0.0000 0.1564 0.9877
vn -0.0000 0.4540 0.8910
vn -0.0000 0.7071 0.7071
vn -0.0000 0.8910 0.4540
vn -0.0000 0.9877 0.1564
vn -0.0000 0.9877 -0.1564
vn -0.0000 0.8910 -0.4540
vn -0.0000 0.7071 -0.7071
vn -0.0000 0.4540 -0.8910
vt 1.000000 0.714286
vt 0.950000 0.714286
vt 0.950000 0.500000
vt 0.997074 0.500000
vt 0.750000 0.489313
vt 0.823952 0.477600
vt 0.794524 0.387030
vt 0.750000 0.394082
vt 0.950000 0.785714
vt 1.000000 0.785714
vt 0.997074 1.000000
vt 0.950000 1.000000
vt 0.323952 0.477600
vt 0.250000 0.489313
vt 0.250000 0.394082
vt 0.294524 0.387030
vt 0.900000 0.714286
vt 0.900000 0.500000
vt 0.890664 0.443608
vt 0.834690 0.366565
vt 0.900000 0.785714
vt 0.900000 1.000000
vt 0.390664 0.443608
vt 0.334689 0.366565
vt 0.850000 0.714286
vt 0.850000 0.500000
vt 0.943608 0.390664
vt 0.866565 0.334689
vt 0.850000 0.785714
vt 0.850000 1.000000
vt 0.443608 0.390664
vt 0.366565 0.334689
vt 0.800000 0.714286
vt 0.800000 0.500000
vt 0.977600 0.323952
vt 0.887030 0.294524
vt 0.800000 0.785714
vt 0.800000 1.000000
vt 0.477600 0.323952
vt 0.387030 0.294524
vt 0.750000 0.714286
vt 0.750000 0.500000
vt 0.989312 0.250000
vt 0.894082 0.250000
vt 0.750000 0.785714
vt 0.750000 1.000000
vt 0.489313 0.250000
vt 0.394082 0.250000
vt 0.700000 0.714286
vt 0.700000 0.500000
vt 0.977600 0.176048
vt 0.887030 0.205476
vt 0.700000 0.785714
vt 0.700000 1.000000
vt 0.477600 0.176048
vt 0.387030 0.205476
vt 0.650000 0.714286
vt 0.650000 0.500000
vt 0.943608 0.109336
vt 0.866565 0.165311
vt 0.650000 0.785714
vt 0.650000 1.000000
vt 0.443608 0.109336
vt 0.366565 0.165311
vt 0.600000 0.714286
vt 0.600000 0.500000
vt 0.890664 0.056392
vt 0.834689 0.133435
vt 0.600000 0.785714
vt 0.600000 1.000000
vt 0.390664 0.056392
vt 0.334689 0.133435
vt 0.550000 0.714286
vt 0.550000 0.500000
vt 0.823952 0.022400
vt 0.794524 0.112970
vt 0.550000 0.785714
vt 0.550000 1.000000
vt 0.323952 0.022400
vt 0.294524 0.112970
vt 0.500000 0.714286
vt 0.500000 0.500000
vt 0.750000 0.010688
vt 0.750000 0.105918
vt 0.500000 0.785714
vt 0.500000 1.000000
vt 0.250000 0.010688
vt 0.250000 0.105918
vt 0.450000 0.714286
vt 0.450000 0.500000
vt 0.676048 0.022400
vt 0.705476 0.112970
vt 0.450000 0.785714
vt 0.450000 1.000000
vt 0.176048 0.022400
vt 0.205476 0.112970
vt 0.400000 0.714286
vt 0.400000 0.500000
vt 0.609336 0.056392
vt 0.665311 0.133435
vt 0.400000 0.785714
vt 0.400000 1.000000
vt 0.109336 0.056392
vt 0.165311 0.133435
vt 0.350000 0.714286
vt 0.350000 0.500000
vt 0.556392 0.109336
vt 0.633435 0.165311
vt 0.350000 0.785714
vt 0.350000 1.000000
vt 0.056392 0.109336
vt 0.133435 0.165311
vt 0.300000 0.714286
vt 0.300000 0.500000
vt 0.522400 0.176048
vt 0.612970 0.205476
vt 0.300000 0.785714
vt 0.300000 1.000000
vt 0.022400 0.176048
vt 0.112970 0.205476
vt 0.250000 0.714286
vt 0.250000 0.500000
vt 0.510687 0.250000
vt 0.605918 0.250000
vt 0.250000 0.785714
vt 0.250000 1.000000
vt 0.010688 0.250000
vt 0.105918 0.250000
vt 0.200000 0.714286
vt 0.200000 0.500000
vt 0.522400 0.323952
vt 0.612970 0.294524
vt 0.200000 0.785714
vt 0.200000 1.000000
vt 0.022400 0.323952
vt 0.112970 0.294524
vt 0.150000 0.714286
vt 0.150000 0.500000
vt 0.556392 0.390664
vt 0.633435 0.334689
vt 0.150000 0.785714
vt 0.150000 1.000000
vt 0.056392 0.390664
vt 0.133435 0.334689
vt 0.100000 0.714286
vt 0.100000 0.500000
vt 0.609336 0.443608
vt 0.665311 0.366565
vt 0.100000 0.785714
vt 0.100000 1.000000
vt 0.109336 0.443608
vt 0.165311 0.366565
vt 0.050000 0.714286
vt 0.050000 0.500000
vt 0.676048 0.477600
vt 0.705476 0.387030
vt 0.050000 0.785714
vt 0.050000 1.000000
vt 0.176048 0.477600
vt 0.205476 0.387030
vt -0.000000 0.714286
vt 0.002926 0.500000
vt -0.000000 0.785714
vt 0.002926 1.000000
s 0
usemtl MAT_Polymer
f 2750/3351/2727 2756/3352/2727 2757/3353/2727 2751/3354/2727
f 2751/3355/2728 2757/3356/2728 2755/3357/2728 2749/3358/2728
f 2759/3359/2729 2753/3360/2729 2754/3361/2729 2760/3362/2729
f 2760/3363/2730 2754/3364/2730 2752/3365/2730 2758/3366/2730
f 2756/3352/2731 2762/3367/2731 2763/3368/2731 2757/3353/2731
f 2757/3356/2732 2763/3369/2732 2761/3370/2732 2755/3357/2732
f 2765/3371/2733 2759/3359/2733 2760/3362/2733 2766/3372/2733
f 2766/3373/2734 2760/3363/2734 2758/3366/2734 2764/3374/2734
f 2762/3367/2735 2768/3375/2735 2769/3376/2735 2763/3368/2735
f 2763/3369/2736 2769/3377/2736 2767/3378/2736 2761/3370/2736
f 2771/3379/2737 2765/3371/2737 2766/3372/2737 2772/3380/2737
f 2772/3381/2738 2766/3373/2738 2764/3374/2738 2770/3382/2738
f 2768/3375/2739 2774/3383/2739 2775/3384/2739 2769/3376/2739
f 2769/3377/2740 2775/3385/2740 2773/3386/2740 2767/3378/2740
f 2777/3387/2741 2771/3379/2741 2772/3380/2741 2778/3388/2741
f 2778/3389/2742 2772/3381/2742 2770/3382/2742 2776/3390/2742
f 2774/3383/2743 2780/3391/2743 2781/3392/2743 2775/3384/2743
f 2775/3385/2744 2781/3393/2744 2779/3394/2744 2773/3386/2744
f 2783/3395/2745 2777/3387/2745 2778/3388/2745 2784/3396/2745
f 2784/3397/2746 2778/3389/2746 2776/3390/2746 2782/3398/2746
f 2780/3391/2747 2786/3399/2747 2787/3400/2747 2781/3392/2747
f 2781/3393/2748 2787/3401/2748 2785/3402/2748 2779/3394/2748
f 2789/3403/2749 2783/3395/2749 2784/3396/2749 2790/3404/2749
f 2790/3405/2750 2784/3397/2750 2782/3398/2750 2788/3406/2750
f 2786/3399/2751 2792/3407/2751 2793/3408/2751 2787/3400/2751
f 2787/3401/2752 2793/3409/2752 2791/3410/2752 2785/3402/2752
f 2795/3411/2753 2789/3403/2753 2790/3404/2753 2796/3412/2753
f 2796/3413/2754 2790/3405/2754 2788/3406/2754 2794/3414/2754
f 2792/3407/2755 2798/3415/2755 2799/3416/2755 2793/3408/2755
f 2793/3409/2756 2799/3417/2756 2797/3418/2756 2791/3410/2756
f 2801/3419/2757 2795/3411/2757 2796/3412/2757 2802/3420/2757
f 2802/3421/2758 2796/3413/2758 2794/3414/2758 2800/3422/2758
f 2798/3415/2759 2804/3423/2759 2805/3424/2759 2799/3416/2759
f 2799/3417/2760 2805/3425/2760 2803/3426/2760 2797/3418/2760
f 2807/3427/2761 2801/3419/2761 2802/3420/2761 2808/3428/2761
f 2808/3429/2762 2802/3421/2762 2800/3422/2762 2806/3430/2762
f 2804/3423/2763 2810/3431/2763 2811/3432/2763 2805/3424/2763
f 2805/3425/2764 2811/3433/2764 2809/3434/2764 2803/3426/2764
f 2813/3435/2765 2807/3427/2765 2808/3428/2765 2814/3436/2765
f 2814/3437/2766 2808/3429/2766 2806/3430/2766 2812/3438/2766
f 2810/3431/2767 2816/3439/2767 2817/3440/2767 2811/3432/2767
f 2811/3433/2768 2817/3441/2768 2815/3442/2768 2809/3434/2768
f 2819/3443/2769 2813/3435/2769 2814/3436/2769 2820/3444/2769
f 2820/3445/2770 2814/3437/2770 2812/3438/2770 2818/3446/2770
f 2816/3439/2771 2822/3447/2771 2823/3448/2771 2817/3440/2771
f 2817/3441/2772 2823/3449/2772 2821/3450/2772 2815/3442/2772
f 2825/3451/2773 2819/3443/2773 2820/3444/2773 2826/3452/2773
f 2826/3453/2774 2820/3445/2774 2818/3446/2774 2824/3454/2774
f 2822/3447/2775 2828/3455/2775 2829/3456/2775 2823/3448/2775
f 2823/3449/2776 2829/3457/2776 2827/3458/2776 2821/3450/2776
f 2831/3459/2777 2825/3451/2777 2826/3452/2777 2832/3460/2777
f 2832/3461/2778 2826/3453/2778 2824/3454/2778 2830/3462/2778
f 2828/3455/2779 2834/3463/2779 2835/3464/2779 2829/3456/2779
f 2829/3457/2780 2835/3465/2780 2833/3466/2780 2827/3458/2780
f 2837/3467/2781 2831/3459/2781 2832/3460/2781 2838/3468/2781
f 2838/3469/2782 2832/3461/2782 2830/3462/2782 2836/3470/2782
f 2834/3463/2783 2840/3471/2783 2841/3472/2783 2835/3464/2783
f 2835/3465/2784 2841/3473/2784 2839/3474/2784 2833/3466/2784
f 2843/3475/2785 2837/3467/2785 2838/3468/2785 2844/3476/2785
f 2844/3477/2786 2838/3469/2786 2836/3470/2786 2842/3478/2786
f 2840/3471/2787 2846/3479/2787 2847/3480/2787 2841/3472/2787
f 2841/3473/2788 2847/3481/2788 2845/3482/2788 2839/3474/2788
f 2849/3483/2789 2843/3475/2789 2844/3476/2789 2850/3484/2789
f 2850/3485/2790 2844/3477/2790 2842/3478/2790 2848/3486/2790
f 2846/3479/2791 2852/3487/2791 2853/3488/2791 2847/3480/2791
f 2847/3481/2792 2853/3489/2792 2851/3490/2792 2845/3482/2792
f 2855/3491/2793 2849/3483/2793 2850/3484/2793 2856/3492/2793
f 2856/3493/2794 2850/3485/2794 2848/3486/2794 2854/3494/2794
f 2852/3487/2795 2858/3495/2795 2859/3496/2795 2853/3488/2795
f 2853/3489/2796 2859/3497/2796 2857/3498/2796 2851/3490/2796
f 2861/3499/2797 2855/3491/2797 2856/3492/2797 2862/3500/2797
f 2862/3501/2798 2856/3493/2798 2854/3494/2798 2860/3502/2798
f 2858/3495/2799 2864/3503/2799 2865/3504/2799 2859/3496/2799
f 2859/3497/2800 2865/3505/2800 2863/3506/2800 2857/3498/2800
f 2867/3507/2801 2861/3499/2801 2862/3500/2801 2868/3508/2801
f 2868/3509/2802 2862/3501/2802 2860/3502/2802 2866/3510/2802
f 2864/3503/2803 2750/3511/2803 2751/3512/2803 2865/3504/2803
f 2865/3505/2804 2751/3355/2804 2749/3358/2804 2863/3506/2804
f 2753/3513/2805 2867/3507/2805 2868/3508/2805 2754/3514/2805
f 2754/3364/2806 2868/3509/2806 2866/3510/2806 2752/3365/2806
f 2749/3358/2807 2755/3357/2807 2761/3370/2807 2767/3378/2807 2773/3386/2807 2779/3394/2807 2785/3402/2807 2791/3410/2807 2797/3418/2807 2803/3426/2807 2809/3434/2807 2815/3442/2807 2821/3450/2807 2827/3458/2807 2833/3466/2807 2839/3474/2807 2845/3482/2807 2851/3490/2807 2857/3498/2807 2863/3506/2807
f 2750/3351/2808 2753/3360/2808 2759/3359/2808 2756/3352/2808
f 2864/3503/2809 2867/3507/2809 2753/3513/2809 2750/3511/2809
f 2758/3366/2810 2752/3365/2810 2866/3510/2810 2860/3502/2810 2854/3494/2810 2848/3486/2810 2842/3478/2810 2836/3470/2810 2830/3462/2810 2824/3454/2810 2818/3446/2810 2812/3438/2810 2806/3430/2810 2800/3422/2810 2794/3414/2810 2788/3406/2810 2782/3398/2810 2776/3390/2810 2770/3382/2810 2764/3374/2810
f 2756/3352/2811 2759/3359/2811 2765/3371/2811 2762/3367/2811
f 2762/3367/2812 2765/3371/2812 2771/3379/2812 2768/3375/2812
f 2768/3375/2813 2771/3379/2813 2777/3387/2813 2774/3383/2813
f 2774/3383/2814 2777/3387/2814 2783/3395/2814 2780/3391/2814
f 2780/3391/2815 2783/3395/2815 2789/3403/2815 2786/3399/2815
f 2786/3399/2816 2789/3403/2816 2795/3411/2816 2792/3407/2816
f 2792/3407/2817 2795/3411/2817 2801/3419/2817 2798/3415/2817
f 2798/3415/2818 2801/3419/2818 2807/3427/2818 2804/3423/2818
f 2804/3423/2819 2807/3427/2819 2813/3435/2819 2810/3431/2819
f 2810/3431/2820 2813/3435/2820 2819/3443/2820 2816/3439/2820
f 2816/3439/2821 2819/3443/2821 2825/3451/2821 2822/3447/2821
f 2822/3447/2822 2825/3451/2822 2831/3459/2822 2828/3455/2822
f 2828/3455/2823 2831/3459/2823 2837/3467/2823 2834/3463/2823
f 2834/3463/2824 2837/3467/2824 2843/3475/2824 2840/3471/2824
f 2840/3471/2825 2843/3475/2825 2849/3483/2825 2846/3479/2825
f 2846/3479/2826 2849/3483/2826 2855/3491/2826 2852/3487/2826
f 2852/3487/2827 2855/3491/2827 2861/3499/2827 2858/3495/2827
f 2858/3495/2828 2861/3499/2828 2867/3507/2828 2864/3503/2828
o female_EarPro_0.155
v 0.787500 1.570000 -0.017813
v 0.802500 1.570000 -0.033000
v 0.791893 1.570000 -0.028552
v 0.822500 1.570000 -0.017813
v 0.807500 1.570000 -0.033000
v 0.818107 1.570000 -0.028552
v 0.787500 1.562950 -0.016696
v 0.802500 1.558257 -0.031140
v 0.791893 1.559632 -0.026910
v 0.822500 1.562950 -0.016696
v 0.807500 1.558257 -0.031140
v 0.818107 1.559632 -0.026910
v 0.787500 1.556591 -0.013456
v 0.802500 1.547664 -0.025743
v 0.791893 1.550279 -0.022144
v 0.822500 1.556591 -0.013456
v 0.807500 1.547664 -0.025743
v 0.818107 1.550279 -0.022144
v 0.787500 1.551544 -0.008409
v 0.802500 1.539257 -0.017336
v 0.791893 1.542856 -0.014721
v 0.822500 1.551544 -0.008409
v 0.807500 1.539257 -0.017336
v 0.818107 1.542856 -0.014721
v 0.787500 1.548304 -0.002050
v 0.802500 1.533860 -0.006743
v 0.791893 1.538090 -0.005368
v 0.822500 1.548304 -0.002050
v 0.807500 1.533860 -0.006743
v 0.818107 1.538090 -0.005368
v 0.787500 1.547187 0.005000
v 0.802500 1.532000 0.005000
v 0.791893 1.536448 0.005000
v 0.822500 1.547187 0.005000
v 0.807500 1.532000 0.005000
v 0.818107 1.536448 0.005000
v 0.787500 1.548304 0.012050
v 0.802500 1.533860 0.016743
v 0.791893 1.538090 0.015368
v 0.822500 1.548304 0.012050
v 0.807500 1.533860 0.016743
v 0.818107 1.538090 0.015368
v 0.787500 1.551544 0.018409
v 0.802500 1.539257 0.027336
v 0.791893 1.542856 0.024721
v 0.822500 1.551544 0.018409
v 0.807500 1.539257 0.027336
v 0.818107 1.542856 0.024721
v 0.787500 1.556591 0.023456
v 0.802500 1.547664 0.035743
v 0.791893 1.550279 0.032144
v 0.822500 1.556591 0.023456
v 0.807500 1.547664 0.035743
v 0.818107 1.550279 0.032144
v 0.787500 1.562950 0.026696
v 0.802500 1.558257 0.041140
v 0.791893 1.559632 0.036910
v 0.822500 1.562950 0.026696
v 0.807500 1.558257 0.041140
v 0.818107 1.559632 0.036910
v 0.787500 1.570000 0.027813
v 0.802500 1.570000 0.043000
v 0.791893 1.570000 0.038552
v 0.822500 1.570000 0.027813
v 0.807500 1.570000 0.043000
v 0.818107 1.570000 0.038552
v 0.787500 1.577050 0.026696
v 0.802500 1.581743 0.041140
v 0.791893 1.580368 0.036910
v 0.822500 1.577050 0.026696
v 0.807500 1.581743 0.041140
v 0.818107 1.580368 0.036910
v 0.787500 1.583409 0.023456
v 0.802500 1.592336 0.035743
v 0.791893 1.589721 0.032144
v 0.822500 1.583409 0.023456
v 0.807500 1.592336 0.035743
v 0.818107 1.589721 0.032144
v 0.787500 1.588456 0.018409
v 0.802500 1.600743 0.027336
v 0.791893 1.597144 0.024721
v 0.822500 1.588456 0.018409
v 0.807500 1.600743 0.027336
v 0.818107 1.597144 0.024721
v 0.787500 1.591697 0.012050
v 0.802500 1.606140 0.016743
v 0.791893 1.601910 0.015368
v 0.822500 1.591697 0.012050
v 0.807500 1.606140 0.016743
v 0.818107 1.601910 0.015368
v 0.787500 1.592813 0.005000
v 0.802500 1.608000 0.005000
v 0.791893 1.603552 0.005000
v 0.822500 1.592813 0.005000
v 0.807500 1.608000 0.005000
v 0.818107 1.603552 0.005000
v 0.787500 1.591697 -0.002050
v 0.802500 1.606140 -0.006743
v 0.791893 1.601910 -0.005368
v 0.822500 1.591697 -0.002050
v 0.807500 1.606140 -0.006743
v 0.818107 1.601910 -0.005368
v 0.787500 1.588456 -0.008409
v 0.802500 1.600743 -0.017336
v 0.791893 1.597144 -0.014721
v 0.822500 1.588456 -0.008409
v 0.807500 1.600743 -0.017336
v 0.818107 1.597144 -0.014721
v 0.787500 1.583409 -0.013456
v 0.802500 1.592336 -0.025743
v 0.791893 1.589721 -0.022144
v 0.822500 1.583409 -0.013456
v 0.807500 1.592336 -0.025743
v 0.818107 1.589721 -0.022144
v 0.787500 1.577050 -0.016696
v 0.802500 1.581743 -0.031140
v 0.791893 1.580368 -0.026910
v 0.822500 1.577050 -0.016696
v 0.807500 1.581743 -0.031140
v 0.818107 1.580368 -0.026910
vn -0.3827 -0.1445 -0.9125
vn -0.9239 -0.0599 -0.3780
vn 0.3827 -0.1445 -0.9125
vn 0.9239 -0.0599 -0.3780
vn -0.3827 -0.4194 -0.8232
vn -0.9239 -0.1737 -0.3410
vn 0.3827 -0.4194 -0.8232
vn 0.9239 -0.1737 -0.3410
vn -0.3827 -0.6533 -0.6533
vn -0.9239 -0.2706 -0.2706
vn 0.3827 -0.6533 -0.6533
vn 0.9239 -0.2706 -0.2706
vn -0.3827 -0.8232 -0.4194
vn -0.9239 -0.3410 -0.1737
vn 0.3827 -0.8232 -0.4194
vn 0.9239 -0.3410 -0.1737
vn -0.3827 -0.9125 -0.1445
vn -0.9239 -0.3780 -0.0599
vn 0.3827 -0.9125 -0.1445
vn 0.9239 -0.3780 -0.0599
vn -0.3827 -0.9125 0.1445
vn -0.9239 -0.3780 0.0599
vn 0.3827 -0.9125 0.1445
vn 0.9239 -0.3780 0.0599
vn -0.3827 -0.8232 0.4194
vn -0.9239 -0.3410 0.1737
vn 0.3827 -0.8232 0.4194
vn 0.9239 -0.3410 0.1737
vn -0.3827 -0.6533 0.6533
vn -0.9239 -0.2706 0.2706
vn 0.3827 -0.6533 0.6533
vn 0.9239 -0.2706 0.2706
vn -0.3827 -0.4194 0.8232
vn -0.9239 -0.1737 0.3410
vn 0.3827 -0.4194 0.8232
vn 0.9239 -0.1737 0.3410
vn -0.3827 -0.1445 0.9125
vn -0.9239 -0.0599 0.3780
vn 0.3827 -0.1445 0.9125
vn 0.9239 -0.0599 0.3780
vn -0.3827 0.1445 0.9125
vn -0.9239 0.0599 0.3780
vn 0.3827 0.1445 0.9125
vn 0.9239 0.0599 0.3780
vn -0.3827 0.4194 0.8232
vn -0.9239 0.1737 0.3410
vn 0.3827 0.4194 0.8232
vn 0.9239 0.1737 0.3410
vn -0.3827 0.6533 0.6533
vn -0.9239 0.2706 0.2706
vn 0.3827 0.6533 0.6533
vn 0.9239 0.2706 0.2706
vn -0.3827 0.8232 0.4194
vn -0.9239 0.3410 0.1737
vn 0.3827 0.8232 0.4194
vn 0.9239 0.3410 0.1737
vn -0.3827 0.9125 0.1445
vn -0.9239 0.3780 0.0599
vn 0.3827 0.9125 0.1445
vn 0.9239 0.3780 0.0599
vn -0.3827 0.9125 -0.1445
vn -0.9239 0.3780 -0.0599
vn 0.3827 0.9125 -0.1445
vn 0.9239 0.3780 -0.0599
vn -0.3827 0.8232 -0.4194
vn -0.9239 0.3410 -0.1737
vn 0.3827 0.8232 -0.4194
vn 0.9239 0.3410 -0.1737
vn -0.3827 0.6533 -0.6533
vn -0.9239 0.2706 -0.2706
vn 0.3827 0.6533 -0.6533
vn 0.9239 0.2706 -0.2706
vn -0.3827 0.4194 -0.8232
vn -0.9239 0.1737 -0.3410
vn 0.3827 0.4194 -0.8232
vn 0.9239 0.1737 -0.3410
vn -0.3827 0.1445 -0.9125
vn -0.9239 0.0599 -0.3780
vn 0.3827 0.1445 -0.9125
vn 0.9239 0.0599 -0.3780
vn -1.0000 -0.0000 -0.0000
vn -0.0000 -0.1564 -0.9877
vn -0.0000 0.1564 -0.9877
vn 1.0000 -0.0000 -0.0000
vn -0.0000 -0.4540 -0.8910
vn -0.0000 -0.7071 -0.7071
vn -0.0000 -0.8910 -0.4540
vn -0.0000 -0.9877 -0.1564
vn -0.0000 -0.9877 0.1564
vn -0.0000 -0.8910 0.4540
vn -0.0000 -0.7071 0.7071
vn -0.0000 -0.4540 0.8910
vn -0.0000 -0.1564 0.9877
vn -0.0000 0.1564 0.9877
vn -0.0000 0.4540 0.8910
vn -0.0000 0.7071 0.7071
vn -0.0000 0.8910 0.4540
vn -0.0000 0.9877 0.1564
vn -0.0000 0.9877 -0.1564
vn -0.0000 0.8910 -0.4540
vn -0.0000 0.7071 -0.7071
vn -0.0000 0.4540 -0.8910
vt 1.000000 0.714286
vt 0.950000 0.714286
vt 0.950000 0.500000
vt 0.997074 0.500000
vt 0.750000 0.489313
vt 0.823952 0.477600
vt 0.794524 0.387030
vt 0.750000 0.394082
vt 0.950000 0.785714
vt 1.000000 0.785714
vt 0.997074 1.000000
vt 0.950000 1.000000
vt 0.323952 0.477600
vt 0.250000 0.489313
vt 0.250000 0.394082
vt 0.294524 0.387030
vt 0.900000 0.714286
vt 0.900000 0.500000
vt 0.890664 0.443608
vt 0.834690 0.366565
vt 0.900000 0.785714
vt 0.900000 1.000000
vt 0.390664 0.443608
vt 0.334689 0.366565
vt 0.850000 0.714286
vt 0.850000 0.500000
vt 0.943608 0.390664
vt 0.866565 0.334689
vt 0.850000 0.785714
vt 0.850000 1.000000
vt 0.443608 0.390664
vt 0.366565 0.334689
vt 0.800000 0.714286
vt 0.800000 0.500000
vt 0.977600 0.323952
vt 0.887030 0.294524
vt 0.800000 0.785714
vt 0.800000 1.000000
vt 0.477600 0.323952
vt 0.387030 0.294524
vt 0.750000 0.714286
vt 0.750000 0.500000
vt 0.989312 0.250000
vt 0.894082 0.250000
vt 0.750000 0.785714
vt 0.750000 1.000000
vt 0.489313 0.250000
vt 0.394082 0.250000
vt 0.700000 0.714286
vt 0.700000 0.500000
vt 0.977600 0.176048
vt 0.887030 0.205476
vt 0.700000 0.785714
vt 0.700000 1.000000
vt 0.477600 0.176048
vt 0.387030 0.205476
vt 0.650000 0.714286
vt 0.650000 0.500000
vt 0.943608 0.109336
vt 0.866565 0.165311
vt 0.650000 0.785714
vt 0.650000 1.000000
vt 0.443608 0.109336
vt 0.366565 0.165311
vt 0.600000 0.714286
vt 0.600000 0.500000
vt 0.890664 0.056392
vt 0.834689 0.133435
vt 0.600000 0.785714
vt 0.600000 1.000000
vt 0.390664 0.056392
vt 0.334689 0.133435
vt 0.550000 0.714286
vt 0.550000 0.500000
vt 0.823952 0.022400
vt 0.794524 0.112970
vt 0.550000 0.785714
vt 0.550000 1.000000
vt 0.323952 0.022400
vt 0.294524 0.112970
vt 0.500000 0.714286
vt 0.500000 0.500000
vt 0.750000 0.010688
vt 0.750000 0.105918
vt 0.500000 0.785714
vt 0.500000 1.000000
vt 0.250000 0.010688
vt 0.250000 0.105918
vt 0.450000 0.714286
vt 0.450000 0.500000
vt 0.676048 0.022400
vt 0.705476 0.112970
vt 0.450000 0.785714
vt 0.450000 1.000000
vt 0.176048 0.022400
vt 0.205476 0.112970
vt 0.400000 0.714286
vt 0.400000 0.500000
vt 0.609336 0.056392
vt 0.665311 0.133435
vt 0.400000 0.785714
vt 0.400000 1.000000
vt 0.109336 0.056392
vt 0.165311 0.133435
vt 0.350000 0.714286
vt 0.350000 0.500000
vt 0.556392 0.109336
vt 0.633435 0.165311
vt 0.350000 0.785714
vt 0.350000 1.000000
vt 0.056392 0.109336
vt 0.133435 0.165311
vt 0.300000 0.714286
vt 0.300000 0.500000
vt 0.522400 0.176048
vt 0.612970 0.205476
vt 0.300000 0.785714
vt 0.300000 1.000000
vt 0.022400 0.176048
vt 0.112970 0.205476
vt 0.250000 0.714286
vt 0.250000 0.500000
vt 0.510687 0.250000
vt 0.605918 0.250000
vt 0.250000 0.785714
vt 0.250000 1.000000
vt 0.010688 0.250000
vt 0.105918 0.250000
vt 0.200000 0.714286
vt 0.200000 0.500000
vt 0.522400 0.323952
vt 0.612970 0.294524
vt 0.200000 0.785714
vt 0.200000 1.000000
vt 0.022400 0.323952
vt 0.112970 0.294524
vt 0.150000 0.714286
vt 0.150000 0.500000
vt 0.556392 0.390664
vt 0.633435 0.334689
vt 0.150000 0.785714
vt 0.150000 1.000000
vt 0.056392 0.390664
vt 0.133435 0.334689
vt 0.100000 0.714286
vt 0.100000 0.500000
vt 0.609336 0.443608
vt 0.665311 0.366565
vt 0.100000 0.785714
vt 0.100000 1.000000
vt 0.109336 0.443608
vt 0.165311 0.366565
vt 0.050000 0.714286
vt 0.050000 0.500000
vt 0.676048 0.477600
vt 0.705476 0.387030
vt 0.050000 0.785714
vt 0.050000 1.000000
vt 0.176048 0.477600
vt 0.205476 0.387030
vt -0.000000 0.714286
vt 0.002926 0.500000
vt -0.000000 0.785714
vt 0.002926 1.000000
s 0
usemtl MAT_Polymer
f 2870/3515/2829 2876/3516/2829 2877/3517/2829 2871/3518/2829
f 2871/3519/2830 2877/3520/2830 2875/3521/2830 2869/3522/2830
f 2879/3523/2831 2873/3524/2831 2874/3525/2831 2880/3526/2831
f 2880/3527/2832 2874/3528/2832 2872/3529/2832 2878/3530/2832
f 2876/3516/2833 2882/3531/2833 2883/3532/2833 2877/3517/2833
f 2877/3520/2834 2883/3533/2834 2881/3534/2834 2875/3521/2834
f 2885/3535/2835 2879/3523/2835 2880/3526/2835 2886/3536/2835
f 2886/3537/2836 2880/3527/2836 2878/3530/2836 2884/3538/2836
f 2882/3531/2837 2888/3539/2837 2889/3540/2837 2883/3532/2837
f 2883/3533/2838 2889/3541/2838 2887/3542/2838 2881/3534/2838
f 2891/3543/2839 2885/3535/2839 2886/3536/2839 2892/3544/2839
f 2892/3545/2840 2886/3537/2840 2884/3538/2840 2890/3546/2840
f 2888/3539/2841 2894/3547/2841 2895/3548/2841 2889/3540/2841
f 2889/3541/2842 2895/3549/2842 2893/3550/2842 2887/3542/2842
f 2897/3551/2843 2891/3543/2843 2892/3544/2843 2898/3552/2843
f 2898/3553/2844 2892/3545/2844 2890/3546/2844 2896/3554/2844
f 2894/3547/2845 2900/3555/2845 2901/3556/2845 2895/3548/2845
f 2895/3549/2846 2901/3557/2846 2899/3558/2846 2893/3550/2846
f 2903/3559/2847 2897/3551/2847 2898/3552/2847 2904/3560/2847
f 2904/3561/2848 2898/3553/2848 2896/3554/2848 2902/3562/2848
f 2900/3555/2849 2906/3563/2849 2907/3564/2849 2901/3556/2849
f 2901/3557/2850 2907/3565/2850 2905/3566/2850 2899/3558/2850
f 2909/3567/2851 2903/3559/2851 2904/3560/2851 2910/3568/2851
f 2910/3569/2852 2904/3561/2852 2902/3562/2852 2908/3570/2852
f 2906/3563/2853 2912/3571/2853 2913/3572/2853 2907/3564/2853
f 2907/3565/2854 2913/3573/2854 2911/3574/2854 2905/3566/2854
f 2915/3575/2855 2909/3567/2855 2910/3568/2855 2916/3576/2855
f 2916/3577/2856 2910/3569/2856 2908/3570/2856 2914/3578/2856
f 2912/3571/2857 2918/3579/2857 2919/3580/2857 2913/3572/2857
f 2913/3573/2858 2919/3581/2858 2917/3582/2858 2911/3574/2858
f 2921/3583/2859 2915/3575/2859 2916/3576/2859 2922/3584/2859
f 2922/3585/2860 2916/3577/2860 2914/3578/2860 2920/3586/2860
f 2918/3579/2861 2924/3587/2861 2925/3588/2861 2919/3580/2861
f 2919/3581/2862 2925/3589/2862 2923/3590/2862 2917/3582/2862
f 2927/3591/2863 2921/3583/2863 2922/3584/2863 2928/3592/2863
f 2928/3593/2864 2922/3585/2864 2920/3586/2864 2926/3594/2864
f 2924/3587/2865 2930/3595/2865 2931/3596/2865 2925/3588/2865
f 2925/3589/2866 2931/3597/2866 2929/3598/2866 2923/3590/2866
f 2933/3599/2867 2927/3591/2867 2928/3592/2867 2934/3600/2867
f 2934/3601/2868 2928/3593/2868 2926/3594/2868 2932/3602/2868
f 2930/3595/2869 2936/3603/2869 2937/3604/2869 2931/3596/2869
f 2931/3597/2870 2937/3605/2870 2935/3606/2870 2929/3598/2870
f 2939/3607/2871 2933/3599/2871 2934/3600/2871 2940/3608/2871
f 2940/3609/2872 2934/3601/2872 2932/3602/2872 2938/3610/2872
f 2936/3603/2873 2942/3611/2873 2943/3612/2873 2937/3604/2873
f 2937/3605/2874 2943/3613/2874 2941/3614/2874 2935/3606/2874
f 2945/3615/2875 2939/3607/2875 2940/3608/2875 2946/3616/2875
f 2946/3617/2876 2940/3609/2876 2938/3610/2876 2944/3618/2876
f 2942/3611/2877 2948/3619/2877 2949/3620/2877 2943/3612/2877
f 2943/3613/2878 2949/3621/2878 2947/3622/2878 2941/3614/2878
f 2951/3623/2879 2945/3615/2879 2946/3616/2879 2952/3624/2879
f 2952/3625/2880 2946/3617/2880 2944/3618/2880 2950/3626/2880
f 2948/3619/2881 2954/3627/2881 2955/3628/2881 2949/3620/2881
f 2949/3621/2882 2955/3629/2882 2953/3630/2882 2947/3622/2882
f 2957/3631/2883 2951/3623/2883 2952/3624/2883 2958/3632/2883
f 2958/3633/2884 2952/3625/2884 2950/3626/2884 2956/3634/2884
f 2954/3627/2885 2960/3635/2885 2961/3636/2885 2955/3628/2885
f 2955/3629/2886 2961/3637/2886 2959/3638/2886 2953/3630/2886
f 2963/3639/2887 2957/3631/2887 2958/3632/2887 2964/3640/2887
f 2964/3641/2888 2958/3633/2888 2956/3634/2888 2962/3642/2888
f 2960/3635/2889 2966/3643/2889 2967/3644/2889 2961/3636/2889
f 2961/3637/2890 2967/3645/2890 2965/3646/2890 2959/3638/2890
f 2969/3647/2891 2963/3639/2891 2964/3640/2891 2970/3648/2891
f 2970/3649/2892 2964/3641/2892 2962/3642/2892 2968/3650/2892
f 2966/3643/2893 2972/3651/2893 2973/3652/2893 2967/3644/2893
f 2967/3645/2894 2973/3653/2894 2971/3654/2894 2965/3646/2894
f 2975/3655/2895 2969/3647/2895 2970/3648/2895 2976/3656/2895
f 2976/3657/2896 2970/3649/2896 2968/3650/2896 2974/3658/2896
f 2972/3651/2897 2978/3659/2897 2979/3660/2897 2973/3652/2897
f 2973/3653/2898 2979/3661/2898 2977/3662/2898 2971/3654/2898
f 2981/3663/2899 2975/3655/2899 2976/3656/2899 2982/3664/2899
f 2982/3665/2900 2976/3657/2900 2974/3658/2900 2980/3666/2900
f 2978/3659/2901 2984/3667/2901 2985/3668/2901 2979/3660/2901
f 2979/3661/2902 2985/3669/2902 2983/3670/2902 2977/3662/2902
f 2987/3671/2903 2981/3663/2903 2982/3664/2903 2988/3672/2903
f 2988/3673/2904 2982/3665/2904 2980/3666/2904 2986/3674/2904
f 2984/3667/2905 2870/3675/2905 2871/3676/2905 2985/3668/2905
f 2985/3669/2906 2871/3519/2906 2869/3522/2906 2983/3670/2906
f 2873/3677/2907 2987/3671/2907 2988/3672/2907 2874/3678/2907
f 2874/3528/2908 2988/3673/2908 2986/3674/2908 2872/3529/2908
f 2869/3522/2909 2875/3521/2909 2881/3534/2909 2887/3542/2909 2893/3550/2909 2899/3558/2909 2905/3566/2909 2911/3574/2909 2917/3582/2909 2923/3590/2909 2929/3598/2909 2935/3606/2909 2941/3614/2909 2947/3622/2909 2953/3630/2909 2959/3638/2909 2965/3646/2909 2971/3654/2909 2977/3662/2909 2983/3670/2909
f 2870/3515/2910 2873/3524/2910 2879/3523/2910 2876/3516/2910
f 2984/3667/2911 2987/3671/2911 2873/3677/2911 2870/3675/2911
f 2878/3530/2912 2872/3529/2912 2986/3674/2912 2980/3666/2912 2974/3658/2912 2968/3650/2912 2962/3642/2912 2956/3634/2912 2950/3626/2912 2944/3618/2912 2938/3610/2912 2932/3602/2912 2926/3594/2912 2920/3586/2912 2914/3578/2912 2908/3570/2912 2902/3562/2912 2896/3554/2912 2890/3546/2912 2884/3538/2912
f 2876/3516/2913 2879/3523/2913 2885/3535/2913 2882/3531/2913
f 2882/3531/2914 2885/3535/2914 2891/3543/2914 2888/3539/2914
f 2888/3539/2915 2891/3543/2915 2897/3551/2915 2894/3547/2915
f 2894/3547/2916 2897/3551/2916 2903/3559/2916 2900/3555/2916
f 2900/3555/2917 2903/3559/2917 2909/3567/2917 2906/3563/2917
f 2906/3563/2918 2909/3567/2918 2915/3575/2918 2912/3571/2918
f 2912/3571/2919 2915/3575/2919 2921/3583/2919 2918/3579/2919
f 2918/3579/2920 2921/3583/2920 2927/3591/2920 2924/3587/2920
f 2924/3587/2921 2927/3591/2921 2933/3599/2921 2930/3595/2921
f 2930/3595/2922 2933/3599/2922 2939/3607/2922 2936/3603/2922
f 2936/3603/2923 2939/3607/2923 2945/3615/2923 2942/3611/2923
f 2942/3611/2924 2945/3615/2924 2951/3623/2924 2948/3619/2924
f 2948/3619/2925 2951/3623/2925 2957/3631/2925 2954/3627/2925
f 2954/3627/2926 2957/3631/2926 2963/3639/2926 2960/3635/2926
f 2960/3635/2927 2963/3639/2927 2969/3647/2927 2966/3643/2927
f 2966/3643/2928 2969/3647/2928 2975/3655/2928 2972/3651/2928
f 2972/3651/2929 2975/3655/2929 2981/3663/2929 2978/3659/2929
f 2978/3659/2930 2981/3663/2930 2987/3671/2930 2984/3667/2930
o female_TeamTape
v 0.550000 0.772000 0.179000
v 0.550000 0.777000 0.184000
v 0.545000 0.777000 0.179000
v 0.550000 0.773465 0.182536
v 0.547113 0.774113 0.181887
v 0.546464 0.777000 0.182536
v 0.546464 0.773465 0.179000
v 0.550000 0.803000 0.184000
v 0.550000 0.808000 0.179000
v 0.545000 0.803000 0.179000
v 0.550000 0.806536 0.182536
v 0.547113 0.805887 0.181887
v 0.546464 0.806536 0.179000
v 0.546464 0.803000 0.182536
v 0.550000 0.772000 0.165000
v 0.545000 0.777000 0.165000
v 0.550000 0.777000 0.160000
v 0.546464 0.773465 0.165000
v 0.547113 0.774113 0.162113
v 0.546464 0.777000 0.161464
v 0.550000 0.773465 0.161464
v 0.550000 0.808000 0.165000
v 0.550000 0.803000 0.160000
v 0.545000 0.803000 0.165000
v 0.550000 0.806536 0.161464
v 0.547113 0.805887 0.162113
v 0.546464 0.803000 0.161464
v 0.546464 0.806536 0.165000
v 0.750000 0.772000 0.179000
v 0.755000 0.777000 0.179000
v 0.750000 0.777000 0.184000
v 0.753536 0.773465 0.179000
v 0.752887 0.774113 0.181887
v 0.753536 0.777000 0.182536
v 0.750000 0.773465 0.182536
v 0.750000 0.808000 0.179000
v 0.750000 0.803000 0.184000
v 0.755000 0.803000 0.179000
v 0.750000 0.806536 0.182536
v 0.752887 0.805887 0.181887
v 0.753536 0.803000 0.182536
v 0.753536 0.806536 0.179000
v 0.750000 0.772000 0.165000
v 0.750000 0.777000 0.160000
v 0.755000 0.777000 0.165000
v 0.750000 0.773465 0.161464
v 0.752887 0.774113 0.162113
v 0.753536 0.777000 0.161464
v 0.753536 0.773465 0.165000
v 0.750000 0.808000 0.165000
v 0.755000 0.803000 0.165000
v 0.750000 0.803000 0.160000
v 0.753536 0.806536 0.165000
v 0.752887 0.805887 0.162113
v 0.753536 0.803000 0.161464
v 0.750000 0.806536 0.161464
vn -0.3251 -0.8881 0.3251
vn -0.3251 -0.3251 0.8881
vn -0.8881 -0.3251 0.3251
vn -0.3251 0.3251 0.8881
vn -0.3251 0.8881 0.3251
vn -0.8881 0.3251 0.3251
vn -0.3251 -0.8881 -0.3251
vn -0.8881 -0.3251 -0.3251
vn -0.3251 -0.3251 -0.8881
vn -0.3251 0.8881 -0.3251
vn -0.3251 0.3251 -0.8881
vn -0.8881 0.3251 -0.3251
vn 0.3251 -0.8881 0.3251
vn 0.8881 -0.3251 0.3251
vn 0.3251 -0.3251 0.8881
vn 0.3251 0.8881 0.3251
vn 0.3251 0.3251 0.8881
vn 0.8881 0.3251 0.3251
vn 0.3251 -0.8881 -0.3251
vn 0.3251 -0.3251 -0.8881
vn 0.8881 -0.3251 -0.3251
vn 0.3251 0.8881 -0.3251
vn 0.8881 0.3251 -0.3251
vn 0.3251 0.3251 -0.8881
vn -0.3827 -0.9239 -0.0000
vn -0.9239 -0.3827 -0.0000
vn -0.3827 -0.0000 0.9239
vn -0.9239 -0.0000 0.3827
vn -0.3827 0.9239 -0.0000
vn -0.9239 0.3827 -0.0000
vn -0.3827 -0.0000 -0.9239
vn -0.9239 -0.0000 -0.3827
vn -0.0000 -0.9239 -0.3827
vn -0.0000 -0.3827 -0.9239
vn -0.0000 0.9239 -0.3827
vn -0.0000 0.3827 -0.9239
vn 0.9239 -0.0000 -0.3827
vn 0.3827 -0.0000 -0.9239
vn 0.3827 -0.9239 -0.0000
vn 0.9239 -0.3827 -0.0000
vn 0.3827 0.9239 -0.0000
vn 0.9239 0.3827 -0.0000
vn 0.3827 -0.0000 0.9239
vn 0.9239 -0.0000 0.3827
vn -0.0000 -0.9239 0.3827
vn -0.0000 -0.3827 0.9239
vn -0.0000 0.9239 0.3827
vn -0.0000 0.3827 0.9239
vn -0.0000 -1.0000 -0.0000
vn -1.0000 -0.0000 -0.0000
vn -0.0000 -0.0000 1.0000
vn -0.0000 1.0000 -0.0000
vn -0.0000 -0.0000 -1.0000
vn 1.0000 -0.0000 -0.0000
vt 0.130952 0.697917
vt 0.130952 0.750000
vt 0.127516 0.750000
vt 0.125000 0.697917
vt 0.409722 0.994048
vt 0.409722 1.000000
vt 0.389675 1.000000
vt 0.375000 0.994048
vt 0.409722 0.052083
vt 0.375000 0.052083
vt 0.375000 0.022013
vt 0.409722 0.000000
vt 0.590278 0.994048
vt 0.625000 0.994048
vt 0.625000 0.997484
vt 0.590278 1.000000
vt 0.869048 0.697917
vt 0.875000 0.697917
vt 0.875000 0.727987
vt 0.869048 0.750000
vt 0.590278 0.052083
vt 0.590278 0.000000
vt 0.610325 0.000000
vt 0.625000 0.052083
vt 0.130952 0.552083
vt 0.125000 0.552083
vt 0.125000 0.522013
vt 0.130952 0.500000
vt 0.409722 0.197917
vt 0.409722 0.250000
vt 0.382338 0.251258
vt 0.375000 0.197917
vt 0.409722 0.255952
vt 0.375000 0.255952
vt 0.869048 0.552083
vt 0.869048 0.500000
vt 0.872484 0.500000
vt 0.875000 0.552083
vt 0.590278 0.255952
vt 0.590278 0.250000
vt 0.617662 0.238993
vt 0.625000 0.255952
vt 0.590278 0.197917
vt 0.625000 0.197917
vt 0.369048 0.697917
vt 0.375000 0.697917
vt 0.379892 0.743501
vt 0.372024 0.752976
vt 0.409722 0.697917
vt 0.409722 0.750000
vt 0.409722 0.755952
vt 0.630952 0.697917
vt 0.627976 0.752976
vt 0.620947 0.742662
vt 0.625000 0.697917
vt 0.590278 0.755952
vt 0.590278 0.750000
vt 0.590278 0.697917
vt 0.369048 0.552083
vt 0.372024 0.497024
vt 0.379053 0.507338
vt 0.375000 0.552083
vt 0.409722 0.494048
vt 0.409722 0.500000
vt 0.409722 0.552083
vt 0.630952 0.552083
vt 0.625000 0.552083
vt 0.620108 0.506499
vt 0.627976 0.497024
vt 0.590278 0.552083
vt 0.590278 0.500000
vt 0.590278 0.494048
s 0
usemtl MAT_TeamTape
f 2989/3679/2931 2992/3680/2931 2993/3681/2931 2995/3682/2931
f 2990/3683/2932 2994/3684/2932 2993/3685/2932 2992/3686/2932
f 2991/3687/2933 2995/3688/2933 2993/3689/2933 2994/3690/2933
f 2996/3691/2934 2999/3692/2934 3000/3693/2934 3002/3694/2934
f 2997/3695/2935 3001/3696/2935 3000/3697/2935 2999/3698/2935
f 2998/3699/2936 3002/3700/2936 3000/3701/2936 3001/3702/2936
f 3003/3703/2937 3006/3704/2937 3007/3705/2937 3009/3706/2937
f 3004/3707/2938 3008/3708/2938 3007/3709/2938 3006/3710/2938
f 3005/3711/2939 3009/3712/2939 3007/3709/2939 3008/3708/2939
f 3010/3713/2940 3013/3714/2940 3014/3715/2940 3016/3716/2940
f 3011/3717/2941 3015/3718/2941 3014/3719/2941 3013/3720/2941
f 3012/3721/2942 3016/3722/2942 3014/3719/2942 3015/3718/2942
f 3017/3723/2943 3020/3724/2943 3021/3725/2943 3023/3726/2943
f 3018/3727/2944 3022/3728/2944 3021/3725/2944 3020/3724/2944
f 3019/3729/2945 3023/3726/2945 3021/3725/2945 3022/3728/2945
f 3024/3730/2946 3027/3731/2946 3028/3732/2946 3030/3733/2946
f 3025/3734/2947 3029/3735/2947 3028/3732/2947 3027/3731/2947
f 3026/3736/2948 3030/3733/2948 3028/3732/2948 3029/3735/2948
f 3031/3737/2949 3034/3738/2949 3035/3739/2949 3037/3740/2949
f 3032/3741/2950 3036/3742/2950 3035/3739/2950 3034/3738/2950
f 3033/3743/2951 3037/3740/2951 3035/3739/2951 3036/3742/2951
f 3038/3744/2952 3041/3745/2952 3042/3746/2952 3044/3747/2952
f 3039/3748/2953 3043/3749/2953 3042/3746/2953 3041/3745/2953
f 3040/3750/2954 3044/3747/2954 3042/3746/2954 3043/3749/2954
f 3003/3703/2955 2989/3679/2955 2995/3682/2955 3006/3704/2955
f 3006/3710/2956 2995/3688/2956 2991/3687/2956 3004/3707/2956
f 2990/3683/2957 2996/3691/2957 3002/3694/2957 2994/3684/2957
f 2994/3690/2958 3002/3700/2958 2998/3699/2958 2991/3687/2958
f 2997/3695/2959 3010/3713/2959 3016/3716/2959 3001/3696/2959
f 3001/3702/2960 3016/3722/2960 3012/3721/2960 2998/3699/2960
f 3011/3717/2961 3005/3711/2961 3008/3708/2961 3015/3718/2961
f 3015/3718/2962 3008/3708/2962 3004/3707/2962 3012/3721/2962
f 3031/3737/2963 3003/3703/2963 3009/3706/2963 3034/3738/2963
f 3034/3738/2964 3009/3712/2964 3005/3711/2964 3032/3741/2964
f 3010/3713/2965 3038/3744/2965 3044/3747/2965 3013/3714/2965
f 3013/3720/2966 3044/3747/2966 3040/3750/2966 3011/3717/2966
f 3039/3748/2967 3033/3743/2967 3036/3742/2967 3043/3749/2967
f 3043/3749/2968 3036/3742/2968 3032/3741/2968 3040/3750/2968
f 3017/3723/2969 3031/3737/2969 3037/3740/2969 3020/3724/2969
f 3020/3724/2970 3037/3740/2970 3033/3743/2970 3018/3727/2970
f 3038/3744/2971 3024/3730/2971 3030/3733/2971 3041/3745/2971
f 3041/3745/2972 3030/3733/2972 3026/3736/2972 3039/3748/2972
f 3025/3734/2973 3019/3729/2973 3022/3728/2973 3029/3735/2973
f 3029/3735/2974 3022/3728/2974 3018/3727/2974 3026/3736/2974
f 2989/3679/2975 3017/3723/2975 3023/3726/2975 2992/3680/2975
f 2992/3686/2976 3023/3726/2976 3019/3729/2976 2990/3683/2976
f 3024/3730/2977 2997/3695/2977 2999/3698/2977 3027/3731/2977
f 3027/3731/2978 2999/3692/2978 2996/3691/2978 3025/3734/2978
f 3003/3703/2979 3031/3737/2979 3017/3723/2979 2989/3679/2979
f 2991/3687/2980 2998/3699/2980 3012/3721/2980 3004/3707/2980
f 3019/3729/2981 3025/3734/2981 2996/3691/2981 2990/3683/2981
f 3038/3744/2982 3010/3713/2982 2997/3695/2982 3024/3730/2982
f 3005/3711/2983 3011/3717/2983 3040/3750/2983 3032/3741/2983
f 3033/3743/2984 3039/3748/2984 3026/3736/2984 3018/3727/2984
o WPN_AR_Receiver
v -0.932000 1.110000 0.447000
v -0.932000 1.128000 0.465000
v -0.950000 1.128000 0.447000
v -0.932000 1.115272 0.459728
v -0.942392 1.117608 0.457392
v -0.944728 1.128000 0.459728
v -0.944728 1.115272 0.447000
v -0.932000 1.232000 0.465000
v -0.932000 1.250000 0.447000
v -0.950000 1.232000 0.447000
v -0.932000 1.244728 0.459728
v -0.942392 1.242392 0.457392
v -0.944728 1.244728 0.447000
v -0.944728 1.232000 0.459728
v -0.932000 1.110000 0.393000
v -0.950000 1.128000 0.393000
v -0.932000 1.128000 0.375000
v -0.944728 1.115272 0.393000
v -0.942392 1.117608 0.382608
v -0.944728 1.128000 0.380272
v -0.932000 1.115272 0.380272
v -0.932000 1.250000 0.393000
v -0.932000 1.232000 0.375000
v -0.950000 1.232000 0.393000
v -0.932000 1.244728 0.380272
v -0.942392 1.242392 0.382608
v -0.944728 1.232000 0.380272
v -0.944728 1.244728 0.393000
v -0.368000 1.110000 0.447000
v -0.350000 1.128000 0.447000
v -0.368000 1.128000 0.465000
v -0.355272 1.115272 0.447000
v -0.357608 1.117608 0.457392
v -0.355272 1.128000 0.459728
v -0.368000 1.115272 0.459728
v -0.368000 1.250000 0.447000
v -0.368000 1.232000 0.465000
v -0.350000 1.232000 0.447000
v -0.368000 1.244728 0.459728
v -0.357608 1.242392 0.457392
v -0.355272 1.232000 0.459728
v -0.355272 1.244728 0.447000
v -0.368000 1.110000 0.393000
v -0.368000 1.128000 0.375000
v -0.350000 1.128000 0.393000
v -0.368000 1.115272 0.380272
v -0.357608 1.117608 0.382608
v -0.355272 1.128000 0.380272
v -0.355272 1.115272 0.393000
v -0.368000 1.250000 0.393000
v -0.350000 1.232000 0.393000
v -0.368000 1.232000 0.375000
v -0.355272 1.244728 0.393000
v -0.357608 1.242392 0.382608
v -0.355272 1.232000 0.380272
v -0.368000 1.244728 0.380272
vn -0.3251 -0.8881 0.3251
vn -0.3251 -0.3251 0.8881
vn -0.8881 -0.3251 0.3251
vn -0.3251 0.3251 0.8881
vn -0.3251 0.8881 0.3251
vn -0.8881 0.3251 0.3251
vn -0.3251 -0.8881 -0.3251
vn -0.8881 -0.3251 -0.3251
vn -0.3251 -0.3251 -0.8881
vn -0.3251 0.8881 -0.3251
vn -0.3251 0.3251 -0.8881
vn -0.8881 0.3251 -0.3251
vn 0.3251 -0.8881 0.3251
vn 0.8881 -0.3251 0.3251
vn 0.3251 -0.3251 0.8881
vn 0.3251 0.8881 0.3251
vn 0.3251 0.3251 0.8881
vn 0.8881 0.3251 0.3251
vn 0.3251 -0.8881 -0.3251
vn 0.3251 -0.3251 -0.8881
vn 0.8881 -0.3251 -0.3251
vn 0.3251 0.8881 -0.3251
vn 0.8881 0.3251 -0.3251
vn 0.3251 0.3251 -0.8881
vn -0.3827 -0.9239 -0.0000
vn -0.9239 -0.3827 -0.0000
vn -0.3827 -0.0000 0.9239
vn -0.9239 -0.0000 0.3827
vn -0.3827 0.9239 -0.0000
vn -0.9239 0.3827 -0.0000
vn -0.3827 -0.0000 -0.9239
vn -0.9239 -0.0000 -0.3827
vn -0.0000 -0.9239 -0.3827
vn -0.0000 -0.3827 -0.9239
vn -0.0000 0.9239 -0.3827
vn -0.0000 0.3827 -0.9239
vn 0.9239 -0.0000 -0.3827
vn 0.3827 -0.0000 -0.9239
vn 0.3827 -0.9239 -0.0000
vn 0.9239 -0.3827 -0.0000
vn 0.3827 0.9239 -0.0000
vn 0.9239 0.3827 -0.0000
vn 0.3827 -0.0000 0.9239
vn 0.9239 -0.0000 0.3827
vn -0.0000 -0.9239 0.3827
vn -0.0000 -0.3827 0.9239
vn -0.0000 0.9239 0.3827
vn -0.0000 0.3827 0.9239
vn -0.0000 -1.0000 -0.0000
vn -1.0000 -0.0000 -0.0000
vn -0.0000 -0.0000 1.0000
vn -0.0000 1.0000 -0.0000
vn -0.0000 -0.0000 -1.0000
vn 1.0000 -0.0000 -0.0000
vt 0.132500 0.700000
vt 0.132500 0.750000
vt 0.128170 0.750000
vt 0.125000 0.700000
vt 0.407143 0.992500
vt 0.407143 1.000000
vt 0.388585 1.000000
vt 0.375000 0.992500
vt 0.407143 0.050000
vt 0.375000 0.050000
vt 0.375000 0.021132
vt 0.407143 0.000000
vt 0.592857 0.992500
vt 0.625000 0.992500
vt 0.625000 0.996830
vt 0.592857 1.000000
vt 0.867500 0.700000
vt 0.875000 0.700000
vt 0.875000 0.728868
vt 0.867500 0.750000
vt 0.592857 0.050000
vt 0.592857 0.000000
vt 0.611415 0.000000
vt 0.625000 0.050000
vt 0.132500 0.550000
vt 0.125000 0.550000
vt 0.125000 0.521132
vt 0.132500 0.500000
vt 0.407143 0.200000
vt 0.407143 0.250000
vt 0.381793 0.251585
vt 0.375000 0.200000
vt 0.407143 0.257500
vt 0.375000 0.257500
vt 0.867500 0.550000
vt 0.867500 0.500000
vt 0.871830 0.500000
vt 0.875000 0.550000
vt 0.592857 0.257500
vt 0.592857 0.250000
vt 0.618207 0.239434
vt 0.625000 0.257500
vt 0.592857 0.200000
vt 0.625000 0.200000
vt 0.367500 0.700000
vt 0.375000 0.700000
vt 0.379528 0.744013
vt 0.371250 0.753750
vt 0.407143 0.700000
vt 0.407143 0.750000
vt 0.407143 0.757500
vt 0.632500 0.700000
vt 0.628750 0.753750
vt 0.621528 0.742956
vt 0.625000 0.700000
vt 0.592857 0.757500
vt 0.592857 0.750000
vt 0.592857 0.700000
vt 0.367500 0.550000
vt 0.371250 0.496250
vt 0.378472 0.507044
vt 0.375000 0.550000
vt 0.407143 0.492500
vt 0.407143 0.500000
vt 0.407143 0.550000
vt 0.632500 0.550000
vt 0.625000 0.550000
vt 0.620472 0.505988
vt 0.628750 0.496250
vt 0.592857 0.550000
vt 0.592857 0.500000
vt 0.592857 0.492500
s 0
usemtl MAT_PaintedMetal
f 3045/3751/2985 3048/3752/2985 3049/3753/2985 3051/3754/2985
f 3046/3755/2986 3050/3756/2986 3049/3757/2986 3048/3758/2986
f 3047/3759/2987 3051/3760/2987 3049/3761/2987 3050/3762/2987
f 3052/3763/2988 3055/3764/2988 3056/3765/2988 3058/3766/2988
f 3053/3767/2989 3057/3768/2989 3056/3769/2989 3055/3770/2989
f 3054/3771/2990 3058/3772/2990 3056/3773/2990 3057/3774/2990
f 3059/3775/2991 3062/3776/2991 3063/3777/2991 3065/3778/2991
f 3060/3779/2992 3064/3780/2992 3063/3781/2992 3062/3782/2992
f 3061/3783/2993 3065/3784/2993 3063/3781/2993 3064/3780/2993
f 3066/3785/2994 3069/3786/2994 3070/3787/2994 3072/3788/2994
f 3067/3789/2995 3071/3790/2995 3070/3791/2995 3069/3792/2995
f 3068/3793/2996 3072/3794/2996 3070/3791/2996 3071/3790/2996
f 3073/3795/2997 3076/3796/2997 3077/3797/2997 3079/3798/2997
f 3074/3799/2998 3078/3800/2998 3077/3797/2998 3076/3796/2998
f 3075/3801/2999 3079/3798/2999 3077/3797/2999 3078/3800/2999
f 3080/3802/3000 3083/3803/3000 3084/3804/3000 3086/3805/3000
f 3081/3806/3001 3085/3807/3001 3084/3804/3001 3083/3803/3001
f 3082/3808/3002 3086/3805/3002 3084/3804/3002 3085/3807/3002
f 3087/3809/3003 3090/3810/3003 3091/3811/3003 3093/3812/3003
f 3088/3813/3004 3092/3814/3004 3091/3811/3004 3090/3810/3004
f 3089/3815/3005 3093/3812/3005 3091/3811/3005 3092/3814/3005
f 3094/3816/3006 3097/3817/3006 3098/3818/3006 3100/3819/3006
f 3095/3820/3007 3099/3821/3007 3098/3818/3007 3097/3817/3007
f 3096/3822/3008 3100/3819/3008 3098/3818/3008 3099/3821/3008
f 3059/3775/3009 3045/3751/3009 3051/3754/3009 3062/3776/3009
f 3062/3782/3010 3051/3760/3010 3047/3759/3010 3060/3779/3010
f 3046/3755/3011 3052/3763/3011 3058/3766/3011 3050/3756/3011
f 3050/3762/3012 3058/3772/3012 3054/3771/3012 3047/3759/3012
f 3053/3767/3013 3066/3785/3013 3072/3788/3013 3057/3768/3013
f 3057/3774/3014 3072/3794/3014 3068/3793/3014 3054/3771/3014
f 3067/3789/3015 3061/3783/3015 3064/3780/3015 3071/3790/3015
f 3071/3790/3016 3064/3780/3016 3060/3779/3016 3068/3793/3016
f 3087/3809/3017 3059/3775/3017 3065/3778/3017 3090/3810/3017
f 3090/3810/3018 3065/3784/3018 3061/3783/3018 3088/3813/3018
f 3066/3785/3019 3094/3816/3019 3100/3819/3019 3069/3786/3019
f 3069/3792/3020 3100/3819/3020 3096/3822/3020 3067/3789/3020
f 3095/3820/3021 3089/3815/3021 3092/3814/3021 3099/3821/3021
f 3099/3821/3022 3092/3814/3022 3088/3813/3022 3096/3822/3022
f 3073/3795/3023 3087/3809/3023 3093/3812/3023 3076/3796/3023
f 3076/3796/3024 3093/3812/3024 3089/3815/3024 3074/3799/3024
f 3094/3816/3025 3080/3802/3025 3086/3805/3025 3097/3817/3025
f 3097/3817/3026 3086/3805/3026 3082/3808/3026 3095/3820/3026
f 3081/3806/3027 3075/3801/3027 3078/3800/3027 3085/3807/3027
f 3085/3807/3028 3078/3800/3028 3074/3799/3028 3082/3808/3028
f 3045/3751/3029 3073/3795/3029 3079/3798/3029 3048/3752/3029
f 3048/3758/3030 3079/3798/3030 3075/3801/3030 3046/3755/3030
f 3080/3802/3031 3053/3767/3031 3055/3770/3031 3083/3803/3031
f 3083/3803/3032 3055/3764/3032 3052/3763/3032 3081/3806/3032
f 3059/3775/3033 3087/3809/3033 3073/3795/3033 3045/3751/3033
f 3047/3759/3034 3054/3771/3034 3068/3793/3034 3060/3779/3034
f 3075/3801/3035 3081/3806/3035 3052/3763/3035 3046/3755/3035
f 3094/3816/3036 3066/3785/3036 3053/3767/3036 3080/3802/3036
f 3061/3783/3037 3067/3789/3037 3096/3822/3037 3088/3813/3037
f 3089/3815/3038 3095/3820/3038 3082/3808/3038 3074/3799/3038
o WPN_AR_Handguard
v -0.445000 1.133000 0.442000
v -0.445000 1.148000 0.457000
v -0.460000 1.148000 0.442000
v -0.445000 1.137393 0.452607
v -0.453660 1.139340 0.450660
v -0.455607 1.148000 0.452607
v -0.455607 1.137393 0.442000
v -0.445000 1.222000 0.457000
v -0.445000 1.237000 0.442000
v -0.460000 1.222000 0.442000
v -0.445000 1.232607 0.452607
v -0.453660 1.230660 0.450660
v -0.455607 1.232607 0.442000
v -0.455607 1.222000 0.452607
v -0.445000 1.133000 0.398000
v -0.460000 1.148000 0.398000
v -0.445000 1.148000 0.383000
v -0.455607 1.137393 0.398000
v -0.453660 1.139340 0.389340
v -0.455607 1.148000 0.387393
v -0.445000 1.137393 0.387393
v -0.445000 1.237000 0.398000
v -0.445000 1.222000 0.383000
v -0.460000 1.222000 0.398000
v -0.445000 1.232607 0.387393
v -0.453660 1.230660 0.389340
v -0.455607 1.222000 0.387393
v -0.455607 1.232607 0.398000
v -0.135000 1.133000 0.442000
v -0.120000 1.148000 0.442000
v -0.135000 1.148000 0.457000
v -0.124393 1.137393 0.442000
v -0.126340 1.139340 0.450660
v -0.124393 1.148000 0.452607
v -0.135000 1.137393 0.452607
v -0.135000 1.237000 0.442000
v -0.135000 1.222000 0.457000
v -0.120000 1.222000 0.442000
v -0.135000 1.232607 0.452607
v -0.126340 1.230660 0.450660
v -0.124393 1.222000 0.452607
v -0.124393 1.232607 0.442000
v -0.135000 1.133000 0.398000
v -0.135000 1.148000 0.383000
v -0.120000 1.148000 0.398000
v -0.135000 1.137393 0.387393
v -0.126340 1.139340 0.389340
v -0.124393 1.148000 0.387393
v -0.124393 1.137393 0.398000
v -0.135000 1.237000 0.398000
v -0.120000 1.222000 0.398000
v -0.135000 1.222000 0.383000
v -0.124393 1.232607 0.398000
v -0.126340 1.230660 0.389340
v -0.124393 1.222000 0.387393
v -0.135000 1.232607 0.387393
vn -0.3251 -0.8881 0.3251
vn -0.3251 -0.3251 0.8881
vn -0.8881 -0.3251 0.3251
vn -0.3251 0.3251 0.8881
vn -0.3251 0.8881 0.3251
vn -0.8881 0.3251 0.3251
vn -0.3251 -0.8881 -0.3251
vn -0.8881 -0.3251 -0.3251
vn -0.3251 -0.3251 -0.8881
vn -0.3251 0.8881 -0.3251
vn -0.3251 0.3251 -0.8881
vn -0.8881 0.3251 -0.3251
vn 0.3251 -0.8881 0.3251
vn 0.8881 -0.3251 0.3251
vn 0.3251 -0.3251 0.8881
vn 0.3251 0.8881 0.3251
vn 0.3251 0.3251 0.8881
vn 0.8881 0.3251 0.3251
vn 0.3251 -0.8881 -0.3251
vn 0.3251 -0.3251 -0.8881
vn 0.8881 -0.3251 -0.3251
vn 0.3251 0.8881 -0.3251
vn 0.8881 0.3251 -0.3251
vn 0.3251 0.3251 -0.8881
vn -0.3827 -0.9239 -0.0000
vn -0.9239 -0.3827 -0.0000
vn -0.3827 -0.0000 0.9239
vn -0.9239 -0.0000 0.3827
vn -0.3827 0.9239 -0.0000
vn -0.9239 0.3827 -0.0000
vn -0.3827 -0.0000 -0.9239
vn -0.9239 -0.0000 -0.3827
vn -0.0000 -0.9239 -0.3827
vn -0.0000 -0.3827 -0.9239
vn -0.0000 0.9239 -0.3827
vn -0.0000 0.3827 -0.9239
vn 0.9239 -0.0000 -0.3827
vn 0.3827 -0.0000 -0.9239
vn 0.3827 -0.9239 -0.0000
vn 0.9239 -0.3827 -0.0000
vn 0.3827 0.9239 -0.0000
vn 0.9239 0.3827 -0.0000
vn 0.3827 -0.0000 0.9239
vn 0.9239 -0.0000 0.3827
vn -0.0000 -0.9239 0.3827
vn -0.0000 -0.3827 0.9239
vn -0.0000 0.9239 0.3827
vn -0.0000 0.3827 0.9239
vn -0.0000 -1.0000 -0.0000
vn -1.0000 -0.0000 -0.0000
vn -0.0000 -0.0000 1.0000
vn -0.0000 1.0000 -0.0000
vn -0.0000 -0.0000 -1.0000
vn 1.0000 -0.0000 -0.0000
vt 0.136029 0.699324
vt 0.136029 0.750000
vt 0.129662 0.750000
vt 0.125000 0.699324
vt 0.411058 0.988971
vt 0.411058 1.000000
vt 0.390240 1.000000
vt 0.375000 0.988971
vt 0.411058 0.050676
vt 0.375000 0.050676
vt 0.375000 0.021418
vt 0.411058 0.000000
vt 0.588942 0.988971
vt 0.625000 0.988971
vt 0.625000 0.995338
vt 0.588942 1.000000
vt 0.863971 0.699324
vt 0.875000 0.699324
vt 0.875000 0.728582
vt 0.863971 0.750000
vt 0.588942 0.050676
vt 0.588942 0.000000
vt 0.609760 0.000000
vt 0.625000 0.050676
vt 0.136029 0.550676
vt 0.125000 0.550676
vt 0.125000 0.521418
vt 0.136029 0.500000
vt 0.411058 0.199324
vt 0.411058 0.250000
vt 0.382620 0.252331
vt 0.375000 0.199324
vt 0.411058 0.261029
vt 0.375000 0.261029
vt 0.863971 0.550676
vt 0.863971 0.500000
vt 0.870338 0.500000
vt 0.875000 0.550676
vt 0.588942 0.261029
vt 0.588942 0.250000
vt 0.617380 0.239291
vt 0.625000 0.261029
vt 0.588942 0.199324
vt 0.625000 0.199324
vt 0.363971 0.699324
vt 0.375000 0.699324
vt 0.380080 0.744415
vt 0.369485 0.755515
vt 0.411058 0.699324
vt 0.411058 0.750000
vt 0.411058 0.761029
vt 0.636029 0.699324
vt 0.630515 0.755515
vt 0.621474 0.742861
vt 0.625000 0.699324
vt 0.588942 0.761029
vt 0.588942 0.750000
vt 0.588942 0.699324
vt 0.363971 0.550676
vt 0.369485 0.494485
vt 0.378526 0.507139
vt 0.375000 0.550676
vt 0.411058 0.488971
vt 0.411058 0.500000
vt 0.411058 0.550676
vt 0.636029 0.550676
vt 0.625000 0.550676
vt 0.619920 0.505586
vt 0.630515 0.494485
vt 0.588942 0.550676
vt 0.588942 0.500000
vt 0.588942 0.488971
s 0
usemtl MAT_Polymer
f 3101/3823/3039 3104/3824/3039 3105/3825/3039 3107/3826/3039
f 3102/3827/3040 3106/3828/3040 3105/3829/3040 3104/3830/3040
f 3103/3831/3041 3107/3832/3041 3105/3833/3041 3106/3834/3041
f 3108/3835/3042 3111/3836/3042 3112/3837/3042 3114/3838/3042
f 3109/3839/3043 3113/3840/3043 3112/3841/3043 3111/3842/3043
f 3110/3843/3044 3114/3844/3044 3112/3845/3044 3113/3846/3044
f 3115/3847/3045 3118/3848/3045 3119/3849/3045 3121/3850/3045
f 3116/3851/3046 3120/3852/3046 3119/3853/3046 3118/3854/3046
f 3117/3855/3047 3121/3856/3047 3119/3853/3047 3120/3852/3047
f 3122/3857/3048 3125/3858/3048 3126/3859/3048 3128/3860/3048
f 3123/3861/3049 3127/3862/3049 3126/3863/3049 3125/3864/3049
f 3124/3865/3050 3128/3866/3050 3126/3863/3050 3127/3862/3050
f 3129/3867/3051 3132/3868/3051 3133/3869/3051 3135/3870/3051
f 3130/3871/3052 3134/3872/3052 3133/3869/3052 3132/3868/3052
f 3131/3873/3053 3135/3870/3053 3133/3869/3053 3134/3872/3053
f 3136/3874/3054 3139/3875/3054 3140/3876/3054 3142/3877/3054
f 3137/3878/3055 3141/3879/3055 3140/3876/3055 3139/3875/3055
f 3138/3880/3056 3142/3877/3056 3140/3876/3056 3141/3879/3056
f 3143/3881/3057 3146/3882/3057 3147/3883/3057 3149/3884/3057
f 3144/3885/3058 3148/3886/3058 3147/3883/3058 3146/3882/3058
f 3145/3887/3059 3149/3884/3059 3147/3883/3059 3148/3886/3059
f 3150/3888/3060 3153/3889/3060 3154/3890/3060 3156/3891/3060
f 3151/3892/3061 3155/3893/3061 3154/3890/3061 3153/3889/3061
f 3152/3894/3062 3156/3891/3062 3154/3890/3062 3155/3893/3062
f 3115/3847/3063 3101/3823/3063 3107/3826/3063 3118/3848/3063
f 3118/3854/3064 3107/3832/3064 3103/3831/3064 3116/3851/3064
f 3102/3827/3065 3108/3835/3065 3114/3838/3065 3106/3828/3065
f 3106/3834/3066 3114/3844/3066 3110/3843/3066 3103/3831/3066
f 3109/3839/3067 3122/3857/3067 3128/3860/3067 3113/3840/3067
f 3113/3846/3068 3128/3866/3068 3124/3865/3068 3110/3843/3068
f 3123/3861/3069 3117/3855/3069 3120/3852/3069 3127/3862/3069
f 3127/3862/3070 3120/3852/3070 3116/3851/3070 3124/3865/3070
f 3143/3881/3071 3115/3847/3071 3121/3850/3071 3146/3882/3071
f 3146/3882/3072 3121/3856/3072 3117/3855/3072 3144/3885/3072
f 3122/3857/3073 3150/3888/3073 3156/3891/3073 3125/3858/3073
f 3125/3864/3074 3156/3891/3074 3152/3894/3074 3123/3861/3074
f 3151/3892/3075 3145/3887/3075 3148/3886/3075 3155/3893/3075
f 3155/3893/3076 3148/3886/3076 3144/3885/3076 3152/3894/3076
f 3129/3867/3077 3143/3881/3077 3149/3884/3077 3132/3868/3077
f 3132/3868/3078 3149/3884/3078 3145/3887/3078 3130/3871/3078
f 3150/3888/3079 3136/3874/3079 3142/3877/3079 3153/3889/3079
f 3153/3889/3080 3142/3877/3080 3138/3880/3080 3151/3892/3080
f 3137/3878/3081 3131/3873/3081 3134/3872/3081 3141/3879/3081
f 3141/3879/3082 3134/3872/3082 3130/3871/3082 3138/3880/3082
f 3101/3823/3083 3129/3867/3083 3135/3870/3083 3104/3824/3083
f 3104/3830/3084 3135/3870/3084 3131/3873/3084 3102/3827/3084
f 3136/3874/3085 3109/3839/3085 3111/3842/3085 3139/3875/3085
f 3139/3875/3086 3111/3836/3086 3108/3835/3086 3137/3878/3086
f 3115/3847/3087 3143/3881/3087 3129/3867/3087 3101/3823/3087
f 3103/3831/3088 3110/3843/3088 3124/3865/3088 3116/3851/3088
f 3131/3873/3089 3137/3878/3089 3108/3835/3089 3102/3827/3089
f 3150/3888/3090 3122/3857/3090 3109/3839/3090 3136/3874/3090
f 3117/3855/3091 3123/3861/3091 3152/3894/3091 3144/3885/3091
f 3145/3887/3092 3151/3892/3092 3138/3880/3092 3130/3871/3092
o WPN_AR_Barrel
v -0.155000 1.185000 0.417129
v -0.140000 1.185000 0.402000
v -0.150607 1.185000 0.406431
v 0.135000 1.185000 0.417129
v 0.120000 1.185000 0.402000
v 0.130607 1.185000 0.406431
v -0.155000 1.184257 0.417227
v -0.140000 1.180341 0.402613
v -0.150607 1.181488 0.406894
v 0.135000 1.184257 0.417227
v 0.120000 1.180341 0.402613
v 0.130607 1.181488 0.406894
v -0.155000 1.183565 0.417514
v -0.140000 1.176000 0.404412
v -0.150607 1.178216 0.408249
v 0.135000 1.183565 0.417514
v 0.120000 1.176000 0.404412
v 0.130607 1.178216 0.408249
v -0.155000 1.182970 0.417970
v -0.140000 1.172272 0.407272
v -0.150607 1.175405 0.410405
v 0.135000 1.182970 0.417970
v 0.120000 1.172272 0.407272
v 0.130607 1.175405 0.410405
v -0.155000 1.182514 0.418565
v -0.140000 1.169412 0.411000
v -0.150607 1.173249 0.413216
v 0.135000 1.182514 0.418565
v 0.120000 1.169411 0.411000
v 0.130607 1.173249 0.413216
v -0.155000 1.182227 0.419257
v -0.140000 1.167613 0.415341
v -0.150607 1.171894 0.416488
v 0.135000 1.182227 0.419257
v 0.120000 1.167613 0.415341
v 0.130607 1.171894 0.416488
v -0.155000 1.182129 0.420000
v -0.140000 1.167000 0.420000
v -0.150607 1.171431 0.420000
v 0.135000 1.182129 0.420000
v 0.120000 1.167000 0.420000
v 0.130607 1.171431 0.420000
v -0.155000 1.182227 0.420743
v -0.140000 1.167613 0.424659
v -0.150607 1.171894 0.423512
v 0.135000 1.182227 0.420743
v 0.120000 1.167613 0.424659
v 0.130607 1.171894 0.423512
v -0.155000 1.182514 0.421435
v -0.140000 1.169412 0.429000
v -0.150607 1.173249 0.426784
v 0.135000 1.182514 0.421435
v 0.120000 1.169411 0.429000
v 0.130607 1.173249 0.426784
v -0.155000 1.182970 0.422030
v -0.140000 1.172272 0.432728
v -0.150607 1.175405 0.429594
v 0.135000 1.182970 0.422030
v 0.120000 1.172272 0.432728
v 0.130607 1.175405 0.429594
v -0.155000 1.183565 0.422486
v -0.140000 1.176000 0.435588
v -0.150607 1.178216 0.431751
v 0.135000 1.183565 0.422486
v 0.120000 1.176000 0.435588
v 0.130607 1.178216 0.431751
v -0.155000 1.184257 0.422773
v -0.140000 1.180341 0.437387
v -0.150607 1.181488 0.433106
v 0.135000 1.184257 0.422773
v 0.120000 1.180341 0.437387
v 0.130607 1.181488 0.433106
v -0.155000 1.185000 0.422871
v -0.140000 1.185000 0.438000
v -0.150607 1.185000 0.433569
v 0.135000 1.185000 0.422871
v 0.120000 1.185000 0.438000
v 0.130607 1.185000 0.433569
v -0.155000 1.185743 0.422773
v -0.140000 1.189659 0.437387
v -0.150607 1.188512 0.433106
v 0.135000 1.185743 0.422773
v 0.120000 1.189659 0.437387
v 0.130607 1.188512 0.433106
v -0.155000 1.186435 0.422486
v -0.140000 1.194000 0.435588
v -0.150607 1.191784 0.431751
v 0.135000 1.186435 0.422486
v 0.120000 1.194000 0.435588
v 0.130607 1.191784 0.431751
v -0.155000 1.187030 0.422030
v -0.140000 1.197728 0.432728
v -0.150607 1.194595 0.429594
v 0.135000 1.187030 0.422030
v 0.120000 1.197728 0.432728
v 0.130607 1.194595 0.429594
v -0.155000 1.187486 0.421435
v -0.140000 1.200588 0.429000
v -0.150607 1.196751 0.426784
v 0.135000 1.187486 0.421435
v 0.120000 1.200588 0.429000
v 0.130607 1.196751 0.426784
v -0.155000 1.187773 0.420743
v -0.140000 1.202387 0.424659
v -0.150607 1.198106 0.423512
v 0.135000 1.187773 0.420743
v 0.120000 1.202387 0.424659
v 0.130607 1.198106 0.423512
v -0.155000 1.187871 0.420000
v -0.140000 1.203000 0.420000
v -0.150607 1.198569 0.420000
v 0.135000 1.187871 0.420000
v 0.120000 1.203000 0.420000
v 0.130607 1.198569 0.420000
v -0.155000 1.187773 0.419257
v -0.140000 1.202387 0.415341
v -0.150607 1.198106 0.416488
v 0.135000 1.187773 0.419257
v 0.120000 1.202387 0.415341
v 0.130607 1.198106 0.416488
v -0.155000 1.187486 0.418565
v -0.140000 1.200588 0.411000
v -0.150607 1.196751 0.413216
v 0.135000 1.187486 0.418565
v 0.120000 1.200588 0.411000
v 0.130607 1.196751 0.413216
v -0.155000 1.187030 0.417970
v -0.140000 1.197728 0.407272
v -0.150607 1.194595 0.410405
v 0.135000 1.187030 0.417970
v 0.120000 1.197728 0.407272
v 0.130607 1.194595 0.410405
v -0.155000 1.186435 0.417514
v -0.140000 1.194000 0.404412
v -0.150607 1.191784 0.408249
v 0.135000 1.186435 0.417514
v 0.120000 1.194000 0.404412
v 0.130607 1.191784 0.408249
v -0.155000 1.185743 0.417227
v -0.140000 1.189659 0.402613
v -0.150607 1.188512 0.406894
v 0.135000 1.185743 0.417227
v 0.120000 1.189659 0.402613
v 0.130607 1.188512 0.406894
vn -0.3827 -0.1206 -0.9160
vn -0.9239 -0.0500 -0.3794
vn 0.3827 -0.1206 -0.9160
vn 0.9239 -0.0499 -0.3794
vn -0.3827 -0.3536 -0.8536
vn -0.9239 -0.1464 -0.3536
vn 0.3827 -0.3536 -0.8536
vn 0.9239 -0.1465 -0.3536
vn -0.3827 -0.5624 -0.7330
vn -0.9239 -0.2330 -0.3036
vn 0.3827 -0.5624 -0.7330
vn 0.9239 -0.2330 -0.3036
vn -0.3827 -0.7330 -0.5624
vn -0.9239 -0.3036 -0.2330
vn 0.3827 -0.7330 -0.5624
vn 0.9239 -0.3036 -0.2330
vn -0.3827 -0.8536 -0.3536
vn -0.9239 -0.3536 -0.1464
vn 0.3827 -0.8536 -0.3536
vn 0.9239 -0.3536 -0.1464
vn -0.3827 -0.9160 -0.1206
vn -0.9239 -0.3794 -0.0500
vn 0.3827 -0.9160 -0.1206
vn 0.9239 -0.3794 -0.0500
vn -0.3827 -0.9160 0.1206
vn -0.9239 -0.3794 0.0500
vn 0.3827 -0.9160 0.1206
vn 0.9239 -0.3794 0.0500
vn -0.3827 -0.8536 0.3536
vn -0.9239 -0.3536 0.1464
vn 0.3827 -0.8536 0.3536
vn 0.9239 -0.3536 0.1464
vn -0.3827 -0.7330 0.5624
vn -0.9239 -0.3036 0.2330
vn 0.3827 -0.7330 0.5624
vn 0.9239 -0.3036 0.2330
vn -0.3827 -0.5624 0.7330
vn -0.9239 -0.2330 0.3036
vn 0.3827 -0.5624 0.7330
vn 0.9239 -0.2330 0.3036
vn -0.3827 -0.3536 0.8536
vn -0.9239 -0.1465 0.3536
vn 0.3827 -0.3536 0.8536
vn 0.9239 -0.1464 0.3536
vn -0.3827 -0.1206 0.9160
vn -0.9239 -0.0499 0.3794
vn 0.3827 -0.1206 0.9160
vn 0.9239 -0.0500 0.3794
vn -0.3827 0.1206 0.9160
vn -0.9239 0.0500 0.3794
vn 0.3827 0.1206 0.9160
vn 0.9239 0.0499 0.3794
vn -0.3827 0.3536 0.8536
vn -0.9239 0.1464 0.3536
vn 0.3827 0.3536 0.8536
vn 0.9239 0.1465 0.3536
vn -0.3827 0.5624 0.7330
vn -0.9239 0.2330 0.3036
vn 0.3827 0.5624 0.7330
vn 0.9239 0.2330 0.3036
vn -0.3827 0.7330 0.5624
vn -0.9239 0.3036 0.2330
vn 0.3827 0.7330 0.5624
vn 0.9239 0.3036 0.2330
vn -0.3827 0.8536 0.3536
vn -0.9239 0.3536 0.1464
vn 0.3827 0.8536 0.3536
vn 0.9239 0.3536 0.1464
vn -0.3827 0.9160 0.1206
vn -0.9239 0.3794 0.0500
vn 0.3827 0.9160 0.1206
vn 0.9239 0.3794 0.0500
vn -0.3827 0.9160 -0.1206
vn -0.9239 0.3794 -0.0500
vn 0.3827 0.9160 -0.1206
vn 0.9239 0.3794 -0.0500
vn -0.3827 0.8536 -0.3536
vn -0.9239 0.3536 -0.1464
vn 0.3827 0.8536 -0.3536
vn 0.9239 0.3536 -0.1464
vn -0.3827 0.7330 -0.5624
vn -0.9239 0.3036 -0.2330
vn 0.3827 0.7330 -0.5624
vn 0.9239 0.3036 -0.2330
vn -0.3827 0.5624 -0.7330
vn -0.9239 0.2330 -0.3036
vn 0.3827 0.5624 -0.7330
vn 0.9239 0.2330 -0.3036
vn -0.3827 0.3536 -0.8536
vn -0.9239 0.1465 -0.3536
vn 0.3827 0.3536 -0.8536
vn 0.9239 0.1464 -0.3536
vn -0.3827 0.1206 -0.9160
vn -0.9239 0.0499 -0.3794
vn 0.3827 0.1206 -0.9160
vn 0.9239 0.0500 -0.3794
vn -1.0000 -0.0000 -0.0000
vn -0.0000 -0.1305 -0.9914
vn -0.0000 0.1305 -0.9914
vn 1.0000 -0.0000 -0.0000
vn -0.0000 -0.3827 -0.9239
vn -0.0000 -0.6088 -0.7934
vn -0.0000 -0.7934 -0.6088
vn -0.0000 -0.9239 -0.3827
vn -0.0000 -0.9914 -0.1305
vn -0.0000 -0.9914 0.1305
vn -0.0000 -0.9239 0.3827
vn -0.0000 -0.7934 0.6088
vn -0.0000 -0.6088 0.7934
vn -0.0000 -0.3827 0.9239
vn -0.0000 -0.1305 0.9914
vn -0.0000 0.1305 0.9914
vn -0.0000 0.3827 0.9239
vn -0.0000 0.6088 0.7934
vn -0.0000 0.7934 0.6088
vn -0.0000 0.9239 0.3827
vn -0.0000 0.9914 0.1305
vn -0.0000 0.9914 -0.1305
vn -0.0000 0.9239 -0.3827
vn -0.0000 0.7934 -0.6088
vn -0.0000 0.6088 -0.7934
vn -0.0000 0.3827 -0.9239
vt 1.000000 0.525862
vt 0.958333 0.525862
vt 0.958333 0.500000
vt 0.994871 0.500000
vt 0.750000 0.488993
vt 0.811856 0.480850
vt 0.759906 0.286970
vt 0.750000 0.288274
vt 0.958333 0.974138
vt 1.000000 0.974138
vt 0.994871 1.000000
vt 0.958333 1.000000
vt 0.311856 0.480850
vt 0.250000 0.488993
vt 0.250000 0.288274
vt 0.259906 0.286970
vt 0.916667 0.525862
vt 0.916667 0.500000
vt 0.869497 0.456974
vt 0.769137 0.283146
vt 0.916667 0.974138
vt 0.916667 1.000000
vt 0.369497 0.456974
vt 0.269137 0.283146
vt 0.875000 0.525862
vt 0.875000 0.500000
vt 0.918994 0.418994
vt 0.777064 0.277064
vt 0.875000 0.974138
vt 0.875000 1.000000
vt 0.418994 0.418994
vt 0.277064 0.277064
vt 0.833333 0.525862
vt 0.833333 0.500000
vt 0.956974 0.369497
vt 0.783146 0.269137
vt 0.833333 0.974138
vt 0.833333 1.000000
vt 0.456974 0.369497
vt 0.283146 0.269137
vt 0.791667 0.525862
vt 0.791667 0.500000
vt 0.980850 0.311856
vt 0.786970 0.259906
vt 0.791667 0.974138
vt 0.791667 1.000000
vt 0.480850 0.311856
vt 0.286970 0.259906
vt 0.750000 0.525862
vt 0.750000 0.500000
vt 0.988993 0.250000
vt 0.788274 0.250000
vt 0.750000 0.974138
vt 0.750000 1.000000
vt 0.488993 0.250000
vt 0.288274 0.250000
vt 0.708333 0.525862
vt 0.708333 0.500000
vt 0.980850 0.188144
vt 0.786970 0.240094
vt 0.708333 0.974138
vt 0.708333 1.000000
vt 0.480850 0.188144
vt 0.286970 0.240094
vt 0.666667 0.525862
vt 0.666667 0.500000
vt 0.956974 0.130503
vt 0.783146 0.230863
vt 0.666667 0.974138
vt 0.666667 1.000000
vt 0.456974 0.130503
vt 0.283146 0.230863
vt 0.625000 0.525862
vt 0.625000 0.500000
vt 0.918994 0.081006
vt 0.777064 0.222936
vt 0.625000 0.974138
vt 0.625000 1.000000
vt 0.418994 0.081006
vt 0.277064 0.222936
vt 0.583333 0.525862
vt 0.583333 0.500000
vt 0.869497 0.043026
vt 0.769137 0.216854
vt 0.583333 0.974138
vt 0.583333 1.000000
vt 0.369497 0.043026
vt 0.269137 0.216854
vt 0.541666 0.525862
vt 0.541666 0.500000
vt 0.811856 0.019150
vt 0.759906 0.213030
vt 0.541666 0.974138
vt 0.541667 1.000000
vt 0.311856 0.019150
vt 0.259906 0.213030
vt 0.500000 0.525862
vt 0.500000 0.500000
vt 0.750000 0.011007
vt 0.750000 0.211726
vt 0.500000 0.974138
vt 0.500000 1.000000
vt 0.250000 0.011007
vt 0.250000 0.211726
vt 0.458333 0.525862
vt 0.458333 0.500000
vt 0.688144 0.019150
vt 0.740094 0.213030
vt 0.458333 0.974138
vt 0.458333 1.000000
vt 0.188144 0.019150
vt 0.240094 0.213030
vt 0.416666 0.525862
vt 0.416666 0.500000
vt 0.630503 0.043026
vt 0.730863 0.216854
vt 0.416666 0.974138
vt 0.416667 1.000000
vt 0.130503 0.043026
vt 0.230863 0.216854
vt 0.375000 0.525862
vt 0.375000 0.500000
vt 0.581006 0.081006
vt 0.722936 0.222936
vt 0.375000 0.974138
vt 0.375000 1.000000
vt 0.081006 0.081006
vt 0.222936 0.222936
vt 0.333333 0.525862
vt 0.333333 0.500000
vt 0.543026 0.130503
vt 0.716854 0.230863
vt 0.333333 0.974138
vt 0.333333 1.000000
vt 0.043026 0.130503
vt 0.216854 0.230863
vt 0.291667 0.525862
vt 0.291667 0.500000
vt 0.519150 0.188144
vt 0.713030 0.240094
vt 0.291667 0.974138
vt 0.291667 1.000000
vt 0.019150 0.188144
vt 0.213030 0.240094
vt 0.250000 0.525862
vt 0.250000 0.500000
vt 0.511007 0.250000
vt 0.711726 0.250000
vt 0.250000 0.974138
vt 0.250000 1.000000
vt 0.011007 0.250000
vt 0.211726 0.250000
vt 0.208333 0.525862
vt 0.208333 0.500000
vt 0.519150 0.311856
vt 0.713030 0.259906
vt 0.208333 0.974138
vt 0.208333 1.000000
vt 0.019150 0.311856
vt 0.213030 0.259906
vt 0.166666 0.525862
vt 0.166666 0.500000
vt 0.543026 0.369497
vt 0.716853 0.269137
vt 0.166666 0.974138
vt 0.166667 1.000000
vt 0.043026 0.369497
vt 0.216854 0.269137
vt 0.125000 0.525862
vt 0.125000 0.500000
vt 0.581006 0.418994
vt 0.722936 0.277064
vt 0.125000 0.974138
vt 0.125000 1.000000
vt 0.081006 0.418994
vt 0.222936 0.277064
vt 0.083333 0.525862
vt 0.083333 0.500000
vt 0.630503 0.456974
vt 0.730863 0.283146
vt 0.083333 0.974138
vt 0.083333 1.000000
vt 0.130503 0.456974
vt 0.230863 0.283146
vt 0.041666 0.525862
vt 0.041666 0.500000
vt 0.688144 0.480850
vt 0.740094 0.286970
vt 0.041666 0.974138
vt 0.041666 1.000000
vt 0.188144 0.480850
vt 0.240094 0.286970
vt -0.000000 0.525862
vt 0.005129 0.500000
vt -0.000000 0.974138
vt 0.005129 1.000000
s 0
usemtl MAT_PaintedMetal
f 3158/3895/3093 3164/3896/3093 3165/3897/3093 3159/3898/3093
f 3159/3899/3094 3165/3900/3094 3163/3901/3094 3157/3902/3094
f 3167/3903/3095 3161/3904/3095 3162/3905/3095 3168/3906/3095
f 3168/3907/3096 3162/3908/3096 3160/3909/3096 3166/3910/3096
f 3164/3896/3097 3170/3911/3097 3171/3912/3097 3165/3897/3097
f 3165/3900/3098 3171/3913/3098 3169/3914/3098 3163/3901/3098
f 3173/3915/3099 3167/3903/3099 3168/3906/3099 3174/3916/3099
f 3174/3917/3100 3168/3907/3100 3166/3910/3100 3172/3918/3100
f 3170/3911/3101 3176/3919/3101 3177/3920/3101 3171/3912/3101
f 3171/3913/3102 3177/3921/3102 3175/3922/3102 3169/3914/3102
f 3179/3923/3103 3173/3915/3103 3174/3916/3103 3180/3924/3103
f 3180/3925/3104 3174/3917/3104 3172/3918/3104 3178/3926/3104
f 3176/3919/3105 3182/3927/3105 3183/3928/3105 3177/3920/3105
f 3177/3921/3106 3183/3929/3106 3181/3930/3106 3175/3922/3106
f 3185/3931/3107 3179/3923/3107 3180/3924/3107 3186/3932/3107
f 3186/3933/3108 3180/3925/3108 3178/3926/3108 3184/3934/3108
f 3182/3927/3109 3188/3935/3109 3189/3936/3109 3183/3928/3109
f 3183/3929/3110 3189/3937/3110 3187/3938/3110 3181/3930/3110
f 3191/3939/3111 3185/3931/3111 3186/3932/3111 3192/3940/3111
f 3192/3941/3112 3186/3933/3112 3184/3934/3112 3190/3942/3112
f 3188/3935/3113 3194/3943/3113 3195/3944/3113 3189/3936/3113
f 3189/3937/3114 3195/3945/3114 3193/3946/3114 3187/3938/3114
f 3197/3947/3115 3191/3939/3115 3192/3940/3115 3198/3948/3115
f 3198/3949/3116 3192/3941/3116 3190/3942/3116 3196/3950/3116
f 3194/3943/3117 3200/3951/3117 3201/3952/3117 3195/3944/3117
f 3195/3945/3118 3201/3953/3118 3199/3954/3118 3193/3946/3118
f 3203/3955/3119 3197/3947/3119 3198/3948/3119 3204/3956/3119
f 3204/3957/3120 3198/3949/3120 3196/3950/3120 3202/3958/3120
f 3200/3951/3121 3206/3959/3121 3207/3960/3121 3201/3952/3121
f 3201/3953/3122 3207/3961/3122 3205/3962/3122 3199/3954/3122
f 3209/3963/3123 3203/3955/3123 3204/3956/3123 3210/3964/3123
f 3210/3965/3124 3204/3957/3124 3202/3958/3124 3208/3966/3124
f 3206/3959/3125 3212/3967/3125 3213/3968/3125 3207/3960/3125
f 3207/3961/3126 3213/3969/3126 3211/3970/3126 3205/3962/3126
f 3215/3971/3127 3209/3963/3127 3210/3964/3127 3216/3972/3127
f 3216/3973/3128 3210/3965/3128 3208/3966/3128 3214/3974/3128
f 3212/3967/3129 3218/3975/3129 3219/3976/3129 3213/3968/3129
f 3213/3969/3130 3219/3977/3130 3217/3978/3130 3211/3970/3130
f 3221/3979/3131 3215/3971/3131 3216/3972/3131 3222/3980/3131
f 3222/3981/3132 3216/3973/3132 3214/3974/3132 3220/3982/3132
f 3218/3975/3133 3224/3983/3133 3225/3984/3133 3219/3976/3133
f 3219/3977/3134 3225/3985/3134 3223/3986/3134 3217/3978/3134
f 3227/3987/3135 3221/3979/3135 3222/3980/3135 3228/3988/3135
f 3228/3989/3136 3222/3981/3136 3220/3982/3136 3226/3990/3136
f 3224/3983/3137 3230/3991/3137 3231/3992/3137 3225/3984/3137
f 3225/3985/3138 3231/3993/3138 3229/3994/3138 3223/3986/3138
f 3233/3995/3139 3227/3987/3139 3228/3988/3139 3234/3996/3139
f 3234/3997/3140 3228/3989/3140 3226/3990/3140 3232/3998/3140
f 3230/3991/3141 3236/3999/3141 3237/4000/3141 3231/3992/3141
f 3231/3993/3142 3237/4001/3142 3235/4002/3142 3229/3994/3142
f 3239/4003/3143 3233/3995/3143 3234/3996/3143 3240/4004/3143
f 3240/4005/3144 3234/3997/3144 3232/3998/3144 3238/4006/3144
f 3236/3999/3145 3242/4007/3145 3243/4008/3145 3237/4000/3145
f 3237/4001/3146 3243/4009/3146 3241/4010/3146 3235/4002/3146
f 3245/4011/3147 3239/4003/3147 3240/4004/3147 3246/4012/3147
f 3246/4013/3148 3240/4005/3148 3238/4006/3148 3244/4014/3148
f 3242/4007/3149 3248/4015/3149 3249/4016/3149 3243/4008/3149
f 3243/4009/3150 3249/4017/3150 3247/4018/3150 3241/4010/3150
f 3251/4019/3151 3245/4011/3151 3246/4012/3151 3252/4020/3151
f 3252/4021/3152 3246/4013/3152 3244/4014/3152 3250/4022/3152
f 3248/4015/3153 3254/4023/3153 3255/4024/3153 3249/4016/3153
f 3249/4017/3154 3255/4025/3154 3253/4026/3154 3247/4018/3154
f 3257/4027/3155 3251/4019/3155 3252/4020/3155 3258/4028/3155
f 3258/4029/3156 3252/4021/3156 3250/4022/3156 3256/4030/3156
f 3254/4023/3157 3260/4031/3157 3261/4032/3157 3255/4024/3157
f 3255/4025/3158 3261/4033/3158 3259/4034/3158 3253/4026/3158
f 3263/4035/3159 3257/4027/3159 3258/4028/3159 3264/4036/3159
f 3264/4037/3160 3258/4029/3160 3256/4030/3160 3262/4038/3160
f 3260/4031/3161 3266/4039/3161 3267/4040/3161 3261/4032/3161
f 3261/4033/3162 3267/4041/3162 3265/4042/3162 3259/4034/3162
f 3269/4043/3163 3263/4035/3163 3264/4036/3163 3270/4044/3163
f 3270/4045/3164 3264/4037/3164 3262/4038/3164 3268/4046/3164
f 3266/4039/3165 3272/4047/3165 3273/4048/3165 3267/4040/3165
f 3267/4041/3166 3273/4049/3166 3271/4050/3166 3265/4042/3166
f 3275/4051/3167 3269/4043/3167 3270/4044/3167 3276/4052/3167
f 3276/4053/3168 3270/4045/3168 3268/4046/3168 3274/4054/3168
f 3272/4047/3169 3278/4055/3169 3279/4056/3169 3273/4048/3169
f 3273/4049/3170 3279/4057/3170 3277/4058/3170 3271/4050/3170
f 3281/4059/3171 3275/4051/3171 3276/4052/3171 3282/4060/3171
f 3282/4061/3172 3276/4053/3172 3274/4054/3172 3280/4062/3172
f 3278/4055/3173 3284/4063/3173 3285/4064/3173 3279/4056/3173
f 3279/4057/3174 3285/4065/3174 3283/4066/3174 3277/4058/3174
f 3287/4067/3175 3281/4059/3175 3282/4060/3175 3288/4068/3175
f 3288/4069/3176 3282/4061/3176 3280/4062/3176 3286/4070/3176
f 3284/4063/3177 3290/4071/3177 3291/4072/3177 3285/4064/3177
f 3285/4065/3178 3291/4073/3178 3289/4074/3178 3283/4066/3178
f 3293/4075/3179 3287/4067/3179 3288/4068/3179 3294/4076/3179
f 3294/4077/3180 3288/4069/3180 3286/4070/3180 3292/4078/3180
f 3290/4071/3181 3296/4079/3181 3297/4080/3181 3291/4072/3181
f 3291/4073/3182 3297/4081/3182 3295/4082/3182 3289/4074/3182
f 3299/4083/3183 3293/4075/3183 3294/4076/3183 3300/4084/3183
f 3300/4085/3184 3294/4077/3184 3292/4078/3184 3298/4086/3184
f 3296/4079/3185 3158/4087/3185 3159/4088/3185 3297/4080/3185
f 3297/4081/3186 3159/3899/3186 3157/3902/3186 3295/4082/3186
f 3161/4089/3187 3299/4083/3187 3300/4084/3187 3162/4090/3187
f 3162/3908/3188 3300/4085/3188 3298/4086/3188 3160/3909/3188
f 3157/3902/3189 3163/3901/3189 3169/3914/3189 3175/3922/3189 3181/3930/3189 3187/3938/3189 3193/3946/3189 3199/3954/3189 3205/3962/3189 3211/3970/3189 3217/3978/3189 3223/3986/3189 3229/3994/3189 3235/4002/3189 3241/4010/3189 3247/4018/3189 3253/4026/3189 3259/4034/3189 3265/4042/3189 3271/4050/3189 3277/4058/3189 3283/4066/3189 3289/4074/3189 3295/4082/3189
f 3158/3895/3190 3161/3904/3190 3167/3903/3190 3164/3896/3190
f 3296/4079/3191 3299/4083/3191 3161/4089/3191 3158/4087/3191
f 3166/3910/3192 3160/3909/3192 3298/4086/3192 3292/4078/3192 3286/4070/3192 3280/4062/3192 3274/4054/3192 3268/4046/3192 3262/4038/3192 3256/4030/3192 3250/4022/3192 3244/4014/3192 3238/4006/3192 3232/3998/3192 3226/3990/3192 3220/3982/3192 3214/3974/3192 3208/3966/3192 3202/3958/3192 3196/3950/3192 3190/3942/3192 3184/3934/3192 3178/3926/3192 3172/3918/3192
f 3164/3896/3193 3167/3903/3193 3173/3915/3193 3170/3911/3193
f 3170/3911/3194 3173/3915/3194 3179/3923/3194 3176/3919/3194
f 3176/3919/3195 3179/3923/3195 3185/3931/3195 3182/3927/3195
f 3182/3927/3196 3185/3931/3196 3191/3939/3196 3188/3935/3196
f 3188/3935/3197 3191/3939/3197 3197/3947/3197 3194/3943/3197
f 3194/3943/3198 3197/3947/3198 3203/3955/3198 3200/3951/3198
f 3200/3951/3199 3203/3955/3199 3209/3963/3199 3206/3959/3199
f 3206/3959/3200 3209/3963/3200 3215/3971/3200 3212/3967/3200
f 3212/3967/3201 3215/3971/3201 3221/3979/3201 3218/3975/3201
f 3218/3975/3202 3221/3979/3202 3227/3987/3202 3224/3983/3202
f 3224/3983/3203 3227/3987/3203 3233/3995/3203 3230/3991/3203
f 3230/3991/3204 3233/3995/3204 3239/4003/3204 3236/3999/3204
f 3236/3999/3205 3239/4003/3205 3245/4011/3205 3242/4007/3205
f 3242/4007/3206 3245/4011/3206 3251/4019/3206 3248/4015/3206
f 3248/4015/3207 3251/4019/3207 3257/4027/3207 3254/4023/3207
f 3254/4023/3208 3257/4027/3208 3263/4035/3208 3260/4031/3208
f 3260/4031/3209 3263/4035/3209 3269/4043/3209 3266/4039/3209
f 3266/4039/3210 3269/4043/3210 3275/4051/3210 3272/4047/3210
f 3272/4047/3211 3275/4051/3211 3281/4059/3211 3278/4055/3211
f 3278/4055/3212 3281/4059/3212 3287/4067/3212 3284/4063/3212
f 3284/4063/3213 3287/4067/3213 3293/4075/3213 3290/4071/3213
f 3290/4071/3214 3293/4075/3214 3299/4083/3214 3296/4079/3214
o WPN_AR_Muzzle
v 0.105000 1.185000 0.407129
v 0.120000 1.185000 0.392000
v 0.109393 1.185000 0.396431
v 0.195000 1.185000 0.407129
v 0.180000 1.185000 0.392000
v 0.190607 1.185000 0.396431
v 0.105000 1.181669 0.407568
v 0.120000 1.177753 0.392954
v 0.109393 1.178900 0.397234
v 0.195000 1.181669 0.407568
v 0.180000 1.177753 0.392954
v 0.190607 1.178900 0.397234
v 0.105000 1.178565 0.408854
v 0.120000 1.171000 0.395751
v 0.109393 1.173216 0.399589
v 0.195000 1.178565 0.408854
v 0.180000 1.171000 0.395751
v 0.190607 1.173216 0.399589
v 0.105000 1.175899 0.410899
v 0.120000 1.165201 0.400201
v 0.109393 1.168334 0.403334
v 0.195000 1.175899 0.410899
v 0.180000 1.165201 0.400201
v 0.190607 1.168334 0.403334
v 0.105000 1.173854 0.413565
v 0.120000 1.160751 0.406000
v 0.109393 1.164589 0.408216
v 0.195000 1.173854 0.413565
v 0.180000 1.160751 0.406000
v 0.190607 1.164589 0.408216
v 0.105000 1.172568 0.416669
v 0.120000 1.157954 0.412753
v 0.109393 1.162234 0.413900
v 0.195000 1.172568 0.416669
v 0.180000 1.157954 0.412753
v 0.190607 1.162234 0.413900
v 0.105000 1.172129 0.420000
v 0.120000 1.157000 0.420000
v 0.109393 1.161431 0.420000
v 0.195000 1.172129 0.420000
v 0.180000 1.157000 0.420000
v 0.190607 1.161431 0.420000
v 0.105000 1.172568 0.423331
v 0.120000 1.157954 0.427247
v 0.109393 1.162234 0.426100
v 0.195000 1.172568 0.423331
v 0.180000 1.157954 0.427247
v 0.190607 1.162234 0.426100
v 0.105000 1.173854 0.426435
v 0.120000 1.160751 0.434000
v 0.109393 1.164589 0.431784
v 0.195000 1.173854 0.426435
v 0.180000 1.160751 0.434000
v 0.190607 1.164589 0.431784
v 0.105000 1.175899 0.429101
v 0.120000 1.165201 0.439799
v 0.109393 1.168334 0.436666
v 0.195000 1.175899 0.429101
v 0.180000 1.165201 0.439799
v 0.190607 1.168334 0.436666
v 0.105000 1.178565 0.431146
v 0.120000 1.171000 0.444249
v 0.109393 1.173216 0.440411
v 0.195000 1.178565 0.431146
v 0.180000 1.171000 0.444249
v 0.190607 1.173216 0.440411
v 0.105000 1.181669 0.432432
v 0.120000 1.177753 0.447046
v 0.109393 1.178900 0.442766
v 0.195000 1.181669 0.432432
v 0.180000 1.177753 0.447046
v 0.190607 1.178900 0.442766
v 0.105000 1.185000 0.432871
v 0.120000 1.185000 0.448000
v 0.109393 1.185000 0.443569
v 0.195000 1.185000 0.432871
v 0.180000 1.185000 0.448000
v 0.190607 1.185000 0.443569
v 0.105000 1.188331 0.432432
v 0.120000 1.192247 0.447046
v 0.109393 1.191100 0.442766
v 0.195000 1.188331 0.432432
v 0.180000 1.192247 0.447046
v 0.190607 1.191100 0.442766
v 0.105000 1.191435 0.431146
v 0.120000 1.199000 0.444249
v 0.109393 1.196784 0.440411
v 0.195000 1.191435 0.431146
v 0.180000 1.199000 0.444249
v 0.190607 1.196784 0.440411
v 0.105000 1.194101 0.429101
v 0.120000 1.204799 0.439799
v 0.109393 1.201666 0.436666
v 0.195000 1.194101 0.429101
v 0.180000 1.204799 0.439799
v 0.190607 1.201666 0.436666
v 0.105000 1.196146 0.426435
v 0.120000 1.209249 0.434000
v 0.109393 1.205411 0.431784
v 0.195000 1.196146 0.426435
v 0.180000 1.209249 0.434000
v 0.190607 1.205411 0.431784
v 0.105000 1.197432 0.423331
v 0.120000 1.212046 0.427247
v 0.109393 1.207766 0.426100
v 0.195000 1.197432 0.423331
v 0.180000 1.212046 0.427247
v 0.190607 1.207766 0.426100
v 0.105000 1.197870 0.420000
v 0.120000 1.213000 0.420000
v 0.109393 1.208569 0.420000
v 0.195000 1.197870 0.420000
v 0.180000 1.213000 0.420000
v 0.190607 1.208569 0.420000
v 0.105000 1.197432 0.416669
v 0.120000 1.212046 0.412753
v 0.109393 1.207766 0.413900
v 0.195000 1.197432 0.416669
v 0.180000 1.212046 0.412753
v 0.190607 1.207766 0.413900
v 0.105000 1.196146 0.413565
v 0.120000 1.209249 0.406000
v 0.109393 1.205411 0.408216
v 0.195000 1.196146 0.413565
v 0.180000 1.209249 0.406000
v 0.190607 1.205411 0.408216
v 0.105000 1.194101 0.410899
v 0.120000 1.204799 0.400201
v 0.109393 1.201666 0.403334
v 0.195000 1.194101 0.410899
v 0.180000 1.204799 0.400201
v 0.190607 1.201666 0.403334
v 0.105000 1.191435 0.408854
v 0.120000 1.199000 0.395751
v 0.109393 1.196784 0.399589
v 0.195000 1.191435 0.408854
v 0.180000 1.199000 0.395751
v 0.190607 1.196784 0.399589
v 0.105000 1.188331 0.407568
v 0.120000 1.192247 0.392954
v 0.109393 1.191100 0.397234
v 0.195000 1.188331 0.407568
v 0.180000 1.192247 0.392954
v 0.190607 1.191100 0.397234
vn -0.3827 -0.1206 -0.9160
vn -0.9239 -0.0500 -0.3794
vn 0.3827 -0.1206 -0.9160
vn 0.9239 -0.0500 -0.3794
vn -0.3827 -0.3536 -0.8536
vn -0.9239 -0.1464 -0.3536
vn 0.3827 -0.3536 -0.8536
vn 0.9239 -0.1464 -0.3536
vn -0.3827 -0.5624 -0.7330
vn -0.9239 -0.2330 -0.3036
vn 0.3827 -0.5624 -0.7330
vn 0.9239 -0.2330 -0.3036
vn -0.3827 -0.7330 -0.5624
vn -0.9239 -0.3036 -0.2330
vn 0.3827 -0.7330 -0.5624
vn 0.9239 -0.3036 -0.2330
vn -0.3827 -0.8536 -0.3536
vn -0.9239 -0.3536 -0.1464
vn 0.3827 -0.8536 -0.3536
vn 0.9239 -0.3536 -0.1464
vn -0.3827 -0.9160 -0.1206
vn -0.9239 -0.3794 -0.0500
vn 0.3827 -0.9160 -0.1206
vn 0.9239 -0.3794 -0.0500
vn -0.3827 -0.9160 0.1206
vn -0.9239 -0.3794 0.0500
vn 0.3827 -0.9160 0.1206
vn 0.9239 -0.3794 0.0500
vn -0.3827 -0.8536 0.3536
vn -0.9239 -0.3536 0.1464
vn 0.3827 -0.8536 0.3536
vn 0.9239 -0.3536 0.1464
vn -0.3827 -0.7330 0.5624
vn -0.9239 -0.3036 0.2330
vn 0.3827 -0.7330 0.5624
vn 0.9239 -0.3036 0.2330
vn -0.3827 -0.5624 0.7330
vn -0.9239 -0.2330 0.3036
vn 0.3827 -0.5624 0.7330
vn 0.9239 -0.2330 0.3036
vn -0.3827 -0.3536 0.8536
vn -0.9239 -0.1464 0.3536
vn 0.3827 -0.3536 0.8536
vn 0.9239 -0.1464 0.3536
vn -0.3827 -0.1206 0.9160
vn -0.9239 -0.0500 0.3794
vn 0.3827 -0.1206 0.9160
vn 0.9239 -0.0500 0.3794
vn -0.3827 0.1206 0.9160
vn -0.9239 0.0500 0.3794
vn 0.3827 0.1206 0.9160
vn 0.9239 0.0500 0.3794
vn -0.3827 0.3536 0.8536
vn -0.9239 0.1464 0.3536
vn 0.3827 0.3536 0.8536
vn 0.9239 0.1464 0.3536
vn -0.3827 0.5624 0.7330
vn -0.9239 0.2330 0.3036
vn 0.3827 0.5624 0.7330
vn 0.9239 0.2330 0.3036
vn -0.3827 0.7330 0.5624
vn -0.9239 0.3036 0.2330
vn 0.3827 0.7330 0.5624
vn 0.9239 0.3036 0.2330
vn -0.3827 0.8536 0.3536
vn -0.9239 0.3536 0.1464
vn 0.3827 0.8536 0.3536
vn 0.9239 0.3536 0.1464
vn -0.3827 0.9160 0.1206
vn -0.9239 0.3794 0.0500
vn 0.3827 0.9160 0.1206
vn 0.9239 0.3794 0.0500
vn -0.3827 0.9160 -0.1206
vn -0.9239 0.3794 -0.0500
vn 0.3827 0.9160 -0.1206
vn 0.9239 0.3794 -0.0500
vn -0.3827 0.8536 -0.3536
vn -0.9239 0.3536 -0.1464
vn 0.3827 0.8536 -0.3536
vn 0.9239 0.3536 -0.1464
vn -0.3827 0.7330 -0.5624
vn -0.9239 0.3036 -0.2330
vn 0.3827 0.7330 -0.5624
vn 0.9239 0.3036 -0.2330
vn -0.3827 0.5624 -0.7330
vn -0.9239 0.2330 -0.3036
vn 0.3827 0.5624 -0.7330
vn 0.9239 0.2330 -0.3036
vn -0.3827 0.3536 -0.8536
vn -0.9239 0.1464 -0.3536
vn 0.3827 0.3536 -0.8536
vn 0.9239 0.1464 -0.3536
vn -0.3827 0.1206 -0.9160
vn -0.9239 0.0500 -0.3794
vn 0.3827 0.1206 -0.9160
vn 0.9239 0.0500 -0.3794
vn -1.0000 -0.0000 -0.0000
vn -0.0000 -0.1305 -0.9914
vn -0.0000 0.1305 -0.9914
vn 1.0000 -0.0000 -0.0000
vn -0.0000 -0.3827 -0.9239
vn -0.0000 -0.6088 -0.7934
vn -0.0000 -0.7934 -0.6088
vn -0.0000 -0.9239 -0.3827
vn -0.0000 -0.9914 -0.1305
vn -0.0000 -0.9914 0.1305
vn -0.0000 -0.9239 0.3827
vn -0.0000 -0.7934 0.6088
vn -0.0000 -0.6088 0.7934
vn -0.0000 -0.3827 0.9239
vn -0.0000 -0.1305 0.9914
vn -0.0000 0.1305 0.9914
vn -0.0000 0.3827 0.9239
vn -0.0000 0.6088 0.7934
vn -0.0000 0.7934 0.6088
vn -0.0000 0.9239 0.3827
vn -0.0000 0.9914 0.1305
vn -0.0000 0.9914 -0.1305
vn -0.0000 0.9239 -0.3827
vn -0.0000 0.7934 -0.6088
vn -0.0000 0.6088 -0.7934
vn -0.0000 0.3827 -0.9239
vt 1.000000 0.583333
vt 0.958333 0.583333
vt 0.958333 0.500000
vt 0.996703 0.500000
vt 0.750000 0.489353
vt 0.811949 0.481197
vt 0.778553 0.356560
vt 0.750000 0.360319
vt 0.958333 0.916667
vt 1.000000 0.916667
vt 0.996703 1.000000
vt 0.958333 1.000000
vt 0.311949 0.481197
vt 0.250000 0.489353
vt 0.250000 0.360319
vt 0.278553 0.356560
vt 0.916667 0.583333
vt 0.916667 0.500000
vt 0.869676 0.457286
vt 0.805160 0.345539
vt 0.916667 0.916667
vt 0.916667 1.000000
vt 0.369676 0.457286
vt 0.305160 0.345539
vt 0.875000 0.583333
vt 0.875000 0.500000
vt 0.919248 0.419248
vt 0.828007 0.328007
vt 0.875000 0.916667
vt 0.875000 1.000000
vt 0.419248 0.419248
vt 0.328007 0.328007
vt 0.833333 0.583333
vt 0.833333 0.500000
vt 0.957286 0.369676
vt 0.845539 0.305160
vt 0.833333 0.916667
vt 0.833333 1.000000
vt 0.457286 0.369676
vt 0.345539 0.305160
vt 0.791667 0.583333
vt 0.791667 0.500000
vt 0.981197 0.311949
vt 0.856560 0.278553
vt 0.791667 0.916667
vt 0.791667 1.000000
vt 0.481197 0.311949
vt 0.356560 0.278553
vt 0.750000 0.583333
vt 0.750000 0.500000
vt 0.989353 0.250000
vt 0.860319 0.250000
vt 0.750000 0.916667
vt 0.750000 1.000000
vt 0.489353 0.250000
vt 0.360319 0.250000
vt 0.708333 0.583333
vt 0.708333 0.500000
vt 0.981197 0.188051
vt 0.856560 0.221447
vt 0.708333 0.916667
vt 0.708333 1.000000
vt 0.481197 0.188051
vt 0.356560 0.221447
vt 0.666667 0.583333
vt 0.666667 0.500000
vt 0.957286 0.130324
vt 0.845539 0.194840
vt 0.666667 0.916667
vt 0.666667 1.000000
vt 0.457286 0.130324
vt 0.345539 0.194840
vt 0.625000 0.583333
vt 0.625000 0.500000
vt 0.919248 0.080752
vt 0.828007 0.171993
vt 0.625000 0.916667
vt 0.625000 1.000000
vt 0.419248 0.080752
vt 0.328007 0.171993
vt 0.583333 0.583333
vt 0.583333 0.500000
vt 0.869676 0.042714
vt 0.805160 0.154461
vt 0.583333 0.916667
vt 0.583333 1.000000
vt 0.369676 0.042714
vt 0.305160 0.154461
vt 0.541666 0.583333
vt 0.541666 0.500000
vt 0.811949 0.018803
vt 0.778553 0.143440
vt 0.541666 0.916667
vt 0.541666 1.000000
vt 0.311949 0.018803
vt 0.278553 0.143440
vt 0.500000 0.583333
vt 0.500000 0.500000
vt 0.750000 0.010647
vt 0.750000 0.139681
vt 0.500000 0.916667
vt 0.500000 1.000000
vt 0.250000 0.010647
vt 0.250000 0.139681
vt 0.458333 0.583333
vt 0.458333 0.500000
vt 0.688051 0.018803
vt 0.721447 0.143440
vt 0.458333 0.916667
vt 0.458333 1.000000
vt 0.188051 0.018803
vt 0.221447 0.143440
vt 0.416666 0.583333
vt 0.416666 0.500000
vt 0.630324 0.042714
vt 0.694841 0.154461
vt 0.416666 0.916667
vt 0.416666 1.000000
vt 0.130324 0.042714
vt 0.194840 0.154461
vt 0.375000 0.583333
vt 0.375000 0.500000
vt 0.580752 0.080752
vt 0.671993 0.171993
vt 0.375000 0.916667
vt 0.375000 1.000000
vt 0.080752 0.080752
vt 0.171993 0.171993
vt 0.333333 0.583333
vt 0.333333 0.500000
vt 0.542714 0.130324
vt 0.654461 0.194840
vt 0.333333 0.916667
vt 0.333333 1.000000
vt 0.042714 0.130324
vt 0.154461 0.194840
vt 0.291667 0.583333
vt 0.291667 0.500000
vt 0.518803 0.188051
vt 0.643440 0.221447
vt 0.291667 0.916667
vt 0.291667 1.000000
vt 0.018803 0.188051
vt 0.143440 0.221447
vt 0.250000 0.583333
vt 0.250000 0.500000
vt 0.510647 0.250000
vt 0.639681 0.250000
vt 0.250000 0.916667
vt 0.250000 1.000000
vt 0.010647 0.250000
vt 0.139681 0.250000
vt 0.208333 0.583333
vt 0.208333 0.500000
vt 0.518803 0.311949
vt 0.643440 0.278553
vt 0.208333 0.916667
vt 0.208333 1.000000
vt 0.018803 0.311949
vt 0.143440 0.278553
vt 0.166666 0.583333
vt 0.166666 0.500000
vt 0.542714 0.369676
vt 0.654461 0.305160
vt 0.166666 0.916667
vt 0.166666 1.000000
vt 0.042714 0.369676
vt 0.154461 0.305160
vt 0.125000 0.583333
vt 0.125000 0.500000
vt 0.580752 0.419248
vt 0.671993 0.328008
vt 0.125000 0.916667
vt 0.125000 1.000000
vt 0.080752 0.419248
vt 0.171993 0.328007
vt 0.083333 0.583333
vt 0.083333 0.500000
vt 0.630324 0.457286
vt 0.694840 0.345539
vt 0.083333 0.916667
vt 0.083333 1.000000
vt 0.130324 0.457286
vt 0.194840 0.345539
vt 0.041666 0.583333
vt 0.041666 0.500000
vt 0.688051 0.481197
vt 0.721447 0.356560
vt 0.041666 0.916667
vt 0.041666 1.000000
vt 0.188051 0.481197
vt 0.221447 0.356560
vt -0.000000 0.583333
vt 0.003297 0.500000
vt -0.000000 0.916667
vt 0.003297 1.000000
s 0
usemtl MAT_PaintedMetal
f 3302/4091/3215 3308/4092/3215 3309/4093/3215 3303/4094/3215
f 3303/4095/3216 3309/4096/3216 3307/4097/3216 3301/4098/3216
f 3311/4099/3217 3305/4100/3217 3306/4101/3217 3312/4102/3217
f 3312/4103/3218 3306/4104/3218 3304/4105/3218 3310/4106/3218
f 3308/4092/3219 3314/4107/3219 3315/4108/3219 3309/4093/3219
f 3309/4096/3220 3315/4109/3220 3313/4110/3220 3307/4097/3220
f 3317/4111/3221 3311/4099/3221 3312/4102/3221 3318/4112/3221
f 3318/4113/3222 3312/4103/3222 3310/4106/3222 3316/4114/3222
f 3314/4107/3223 3320/4115/3223 3321/4116/3223 3315/4108/3223
f 3315/4109/3224 3321/4117/3224 3319/4118/3224 3313/4110/3224
f 3323/4119/3225 3317/4111/3225 3318/4112/3225 3324/4120/3225
f 3324/4121/3226 3318/4113/3226 3316/4114/3226 3322/4122/3226
f 3320/4115/3227 3326/4123/3227 3327/4124/3227 3321/4116/3227
f 3321/4117/3228 3327/4125/3228 3325/4126/3228 3319/4118/3228
f 3329/4127/3229 3323/4119/3229 3324/4120/3229 3330/4128/3229
f 3330/4129/3230 3324/4121/3230 3322/4122/3230 3328/4130/3230
f 3326/4123/3231 3332/4131/3231 3333/4132/3231 3327/4124/3231
f 3327/4125/3232 3333/4133/3232 3331/4134/3232 3325/4126/3232
f 3335/4135/3233 3329/4127/3233 3330/4128/3233 3336/4136/3233
f 3336/4137/3234 3330/4129/3234 3328/4130/3234 3334/4138/3234
f 3332/4131/3235 3338/4139/3235 3339/4140/3235 3333/4132/3235
f 3333/4133/3236 3339/4141/3236 3337/4142/3236 3331/4134/3236
f 3341/4143/3237 3335/4135/3237 3336/4136/3237 3342/4144/3237
f 3342/4145/3238 3336/4137/3238 3334/4138/3238 3340/4146/3238
f 3338/4139/3239 3344/4147/3239 3345/4148/3239 3339/4140/3239
f 3339/4141/3240 3345/4149/3240 3343/4150/3240 3337/4142/3240
f 3347/4151/3241 3341/4143/3241 3342/4144/3241 3348/4152/3241
f 3348/4153/3242 3342/4145/3242 3340/4146/3242 3346/4154/3242
f 3344/4147/3243 3350/4155/3243 3351/4156/3243 3345/4148/3243
f 3345/4149/3244 3351/4157/3244 3349/4158/3244 3343/4150/3244
f 3353/4159/3245 3347/4151/3245 3348/4152/3245 3354/4160/3245
f 3354/4161/3246 3348/4153/3246 3346/4154/3246 3352/4162/3246
f 3350/4155/3247 3356/4163/3247 3357/4164/3247 3351/4156/3247
f 3351/4157/3248 3357/4165/3248 3355/4166/3248 3349/4158/3248
f 3359/4167/3249 3353/4159/3249 3354/4160/3249 3360/4168/3249
f 3360/4169/3250 3354/4161/3250 3352/4162/3250 3358/4170/3250
f 3356/4163/3251 3362/4171/3251 3363/4172/3251 3357/4164/3251
f 3357/4165/3252 3363/4173/3252 3361/4174/3252 3355/4166/3252
f 3365/4175/3253 3359/4167/3253 3360/4168/3253 3366/4176/3253
f 3366/4177/3254 3360/4169/3254 3358/4170/3254 3364/4178/3254
f 3362/4171/3255 3368/4179/3255 3369/4180/3255 3363/4172/3255
f 3363/4173/3256 3369/4181/3256 3367/4182/3256 3361/4174/3256
f 3371/4183/3257 3365/4175/3257 3366/4176/3257 3372/4184/3257
f 3372/4185/3258 3366/4177/3258 3364/4178/3258 3370/4186/3258
f 3368/4179/3259 3374/4187/3259 3375/4188/3259 3369/4180/3259
f 3369/4181/3260 3375/4189/3260 3373/4190/3260 3367/4182/3260
f 3377/4191/3261 3371/4183/3261 3372/4184/3261 3378/4192/3261
f 3378/4193/3262 3372/4185/3262 3370/4186/3262 3376/4194/3262
f 3374/4187/3263 3380/4195/3263 3381/4196/3263 3375/4188/3263
f 3375/4189/3264 3381/4197/3264 3379/4198/3264 3373/4190/3264
f 3383/4199/3265 3377/4191/3265 3378/4192/3265 3384/4200/3265
f 3384/4201/3266 3378/4193/3266 3376/4194/3266 3382/4202/3266
f 3380/4195/3267 3386/4203/3267 3387/4204/3267 3381/4196/3267
f 3381/4197/3268 3387/4205/3268 3385/4206/3268 3379/4198/3268
f 3389/4207/3269 3383/4199/3269 3384/4200/3269 3390/4208/3269
f 3390/4209/3270 3384/4201/3270 3382/4202/3270 3388/4210/3270
f 3386/4203/3271 3392/4211/3271 3393/4212/3271 3387/4204/3271
f 3387/4205/3272 3393/4213/3272 3391/4214/3272 3385/4206/3272
f 3395/4215/3273 3389/4207/3273 3390/4208/3273 3396/4216/3273
f 3396/4217/3274 3390/4209/3274 3388/4210/3274 3394/4218/3274
f 3392/4211/3275 3398/4219/3275 3399/4220/3275 3393/4212/3275
f 3393/4213/3276 3399/4221/3276 3397/4222/3276 3391/4214/3276
f 3401/4223/3277 3395/4215/3277 3396/4216/3277 3402/4224/3277
f 3402/4225/3278 3396/4217/3278 3394/4218/3278 3400/4226/3278
f 3398/4219/3279 3404/4227/3279 3405/4228/3279 3399/4220/3279
f 3399/4221/3280 3405/4229/3280 3403/4230/3280 3397/4222/3280
f 3407/4231/3281 3401/4223/3281 3402/4224/3281 3408/4232/3281
f 3408/4233/3282 3402/4225/3282 3400/4226/3282 3406/4234/3282
f 3404/4227/3283 3410/4235/3283 3411/4236/3283 3405/4228/3283
f 3405/4229/3284 3411/4237/3284 3409/4238/3284 3403/4230/3284
f 3413/4239/3285 3407/4231/3285 3408/4232/3285 3414/4240/3285
f 3414/4241/3286 3408/4233/3286 3406/4234/3286 3412/4242/3286
f 3410/4235/3287 3416/4243/3287 3417/4244/3287 3411/4236/3287
f 3411/4237/3288 3417/4245/3288 3415/4246/3288 3409/4238/3288
f 3419/4247/3289 3413/4239/3289 3414/4240/3289 3420/4248/3289
f 3420/4249/3290 3414/4241/3290 3412/4242/3290 3418/4250/3290
f 3416/4243/3291 3422/4251/3291 3423/4252/3291 3417/4244/3291
f 3417/4245/3292 3423/4253/3292 3421/4254/3292 3415/4246/3292
f 3425/4255/3293 3419/4247/3293 3420/4248/3293 3426/4256/3293
f 3426/4257/3294 3420/4249/3294 3418/4250/3294 3424/4258/3294
f 3422/4251/3295 3428/4259/3295 3429/4260/3295 3423/4252/3295
f 3423/4253/3296 3429/4261/3296 3427/4262/3296 3421/4254/3296
f 3431/4263/3297 3425/4255/3297 3426/4256/3297 3432/4264/3297
f 3432/4265/3298 3426/4257/3298 3424/4258/3298 3430/4266/3298
f 3428/4259/3299 3434/4267/3299 3435/4268/3299 3429/4260/3299
f 3429/4261/3300 3435/4269/3300 3433/4270/3300 3427/4262/3300
f 3437/4271/3301 3431/4263/3301 3432/4264/3301 3438/4272/3301
f 3438/4273/3302 3432/4265/3302 3430/4266/3302 3436/4274/3302
f 3434/4267/3303 3440/4275/3303 3441/4276/3303 3435/4268/3303
f 3435/4269/3304 3441/4277/3304 3439/4278/3304 3433/4270/3304
f 3443/4279/3305 3437/4271/3305 3438/4272/3305 3444/4280/3305
f 3444/4281/3306 3438/4273/3306 3436/4274/3306 3442/4282/3306
f 3440/4275/3307 3302/4283/3307 3303/4284/3307 3441/4276/3307
f 3441/4277/3308 3303/4095/3308 3301/4098/3308 3439/4278/3308
f 3305/4285/3309 3443/4279/3309 3444/4280/3309 3306/4286/3309
f 3306/4104/3310 3444/4281/3310 3442/4282/3310 3304/4105/3310
f 3301/4098/3311 3307/4097/3311 3313/4110/3311 3319/4118/3311 3325/4126/3311 3331/4134/3311 3337/4142/3311 3343/4150/3311 3349/4158/3311 3355/4166/3311 3361/4174/3311 3367/4182/3311 3373/4190/3311 3379/4198/3311 3385/4206/3311 3391/4214/3311 3397/4222/3311 3403/4230/3311 3409/4238/3311 3415/4246/3311 3421/4254/3311 3427/4262/3311 3433/4270/3311 3439/4278/3311
f 3302/4091/3312 3305/4100/3312 3311/4099/3312 3308/4092/3312
f 3440/4275/3313 3443/4279/3313 3305/4285/3313 3302/4283/3313
f 3310/4106/3314 3304/4105/3314 3442/4282/3314 3436/4274/3314 3430/4266/3314 3424/4258/3314 3418/4250/3314 3412/4242/3314 3406/4234/3314 3400/4226/3314 3394/4218/3314 3388/4210/3314 3382/4202/3314 3376/4194/3314 3370/4186/3314 3364/4178/3314 3358/4170/3314 3352/4162/3314 3346/4154/3314 3340/4146/3314 3334/4138/3314 3328/4130/3314 3322/4122/3314 3316/4114/3314
f 3308/4092/3315 3311/4099/3315 3317/4111/3315 3314/4107/3315
f 3314/4107/3316 3317/4111/3316 3323/4119/3316 3320/4115/3316
f 3320/4115/3317 3323/4119/3317 3329/4127/3317 3326/4123/3317
f 3326/4123/3318 3329/4127/3318 3335/4135/3318 3332/4131/3318
f 3332/4131/3319 3335/4135/3319 3341/4143/3319 3338/4139/3319
f 3338/4139/3320 3341/4143/3320 3347/4151/3320 3344/4147/3320
f 3344/4147/3321 3347/4151/3321 3353/4159/3321 3350/4155/3321
f 3350/4155/3322 3353/4159/3322 3359/4167/3322 3356/4163/3322
f 3356/4163/3323 3359/4167/3323 3365/4175/3323 3362/4171/3323
f 3362/4171/3324 3365/4175/3324 3371/4183/3324 3368/4179/3324
f 3368/4179/3325 3371/4183/3325 3377/4191/3325 3374/4187/3325
f 3374/4187/3326 3377/4191/3326 3383/4199/3326 3380/4195/3326
f 3380/4195/3327 3383/4199/3327 3389/4207/3327 3386/4203/3327
f 3386/4203/3328 3389/4207/3328 3395/4215/3328 3392/4211/3328
f 3392/4211/3329 3395/4215/3329 3401/4223/3329 3398/4219/3329
f 3398/4219/3330 3401/4223/3330 3407/4231/3330 3404/4227/3330
f 3404/4227/3331 3407/4231/3331 3413/4239/3331 3410/4235/3331
f 3410/4235/3332 3413/4239/3332 3419/4247/3332 3416/4243/3332
f 3416/4243/3333 3419/4247/3333 3425/4255/3333 3422/4251/3333
f 3422/4251/3334 3425/4255/3334 3431/4263/3334 3428/4259/3334
f 3428/4259/3335 3431/4263/3335 3437/4271/3335 3434/4267/3335
f 3434/4267/3336 3437/4271/3336 3443/4279/3336 3440/4275/3336
o WPN_AR_Stock
v -1.215000 1.115000 0.447000
v -1.215000 1.140000 0.472000
v -1.240000 1.140000 0.447000
v -1.215000 1.122322 0.464678
v -1.229434 1.125566 0.461434
v -1.232678 1.140000 0.464678
v -1.232678 1.122322 0.447000
v -1.215000 1.240000 0.472000
v -1.215000 1.265000 0.447000
v -1.240000 1.240000 0.447000
v -1.215000 1.257678 0.464678
v -1.229434 1.254434 0.461434
v -1.232678 1.257678 0.447000
v -1.232678 1.240000 0.464678
v -1.215000 1.115000 0.393000
v -1.240000 1.140000 0.393000
v -1.215000 1.140000 0.368000
v -1.232678 1.122322 0.393000
v -1.229434 1.125566 0.378566
v -1.232678 1.140000 0.375322
v -1.215000 1.122322 0.375322
v -1.215000 1.265000 0.393000
v -1.215000 1.240000 0.368000
v -1.240000 1.240000 0.393000
v -1.215000 1.257678 0.375322
v -1.229434 1.254434 0.378566
v -1.232678 1.240000 0.375322
v -1.232678 1.257678 0.393000
v -0.945000 1.115000 0.447000
v -0.920000 1.140000 0.447000
v -0.945000 1.140000 0.472000
v -0.927322 1.122322 0.447000
v -0.930566 1.125566 0.461434
v -0.927322 1.140000 0.464678
v -0.945000 1.122322 0.464678
v -0.945000 1.265000 0.447000
v -0.945000 1.240000 0.472000
v -0.920000 1.240000 0.447000
v -0.945000 1.257678 0.464678
v -0.930566 1.254434 0.461434
v -0.927322 1.240000 0.464678
v -0.927322 1.257678 0.447000
v -0.945000 1.115000 0.393000
v -0.945000 1.140000 0.368000
v -0.920000 1.140000 0.393000
v -0.945000 1.122322 0.375322
v -0.930566 1.125566 0.378566
v -0.927322 1.140000 0.375322
v -0.927322 1.122322 0.393000
v -0.945000 1.265000 0.393000
v -0.920000 1.240000 0.393000
v -0.945000 1.240000 0.368000
v -0.927322 1.257678 0.393000
v -0.930566 1.254434 0.378566
v -0.927322 1.240000 0.375322
v -0.945000 1.257678 0.375322
vn -0.3251 -0.8881 0.3251
vn -0.3251 -0.3251 0.8881
vn -0.8881 -0.3251 0.3251
vn -0.3251 0.3251 0.8881
vn -0.3251 0.8881 0.3251
vn -0.8881 0.3251 0.3251
vn -0.3251 -0.8881 -0.3251
vn -0.8881 -0.3251 -0.3251
vn -0.3251 -0.3251 -0.8881
vn -0.3251 0.8881 -0.3251
vn -0.3251 0.3251 -0.8881
vn -0.8881 0.3251 -0.3251
vn 0.3251 -0.8881 0.3251
vn 0.8881 -0.3251 0.3251
vn 0.3251 -0.3251 0.8881
vn 0.3251 0.8881 0.3251
vn 0.3251 0.3251 0.8881
vn 0.8881 0.3251 0.3251
vn 0.3251 -0.8881 -0.3251
vn 0.3251 -0.3251 -0.8881
vn 0.8881 -0.3251 -0.3251
vn 0.3251 0.8881 -0.3251
vn 0.8881 0.3251 -0.3251
vn 0.3251 0.3251 -0.8881
vn -0.3827 -0.9239 -0.0000
vn -0.9239 -0.3827 -0.0000
vn -0.3827 -0.0000 0.9239
vn -0.9239 -0.0000 0.3827
vn -0.3827 0.9239 -0.0000
vn -0.9239 0.3827 -0.0000
vn -0.3827 -0.0000 -0.9239
vn -0.9239 -0.0000 -0.3827
vn -0.0000 -0.9239 -0.3827
vn -0.0000 -0.3827 -0.9239
vn -0.0000 0.9239 -0.3827
vn -0.0000 0.3827 -0.9239
vn 0.9239 -0.0000 -0.3827
vn 0.3827 -0.0000 -0.9239
vn 0.3827 -0.9239 -0.0000
vn 0.9239 -0.3827 -0.0000
vn 0.3827 0.9239 -0.0000
vn 0.9239 0.3827 -0.0000
vn 0.3827 -0.0000 0.9239
vn 0.9239 -0.0000 0.3827
vn -0.0000 -0.9239 0.3827
vn -0.0000 -0.3827 0.9239
vn -0.0000 0.9239 0.3827
vn -0.0000 0.3827 0.9239
vn -0.0000 -1.0000 -0.0000
vn -1.0000 -0.0000 -0.0000
vn -0.0000 -0.0000 1.0000
vn -0.0000 1.0000 -0.0000
vn -0.0000 -0.0000 -1.0000
vn 1.0000 -0.0000 -0.0000
vt 0.144531 0.689904
vt 0.144531 0.750000
vt 0.133255 0.750000
vt 0.125000 0.689904
vt 0.416667 0.980469
vt 0.416667 1.000000
vt 0.392610 1.000000
vt 0.375000 0.980469
vt 0.416667 0.060096
vt 0.375000 0.060096
vt 0.375000 0.025400
vt 0.416667 0.000000
vt 0.583333 0.980469
vt 0.625000 0.980469
vt 0.625000 0.991745
vt 0.583333 1.000000
vt 0.855469 0.689904
vt 0.875000 0.689904
vt 0.875000 0.724600
vt 0.855469 0.750000
vt 0.583333 0.060096
vt 0.583333 0.000000
vt 0.607390 0.000000
vt 0.625000 0.060096
vt 0.144531 0.560096
vt 0.125000 0.560096
vt 0.125000 0.525400
vt 0.144531 0.500000
vt 0.416667 0.189904
vt 0.416667 0.250000
vt 0.383805 0.254127
vt 0.375000 0.189904
vt 0.416667 0.269531
vt 0.375000 0.269531
vt 0.855469 0.560096
vt 0.855469 0.500000
vt 0.866745 0.500000
vt 0.875000 0.560096
vt 0.583333 0.269531
vt 0.583333 0.250000
vt 0.616195 0.237300
vt 0.625000 0.269531
vt 0.583333 0.189904
vt 0.625000 0.189904
vt 0.355469 0.689904
vt 0.375000 0.689904
vt 0.380870 0.744285
vt 0.365234 0.759766
vt 0.416667 0.689904
vt 0.416667 0.750000
vt 0.416667 0.769531
vt 0.644531 0.689904
vt 0.634766 0.759766
vt 0.621882 0.741533
vt 0.625000 0.689904
vt 0.583333 0.769531
vt 0.583333 0.750000
vt 0.583333 0.689904
vt 0.355469 0.560096
vt 0.365234 0.490234
vt 0.378119 0.508467
vt 0.375000 0.560096
vt 0.416667 0.480469
vt 0.416667 0.500000
vt 0.416667 0.560096
vt 0.644531 0.560096
vt 0.625000 0.560096
vt 0.619130 0.505715
vt 0.634766 0.490234
vt 0.583333 0.560096
vt 0.583333 0.500000
vt 0.583333 0.480469
s 0
usemtl MAT_Polymer
f 3445/4287/3337 3448/4288/3337 3449/4289/3337 3451/4290/3337
f 3446/4291/3338 3450/4292/3338 3449/4293/3338 3448/4294/3338
f 3447/4295/3339 3451/4296/3339 3449/4297/3339 3450/4298/3339
f 3452/4299/3340 3455/4300/3340 3456/4301/3340 3458/4302/3340
f 3453/4303/3341 3457/4304/3341 3456/4305/3341 3455/4306/3341
f 3454/4307/3342 3458/4308/3342 3456/4309/3342 3457/4310/3342
f 3459/4311/3343 3462/4312/3343 3463/4313/3343 3465/4314/3343
f 3460/4315/3344 3464/4316/3344 3463/4317/3344 3462/4318/3344
f 3461/4319/3345 3465/4320/3345 3463/4317/3345 3464/4316/3345
f 3466/4321/3346 3469/4322/3346 3470/4323/3346 3472/4324/3346
f 3467/4325/3347 3471/4326/3347 3470/4327/3347 3469/4328/3347
f 3468/4329/3348 3472/4330/3348 3470/4327/3348 3471/4326/3348
f 3473/4331/3349 3476/4332/3349 3477/4333/3349 3479/4334/3349
f 3474/4335/3350 3478/4336/3350 3477/4333/3350 3476/4332/3350
f 3475/4337/3351 3479/4334/3351 3477/4333/3351 3478/4336/3351
f 3480/4338/3352 3483/4339/3352 3484/4340/3352 3486/4341/3352
f 3481/4342/3353 3485/4343/3353 3484/4340/3353 3483/4339/3353
f 3482/4344/3354 3486/4341/3354 3484/4340/3354 3485/4343/3354
f 3487/4345/3355 3490/4346/3355 3491/4347/3355 3493/4348/3355
f 3488/4349/3356 3492/4350/3356 3491/4347/3356 3490/4346/3356
f 3489/4351/3357 3493/4348/3357 3491/4347/3357 3492/4350/3357
f 3494/4352/3358 3497/4353/3358 3498/4354/3358 3500/4355/3358
f 3495/4356/3359 3499/4357/3359 3498/4354/3359 3497/4353/3359
f 3496/4358/3360 3500/4355/3360 3498/4354/3360 3499/4357/3360
f 3459/4311/3361 3445/4287/3361 3451/4290/3361 3462/4312/3361
f 3462/4318/3362 3451/4296/3362 3447/4295/3362 3460/4315/3362
f 3446/4291/3363 3452/4299/3363 3458/4302/3363 3450/4292/3363
f 3450/4298/3364 3458/4308/3364 3454/4307/3364 3447/4295/3364
f 3453/4303/3365 3466/4321/3365 3472/4324/3365 3457/4304/3365
f 3457/4310/3366 3472/4330/3366 3468/4329/3366 3454/4307/3366
f 3467/4325/3367 3461/4319/3367 3464/4316/3367 3471/4326/3367
f 3471/4326/3368 3464/4316/3368 3460/4315/3368 3468/4329/3368
f 3487/4345/3369 3459/4311/3369 3465/4314/3369 3490/4346/3369
f 3490/4346/3370 3465/4320/3370 3461/4319/3370 3488/4349/3370
f 3466/4321/3371 3494/4352/3371 3500/4355/3371 3469/4322/3371
f 3469/4328/3372 3500/4355/3372 3496/4358/3372 3467/4325/3372
f 3495/4356/3373 3489/4351/3373 3492/4350/3373 3499/4357/3373
f 3499/4357/3374 3492/4350/3374 3488/4349/3374 3496/4358/3374
f 3473/4331/3375 3487/4345/3375 3493/4348/3375 3476/4332/3375
f 3476/4332/3376 3493/4348/3376 3489/4351/3376 3474/4335/3376
f 3494/4352/3377 3480/4338/3377 3486/4341/3377 3497/4353/3377
f 3497/4353/3378 3486/4341/3378 3482/4344/3378 3495/4356/3378
f 3481/4342/3379 3475/4337/3379 3478/4336/3379 3485/4343/3379
f 3485/4343/3380 3478/4336/3380 3474/4335/3380 3482/4344/3380
f 3445/4287/3381 3473/4331/3381 3479/4334/3381 3448/4288/3381
f 3448/4294/3382 3479/4334/3382 3475/4337/3382 3446/4291/3382
f 3480/4338/3383 3453/4303/3383 3455/4306/3383 3483/4339/3383
f 3483/4339/3384 3455/4300/3384 3452/4299/3384 3481/4342/3384
f 3459/4311/3385 3487/4345/3385 3473/4331/3385 3445/4287/3385
f 3447/4295/3386 3454/4307/3386 3468/4329/3386 3460/4315/3386
f 3475/4337/3387 3481/4342/3387 3452/4299/3387 3446/4291/3387
f 3494/4352/3388 3466/4321/3388 3453/4303/3388 3480/4338/3388
f 3461/4319/3389 3467/4325/3389 3496/4358/3389 3488/4349/3389
f 3489/4351/3390 3495/4356/3390 3482/4344/3390 3474/4335/3390
o WPN_AR_Grip
v -0.785282 0.938091 0.444000
v -0.789210 0.955657 0.462000
v -0.806777 0.951729 0.444000
v -0.786433 0.943236 0.456728
v -0.797084 0.943248 0.454392
v -0.801632 0.952880 0.456728
v -0.798854 0.940459 0.444000
v -0.833729 1.154740 0.462000
v -0.837657 1.172307 0.444000
v -0.851295 1.150812 0.444000
v -0.836507 1.167162 0.456728
v -0.846139 1.162614 0.454392
v -0.848928 1.164384 0.444000
v -0.846150 1.151963 0.456728
v -0.785282 0.938091 0.396000
v -0.806777 0.951729 0.396000
v -0.789210 0.955657 0.378000
v -0.798854 0.940459 0.396000
v -0.797084 0.943248 0.385608
v -0.801632 0.952880 0.383272
v -0.786433 0.943236 0.383272
v -0.837657 1.172307 0.396000
v -0.833729 1.154740 0.378000
v -0.851295 1.150812 0.396000
v -0.836507 1.167162 0.383272
v -0.846139 1.162614 0.385608
v -0.846150 1.151963 0.383272
v -0.848928 1.164384 0.396000
v -0.742343 0.947693 0.444000
v -0.728705 0.969188 0.444000
v -0.746271 0.965259 0.462000
v -0.731072 0.955616 0.444000
v -0.733861 0.957386 0.454392
v -0.733850 0.968037 0.456728
v -0.743493 0.952838 0.456728
v -0.794718 1.181909 0.444000
v -0.790790 1.164343 0.462000
v -0.773224 1.168271 0.444000
v -0.793567 1.176764 0.456728
v -0.782916 1.176752 0.454392
v -0.778369 1.167120 0.456728
v -0.781146 1.179541 0.444000
v -0.742343 0.947693 0.396000
v -0.746271 0.965259 0.378000
v -0.728705 0.969188 0.396000
v -0.743493 0.952838 0.383272
v -0.733861 0.957386 0.385608
v -0.733850 0.968037 0.383272
v -0.731072 0.955616 0.396000
v -0.794718 1.181909 0.396000
v -0.773224 1.168271 0.396000
v -0.790790 1.164343 0.378000
v -0.781146 1.179541 0.396000
v -0.782916 1.176752 0.385608
v -0.778369 1.167120 0.383272
v -0.793567 1.176764 0.383272
vn -0.1234 -0.9376 0.3251
vn -0.2463 -0.3882 0.8881
vn -0.7957 -0.5110 0.3251
vn -0.3882 0.2463 0.8881
vn -0.5110 0.7957 0.3251
vn -0.9376 0.1234 0.3251
vn -0.1234 -0.9376 -0.3251
vn -0.7957 -0.5110 -0.3251
vn -0.2463 -0.3882 -0.8881
vn -0.5110 0.7957 -0.3251
vn -0.3882 0.2463 -0.8881
vn -0.9376 0.1234 -0.3251
vn 0.5110 -0.7957 0.3251
vn 0.9376 -0.1234 0.3251
vn 0.3882 -0.2463 0.8881
vn 0.1234 0.9376 0.3251
vn 0.2463 0.3882 0.8881
vn 0.7957 0.5110 0.3251
vn 0.5110 -0.7957 -0.3251
vn 0.3882 -0.2463 -0.8881
vn 0.9376 -0.1234 -0.3251
vn 0.1234 0.9376 -0.3251
vn 0.7957 0.5110 -0.3251
vn 0.2463 0.3882 -0.8881
vn -0.1718 -0.9851 -0.0000
vn -0.8181 -0.5751 -0.0000
vn -0.3735 -0.0835 0.9239
vn -0.9016 -0.2016 0.3827
vn -0.5751 0.8181 -0.0000
vn -0.9851 0.1718 -0.0000
vn -0.3735 -0.0835 -0.9239
vn -0.9016 -0.2016 -0.3827
vn 0.2016 -0.9016 -0.3827
vn 0.0835 -0.3735 -0.9239
vn -0.2016 0.9016 -0.3827
vn -0.0835 0.3735 -0.9239
vn 0.9016 0.2016 -0.3827
vn 0.3735 0.0835 -0.9239
vn 0.5751 -0.8181 -0.0000
vn 0.9851 -0.1718 -0.0000
vn 0.1718 0.9851 -0.0000
vn 0.8181 0.5751 -0.0000
vn 0.3735 0.0835 0.9239
vn 0.9016 0.2016 0.3827
vn 0.2016 -0.9016 0.3827
vn 0.0835 -0.3735 0.9239
vn -0.2016 0.9016 0.3827
vn -0.0835 0.3735 0.9239
vn 0.2182 -0.9759 -0.0000
vn -0.9759 -0.2182 -0.0000
vn -0.0000 -0.0000 1.0000
vn -0.2182 0.9759 -0.0000
vn -0.0000 -0.0000 -1.0000
vn 0.9759 0.2182 -0.0000
vt 0.181250 0.696429
vt 0.181250 0.750000
vt 0.148774 0.750000
vt 0.125000 0.696429
vt 0.393750 0.943750
vt 0.393750 1.000000
vt 0.382925 1.000000
vt 0.375000 0.943750
vt 0.393750 0.053571
vt 0.375000 0.053571
vt 0.375000 0.022642
vt 0.393750 0.000000
vt 0.606250 0.943750
vt 0.625000 0.943750
vt 0.625000 0.976226
vt 0.606250 1.000000
vt 0.818750 0.696429
vt 0.875000 0.696429
vt 0.875000 0.727358
vt 0.818750 0.750000
vt 0.606250 0.053571
vt 0.606250 0.000000
vt 0.617075 0.000000
vt 0.625000 0.053571
vt 0.181250 0.553571
vt 0.125000 0.553571
vt 0.125000 0.522642
vt 0.181250 0.500000
vt 0.393750 0.196429
vt 0.393750 0.250000
vt 0.378962 0.261887
vt 0.375000 0.196429
vt 0.393750 0.306250
vt 0.375000 0.306250
vt 0.818750 0.553571
vt 0.818750 0.500000
vt 0.851226 0.500000
vt 0.875000 0.553571
vt 0.606250 0.306250
vt 0.606250 0.250000
vt 0.621038 0.238679
vt 0.625000 0.306250
vt 0.606250 0.196429
vt 0.625000 0.196429
vt 0.318750 0.696429
vt 0.375000 0.696429
vt 0.377642 0.750377
vt 0.346875 0.778125
vt 0.393750 0.696429
vt 0.393750 0.750000
vt 0.393750 0.806250
vt 0.681250 0.696429
vt 0.653125 0.778125
vt 0.630283 0.742453
vt 0.625000 0.696429
vt 0.606250 0.806250
vt 0.606250 0.750000
vt 0.606250 0.696429
vt 0.318750 0.553571
vt 0.346875 0.471875
vt 0.369717 0.507547
vt 0.375000 0.553571
vt 0.393750 0.443750
vt 0.393750 0.500000
vt 0.393750 0.553571
vt 0.681250 0.553571
vt 0.625000 0.553571
vt 0.622358 0.499623
vt 0.653125 0.471875
vt 0.606250 0.553571
vt 0.606250 0.500000
vt 0.606250 0.443750
s 0
usemtl MAT_Rubber
f 3501/4359/3391 3504/4360/3391 3505/4361/3391 3507/4362/3391
f 3502/4363/3392 3506/4364/3392 3505/4365/3392 3504/4366/3392
f 3503/4367/3393 3507/4368/3393 3505/4369/3393 3506/4370/3393
f 3508/4371/3394 3511/4372/3394 3512/4373/3394 3514/4374/3394
f 3509/4375/3395 3513/4376/3395 3512/4377/3395 3511/4378/3395
f 3510/4379/3396 3514/4380/3396 3512/4381/3396 3513/4382/3396
f 3515/4383/3397 3518/4384/3397 3519/4385/3397 3521/4386/3397
f 3516/4387/3398 3520/4388/3398 3519/4389/3398 3518/4390/3398
f 3517/4391/3399 3521/4392/3399 3519/4389/3399 3520/4388/3399
f 3522/4393/3400 3525/4394/3400 3526/4395/3400 3528/4396/3400
f 3523/4397/3401 3527/4398/3401 3526/4399/3401 3525/4400/3401
f 3524/4401/3402 3528/4402/3402 3526/4399/3402 3527/4398/3402
f 3529/4403/3403 3532/4404/3403 3533/4405/3403 3535/4406/3403
f 3530/4407/3404 3534/4408/3404 3533/4405/3404 3532/4404/3404
f 3531/4409/3405 3535/4406/3405 3533/4405/3405 3534/4408/3405
f 3536/4410/3406 3539/4411/3406 3540/4412/3406 3542/4413/3406
f 3537/4414/3407 3541/4415/3407 3540/4412/3407 3539/4411/3407
f 3538/4416/3408 3542/4413/3408 3540/4412/3408 3541/4415/3408
f 3543/4417/3409 3546/4418/3409 3547/4419/3409 3549/4420/3409
f 3544/4421/3410 3548/4422/3410 3547/4419/3410 3546/4418/3410
f 3545/4423/3411 3549/4420/3411 3547/4419/3411 3548/4422/3411
f 3550/4424/3412 3553/4425/3412 3554/4426/3412 3556/4427/3412
f 3551/4428/3413 3555/4429/3413 3554/4426/3413 3553/4425/3413
f 3552/4430/3414 3556/4427/3414 3554/4426/3414 3555/4429/3414
f 3515/4383/3415 3501/4359/3415 3507/4362/3415 3518/4384/3415
f 3518/4390/3416 3507/4368/3416 3503/4367/3416 3516/4387/3416
f 3502/4363/3417 3508/4371/3417 3514/4374/3417 3506/4364/3417
f 3506/4370/3418 3514/4380/3418 3510/4379/3418 3503/4367/3418
f 3509/4375/3419 3522/4393/3419 3528/4396/3419 3513/4376/3419
f 3513/4382/3420 3528/4402/3420 3524/4401/3420 3510/4379/3420
f 3523/4397/3421 3517/4391/3421 3520/4388/3421 3527/4398/3421
f 3527/4398/3422 3520/4388/3422 3516/4387/3422 3524/4401/3422
f 3543/4417/3423 3515/4383/3423 3521/4386/3423 3546/4418/3423
f 3546/4418/3424 3521/4392/3424 3517/4391/3424 3544/4421/3424
f 3522/4393/3425 3550/4424/3425 3556/4427/3425 3525/4394/3425
f 3525/4400/3426 3556/4427/3426 3552/4430/3426 3523/4397/3426
f 3551/4428/3427 3545/4423/3427 3548/4422/3427 3555/4429/3427
f 3555/4429/3428 3548/4422/3428 3544/4421/3428 3552/4430/3428
f 3529/4403/3429 3543/4417/3429 3549/4420/3429 3532/4404/3429
f 3532/4404/3430 3549/4420/3430 3545/4423/3430 3530/4407/3430
f 3550/4424/3431 3536/4410/3431 3542/4413/3431 3553/4425/3431
f 3553/4425/3432 3542/4413/3432 3538/4416/3432 3551/4428/3432
f 3537/4414/3433 3531/4409/3433 3534/4408/3433 3541/4415/3433
f 3541/4415/3434 3534/4408/3434 3530/4407/3434 3538/4416/3434
f 3501/4359/3435 3529/4403/3435 3535/4406/3435 3504/4360/3435
f 3504/4366/3436 3535/4406/3436 3531/4409/3436 3502/4363/3436
f 3536/4410/3437 3509/4375/3437 3511/4378/3437 3539/4411/3437
f 3539/4411/3438 3511/4372/3438 3508/4371/3438 3537/4414/3438
f 3515/4383/3439 3543/4417/3439 3529/4403/3439 3501/4359/3439
f 3503/4367/3440 3510/4379/3440 3524/4401/3440 3516/4387/3440
f 3531/4409/3441 3537/4414/3441 3508/4371/3441 3502/4363/3441
f 3550/4424/3442 3522/4393/3442 3509/4375/3442 3536/4410/3442
f 3517/4391/3443 3523/4397/3443 3552/4430/3443 3544/4421/3443
f 3545/4423/3444 3551/4428/3444 3538/4416/3444 3530/4407/3444
o WPN_AR_Magazine
v -0.636872 0.887654 0.432000
v -0.639368 0.912530 0.457000
v -0.664243 0.910034 0.432000
v -0.637603 0.894940 0.449678
v -0.652288 0.896727 0.446434
v -0.656957 0.910765 0.449678
v -0.655192 0.893175 0.432000
v -0.660333 1.121480 0.457000
v -0.662828 1.146356 0.432000
v -0.685208 1.118985 0.432000
v -0.662097 1.139070 0.449678
v -0.676135 1.134401 0.446434
v -0.679687 1.137305 0.432000
v -0.677922 1.119716 0.449678
v -0.636872 0.887654 0.408000
v -0.664243 0.910034 0.408000
v -0.639368 0.912530 0.383000
v -0.655192 0.893175 0.408000
v -0.652288 0.896727 0.393566
v -0.656957 0.910765 0.390322
v -0.637603 0.894940 0.390322
v -0.662828 1.146356 0.408000
v -0.660333 1.121480 0.383000
v -0.685208 1.118985 0.408000
v -0.662097 1.139070 0.390322
v -0.676135 1.134401 0.393566
v -0.677922 1.119716 0.390322
v -0.679687 1.137305 0.408000
v -0.577172 0.893644 0.432000
v -0.554792 0.921015 0.432000
v -0.579667 0.918520 0.457000
v -0.560313 0.902695 0.432000
v -0.563865 0.905599 0.446434
v -0.562078 0.920284 0.449678
v -0.577903 0.900930 0.449678
v -0.603128 1.152346 0.432000
v -0.600632 1.127470 0.457000
v -0.575757 1.129966 0.432000
v -0.602397 1.145060 0.449678
v -0.587712 1.143273 0.446434
v -0.583043 1.129235 0.449678
v -0.584808 1.146825 0.432000
v -0.577172 0.893644 0.408000
v -0.579667 0.918520 0.383000
v -0.554792 0.921015 0.408000
v -0.577903 0.900930 0.390322
v -0.563865 0.905599 0.393566
v -0.562078 0.920284 0.390322
v -0.560313 0.902695 0.408000
v -0.603128 1.152346 0.408000
v -0.575757 1.129966 0.408000
v -0.600632 1.127470 0.383000
v -0.584808 1.146825 0.408000
v -0.587712 1.143273 0.393566
v -0.583043 1.129235 0.390322
v -0.602397 1.145060 0.390322
vn -0.2348 -0.9161 0.3251
vn -0.2910 -0.3559 0.8881
vn -0.8512 -0.4121 0.3251
vn -0.3559 0.2910 0.8881
vn -0.4121 0.8512 0.3251
vn -0.9161 0.2348 0.3251
vn -0.2348 -0.9161 -0.3251
vn -0.8512 -0.4121 -0.3251
vn -0.2910 -0.3559 -0.8881
vn -0.4121 0.8512 -0.3251
vn -0.3559 0.2910 -0.8881
vn -0.9161 0.2348 -0.3251
vn 0.4121 -0.8512 0.3251
vn 0.9161 -0.2348 0.3251
vn 0.3559 -0.2910 0.8881
vn 0.2348 0.9161 0.3251
vn 0.2910 0.3559 0.8881
vn 0.8512 0.4121 0.3251
vn 0.4121 -0.8512 -0.3251
vn 0.3559 -0.2910 -0.8881
vn 0.9161 -0.2348 -0.3251
vn 0.2348 0.9161 -0.3251
vn 0.8512 0.4121 -0.3251
vn 0.2910 0.3559 -0.8881
vn -0.2885 -0.9575 -0.0000
vn -0.8811 -0.4730 -0.0000
vn -0.3808 -0.0382 0.9239
vn -0.9193 -0.0922 0.3827
vn -0.4730 0.8811 -0.0000
vn -0.9575 0.2885 -0.0000
vn -0.3808 -0.0382 -0.9239
vn -0.9193 -0.0922 -0.3827
vn 0.0922 -0.9193 -0.3827
vn 0.0382 -0.3808 -0.9239
vn -0.0922 0.9193 -0.3827
vn -0.0382 0.3808 -0.9239
vn 0.9193 0.0922 -0.3827
vn 0.3808 0.0382 -0.9239
vn 0.4730 -0.8811 -0.0000
vn 0.9575 -0.2885 -0.0000
vn 0.2885 0.9575 -0.0000
vn 0.8811 0.4730 -0.0000
vn 0.3808 0.0382 0.9239
vn 0.9193 0.0922 0.3827
vn 0.0922 -0.9193 0.3827
vn 0.0382 -0.3808 0.9239
vn -0.0922 0.9193 0.3827
vn -0.0382 0.3808 0.9239
vn 0.0998 -0.9950 -0.0000
vn -0.9950 -0.0998 -0.0000
vn -0.0000 -0.0000 1.0000
vn -0.0998 0.9950 -0.0000
vn -0.0000 -0.0000 -1.0000
vn 0.9950 0.0998 -0.0000
vt 0.181818 0.665541
vt 0.181818 0.750000
vt 0.149014 0.750000
vt 0.125000 0.665541
vt 0.399038 0.943182
vt 0.399038 1.000000
vt 0.385160 1.000000
vt 0.375000 0.943182
vt 0.399038 0.084459
vt 0.375000 0.084459
vt 0.375000 0.035697
vt 0.399038 0.000000
vt 0.600962 0.943182
vt 0.625000 0.943182
vt 0.625000 0.975986
vt 0.600962 1.000000
vt 0.818182 0.665541
vt 0.875000 0.665541
vt 0.875000 0.714303
vt 0.818182 0.750000
vt 0.600961 0.084459
vt 0.600962 0.000000
vt 0.614840 0.000000
vt 0.625000 0.084459
vt 0.181818 0.584459
vt 0.125000 0.584459
vt 0.125000 0.535697
vt 0.181818 0.500000
vt 0.399038 0.165541
vt 0.399038 0.250000
vt 0.380080 0.262007
vt 0.375000 0.165541
vt 0.399038 0.306818
vt 0.375000 0.306818
vt 0.818182 0.584459
vt 0.818182 0.500000
vt 0.850986 0.500000
vt 0.875000 0.584459
vt 0.600962 0.306818
vt 0.600962 0.250000
vt 0.619920 0.232152
vt 0.625000 0.306818
vt 0.600962 0.165541
vt 0.625000 0.165541
vt 0.318182 0.665541
vt 0.375000 0.665541
vt 0.378387 0.746106
vt 0.346591 0.778409
vt 0.399038 0.665541
vt 0.399038 0.750000
vt 0.399038 0.806818
vt 0.681818 0.665541
vt 0.653409 0.778409
vt 0.629618 0.738101
vt 0.625000 0.665541
vt 0.600962 0.806818
vt 0.600962 0.750000
vt 0.600962 0.665541
vt 0.318182 0.584459
vt 0.346591 0.471591
vt 0.370382 0.511899
vt 0.375000 0.584459
vt 0.399038 0.443182
vt 0.399038 0.500000
vt 0.399038 0.584459
vt 0.681818 0.584459
vt 0.625000 0.584459
vt 0.621613 0.503894
vt 0.653409 0.471591
vt 0.600961 0.584459
vt 0.600962 0.500000
vt 0.600962 0.443182
s 0
usemtl MAT_Polymer
f 3557/4431/3445 3560/4432/3445 3561/4433/3445 3563/4434/3445
f 3558/4435/3446 3562/4436/3446 3561/4437/3446 3560/4438/3446
f 3559/4439/3447 3563/4440/3447 3561/4441/3447 3562/4442/3447
f 3564/4443/3448 3567/4444/3448 3568/4445/3448 3570/4446/3448
f 3565/4447/3449 3569/4448/3449 3568/4449/3449 3567/4450/3449
f 3566/4451/3450 3570/4452/3450 3568/4453/3450 3569/4454/3450
f 3571/4455/3451 3574/4456/3451 3575/4457/3451 3577/4458/3451
f 3572/4459/3452 3576/4460/3452 3575/4461/3452 3574/4462/3452
f 3573/4463/3453 3577/4464/3453 3575/4461/3453 3576/4460/3453
f 3578/4465/3454 3581/4466/3454 3582/4467/3454 3584/4468/3454
f 3579/4469/3455 3583/4470/3455 3582/4471/3455 3581/4472/3455
f 3580/4473/3456 3584/4474/3456 3582/4471/3456 3583/4470/3456
f 3585/4475/3457 3588/4476/3457 3589/4477/3457 3591/4478/3457
f 3586/4479/3458 3590/4480/3458 3589/4477/3458 3588/4476/3458
f 3587/4481/3459 3591/4478/3459 3589/4477/3459 3590/4480/3459
f 3592/4482/3460 3595/4483/3460 3596/4484/3460 3598/4485/3460
f 3593/4486/3461 3597/4487/3461 3596/4484/3461 3595/4483/3461
f 3594/4488/3462 3598/4485/3462 3596/4484/3462 3597/4487/3462
f 3599/4489/3463 3602/4490/3463 3603/4491/3463 3605/4492/3463
f 3600/4493/3464 3604/4494/3464 3603/4491/3464 3602/4490/3464
f 3601/4495/3465 3605/4492/3465 3603/4491/3465 3604/4494/3465
f 3606/4496/3466 3609/4497/3466 3610/4498/3466 3612/4499/3466
f 3607/4500/3467 3611/4501/3467 3610/4498/3467 3609/4497/3467
f 3608/4502/3468 3612/4499/3468 3610/4498/3468 3611/4501/3468
f 3571/4455/3469 3557/4431/3469 3563/4434/3469 3574/4456/3469
f 3574/4462/3470 3563/4440/3470 3559/4439/3470 3572/4459/3470
f 3558/4435/3471 3564/4443/3471 3570/4446/3471 3562/4436/3471
f 3562/4442/3472 3570/4452/3472 3566/4451/3472 3559/4439/3472
f 3565/4447/3473 3578/4465/3473 3584/4468/3473 3569/4448/3473
f 3569/4454/3474 3584/4474/3474 3580/4473/3474 3566/4451/3474
f 3579/4469/3475 3573/4463/3475 3576/4460/3475 3583/4470/3475
f 3583/4470/3476 3576/4460/3476 3572/4459/3476 3580/4473/3476
f 3599/4489/3477 3571/4455/3477 3577/4458/3477 3602/4490/3477
f 3602/4490/3478 3577/4464/3478 3573/4463/3478 3600/4493/3478
f 3578/4465/3479 3606/4496/3479 3612/4499/3479 3581/4466/3479
f 3581/4472/3480 3612/4499/3480 3608/4502/3480 3579/4469/3480
f 3607/4500/3481 3601/4495/3481 3604/4494/3481 3611/4501/3481
f 3611/4501/3482 3604/4494/3482 3600/4493/3482 3608/4502/3482
f 3585/4475/3483 3599/4489/3483 3605/4492/3483 3588/4476/3483
f 3588/4476/3484 3605/4492/3484 3601/4495/3484 3586/4479/3484
f 3606/4496/3485 3592/4482/3485 3598/4485/3485 3609/4497/3485
f 3609/4497/3486 3598/4485/3486 3594/4488/3486 3607/4500/3486
f 3593/4486/3487 3587/4481/3487 3590/4480/3487 3597/4487/3487
f 3597/4487/3488 3590/4480/3488 3586/4479/3488 3594/4488/3488
f 3557/4431/3489 3585/4475/3489 3591/4478/3489 3560/4432/3489
f 3560/4438/3490 3591/4478/3490 3587/4481/3490 3558/4435/3490
f 3592/4482/3491 3565/4447/3491 3567/4450/3491 3595/4483/3491
f 3595/4483/3492 3567/4444/3492 3564/4443/3492 3593/4486/3492
f 3571/4455/3493 3599/4489/3493 3585/4475/3493 3557/4431/3493
f 3559/4439/3494 3566/4451/3494 3580/4473/3494 3572/4459/3494
f 3587/4481/3495 3593/4486/3495 3564/4443/3495 3558/4435/3495
f 3606/4496/3496 3578/4465/3496 3565/4447/3496 3592/4482/3496
f 3573/4463/3497 3579/4469/3497 3608/4502/3497 3600/4493/3497
f 3601/4495/3498 3607/4500/3498 3594/4488/3498 3586/4479/3498
o WPN_AR_TopRail
v -0.895000 1.252000 0.442000
v -0.895000 1.257000 0.447000
v -0.900000 1.257000 0.442000
v -0.895000 1.253465 0.445536
v -0.897887 1.254113 0.444887
v -0.898535 1.257000 0.445536
v -0.898535 1.253465 0.442000
v -0.895000 1.271000 0.447000
v -0.895000 1.276000 0.442000
v -0.900000 1.271000 0.442000
v -0.895000 1.274536 0.445536
v -0.897887 1.273887 0.444887
v -0.898535 1.274536 0.442000
v -0.898535 1.271000 0.445536
v -0.895000 1.252000 0.398000
v -0.900000 1.257000 0.398000
v -0.895000 1.257000 0.393000
v -0.898535 1.253465 0.398000
v -0.897887 1.254113 0.395113
v -0.898535 1.257000 0.394464
v -0.895000 1.253465 0.394464
v -0.895000 1.276000 0.398000
v -0.895000 1.271000 0.393000
v -0.900000 1.271000 0.398000
v -0.895000 1.274536 0.394464
v -0.897887 1.273887 0.395113
v -0.898535 1.271000 0.394464
v -0.898535 1.274536 0.398000
v -0.245000 1.252000 0.442000
v -0.240000 1.257000 0.442000
v -0.245000 1.257000 0.447000
v -0.241464 1.253465 0.442000
v -0.242113 1.254113 0.444887
v -0.241464 1.257000 0.445536
v -0.245000 1.253465 0.445536
v -0.245000 1.276000 0.442000
v -0.245000 1.271000 0.447000
v -0.240000 1.271000 0.442000
v -0.245000 1.274536 0.445536
v -0.242113 1.273887 0.444887
v -0.241464 1.271000 0.445536
v -0.241464 1.274536 0.442000
v -0.245000 1.252000 0.398000
v -0.245000 1.257000 0.393000
v -0.240000 1.257000 0.398000
v -0.245000 1.253465 0.394464
v -0.242113 1.254113 0.395113
v -0.241464 1.257000 0.394464
v -0.241464 1.253465 0.398000
v -0.245000 1.276000 0.398000
v -0.240000 1.271000 0.398000
v -0.245000 1.271000 0.393000
v -0.241464 1.274536 0.398000
v -0.242113 1.273887 0.395113
v -0.241464 1.271000 0.394464
v -0.245000 1.274536 0.394464
vn -0.3251 -0.8881 0.3251
vn -0.3251 -0.3251 0.8881
vn -0.8881 -0.3251 0.3251
vn -0.3251 0.3251 0.8881
vn -0.3251 0.8881 0.3251
vn -0.8881 0.3251 0.3251
vn -0.3251 -0.8881 -0.3251
vn -0.8881 -0.3251 -0.3251
vn -0.3251 -0.3251 -0.8881
vn -0.3251 0.8881 -0.3251
vn -0.3251 0.3251 -0.8881
vn -0.8881 0.3251 -0.3251
vn 0.3251 -0.8881 0.3251
vn 0.8881 -0.3251 0.3251
vn 0.3251 -0.3251 0.8881
vn 0.3251 0.8881 0.3251
vn 0.3251 0.3251 0.8881
vn 0.8881 0.3251 0.3251
vn 0.3251 -0.8881 -0.3251
vn 0.3251 -0.3251 -0.8881
vn 0.8881 -0.3251 -0.3251
vn 0.3251 0.8881 -0.3251
vn 0.8881 0.3251 -0.3251
vn 0.3251 0.3251 -0.8881
vn -0.3827 -0.9239 -0.0000
vn -0.9239 -0.3827 -0.0000
vn -0.3827 -0.0000 0.9239
vn -0.9239 -0.0000 0.3827
vn -0.3827 0.9239 -0.0000
vn -0.9239 0.3827 -0.0000
vn -0.3827 -0.0000 -0.9239
vn -0.9239 -0.0000 -0.3827
vn -0.0000 -0.9239 -0.3827
vn -0.0000 -0.3827 -0.9239
vn -0.0000 0.9239 -0.3827
vn -0.0000 0.3827 -0.9239
vn 0.9239 -0.0000 -0.3827
vn 0.3827 -0.0000 -0.9239
vn 0.3827 -0.9239 -0.0000
vn 0.9239 -0.3827 -0.0000
vn 0.3827 0.9239 -0.0000
vn 0.9239 0.3827 -0.0000
vn 0.3827 -0.0000 0.9239
vn 0.9239 -0.0000 0.3827
vn -0.0000 -0.9239 0.3827
vn -0.0000 -0.3827 0.9239
vn -0.0000 0.9239 0.3827
vn -0.0000 0.3827 0.9239
vn -0.0000 -1.0000 -0.0000
vn -1.0000 -0.0000 -0.0000
vn -0.0000 -0.0000 1.0000
vn -0.0000 1.0000 -0.0000
vn -0.0000 -0.0000 -1.0000
vn 1.0000 -0.0000 -0.0000
vt 0.126894 0.726852
vt 0.126894 0.750000
vt 0.125800 0.750000
vt 0.125000 0.726852
vt 0.427083 0.998106
vt 0.427083 1.000000
vt 0.397013 1.000000
vt 0.375000 0.998106
vt 0.427083 0.023148
vt 0.375000 0.023148
vt 0.375000 0.009784
vt 0.427083 0.000000
vt 0.572917 0.998106
vt 0.625000 0.998106
vt 0.625000 0.999200
vt 0.572917 1.000000
vt 0.873106 0.726852
vt 0.875000 0.726852
vt 0.875000 0.740216
vt 0.873106 0.750000
vt 0.572917 0.023148
vt 0.572917 0.000000
vt 0.602987 0.000000
vt 0.625000 0.023148
vt 0.126894 0.523148
vt 0.125000 0.523148
vt 0.125000 0.509784
vt 0.126894 0.500000
vt 0.427083 0.226852
vt 0.427083 0.250000
vt 0.386007 0.250400
vt 0.375000 0.226852
vt 0.427083 0.251894
vt 0.375000 0.251894
vt 0.873106 0.523148
vt 0.873106 0.500000
vt 0.874200 0.500000
vt 0.875000 0.523148
vt 0.572917 0.251894
vt 0.572917 0.250000
vt 0.613994 0.245108
vt 0.625000 0.251894
vt 0.572917 0.226852
vt 0.625000 0.226852
vt 0.373106 0.726852
vt 0.375000 0.726852
vt 0.382338 0.747006
vt 0.374053 0.750947
vt 0.427083 0.726852
vt 0.427083 0.750000
vt 0.427083 0.751894
vt 0.626894 0.726852
vt 0.625947 0.750947
vt 0.617929 0.746739
vt 0.625000 0.726852
vt 0.572917 0.751894
vt 0.572917 0.750000
vt 0.572917 0.726852
vt 0.373106 0.523148
vt 0.374053 0.499053
vt 0.382071 0.503261
vt 0.375000 0.523148
vt 0.427083 0.498106
vt 0.427083 0.500000
vt 0.427083 0.523148
vt 0.626894 0.523148
vt 0.625000 0.523148
vt 0.617662 0.502994
vt 0.625947 0.499053
vt 0.572917 0.523148
vt 0.572917 0.500000
vt 0.572917 0.498106
s 0
usemtl MAT_PaintedMetal
f 3613/4503/3499 3616/4504/3499 3617/4505/3499 3619/4506/3499
f 3614/4507/3500 3618/4508/3500 3617/4509/3500 3616/4510/3500
f 3615/4511/3501 3619/4512/3501 3617/4513/3501 3618/4514/3501
f 3620/4515/3502 3623/4516/3502 3624/4517/3502 3626/4518/3502
f 3621/4519/3503 3625/4520/3503 3624/4521/3503 3623/4522/3503
f 3622/4523/3504 3626/4524/3504 3624/4525/3504 3625/4526/3504
f 3627/4527/3505 3630/4528/3505 3631/4529/3505 3633/4530/3505
f 3628/4531/3506 3632/4532/3506 3631/4533/3506 3630/4534/3506
f 3629/4535/3507 3633/4536/3507 3631/4533/3507 3632/4532/3507
f 3634/4537/3508 3637/4538/3508 3638/4539/3508 3640/4540/3508
f 3635/4541/3509 3639/4542/3509 3638/4543/3509 3637/4544/3509
f 3636/4545/3510 3640/4546/3510 3638/4543/3510 3639/4542/3510
f 3641/4547/3511 3644/4548/3511 3645/4549/3511 3647/4550/3511
f 3642/4551/3512 3646/4552/3512 3645/4549/3512 3644/4548/3512
f 3643/4553/3513 3647/4550/3513 3645/4549/3513 3646/4552/3513
f 3648/4554/3514 3651/4555/3514 3652/4556/3514 3654/4557/3514
f 3649/4558/3515 3653/4559/3515 3652/4556/3515 3651/4555/3515
f 3650/4560/3516 3654/4557/3516 3652/4556/3516 3653/4559/3516
f 3655/4561/3517 3658/4562/3517 3659/4563/3517 3661/4564/3517
f 3656/4565/3518 3660/4566/3518 3659/4563/3518 3658/4562/3518
f 3657/4567/3519 3661/4564/3519 3659/4563/3519 3660/4566/3519
f 3662/4568/3520 3665/4569/3520 3666/4570/3520 3668/4571/3520
f 3663/4572/3521 3667/4573/3521 3666/4570/3521 3665/4569/3521
f 3664/4574/3522 3668/4571/3522 3666/4570/3522 3667/4573/3522
f 3627/4527/3523 3613/4503/3523 3619/4506/3523 3630/4528/3523
f 3630/4534/3524 3619/4512/3524 3615/4511/3524 3628/4531/3524
f 3614/4507/3525 3620/4515/3525 3626/4518/3525 3618/4508/3525
f 3618/4514/3526 3626/4524/3526 3622/4523/3526 3615/4511/3526
f 3621/4519/3527 3634/4537/3527 3640/4540/3527 3625/4520/3527
f 3625/4526/3528 3640/4546/3528 3636/4545/3528 3622/4523/3528
f 3635/4541/3529 3629/4535/3529 3632/4532/3529 3639/4542/3529
f 3639/4542/3530 3632/4532/3530 3628/4531/3530 3636/4545/3530
f 3655/4561/3531 3627/4527/3531 3633/4530/3531 3658/4562/3531
f 3658/4562/3532 3633/4536/3532 3629/4535/3532 3656/4565/3532
f 3634/4537/3533 3662/4568/3533 3668/4571/3533 3637/4538/3533
f 3637/4544/3534 3668/4571/3534 3664/4574/3534 3635/4541/3534
f 3663/4572/3535 3657/4567/3535 3660/4566/3535 3667/4573/3535
f 3667/4573/3536 3660/4566/3536 3656/4565/3536 3664/4574/3536
f 3641/4547/3537 3655/4561/3537 3661/4564/3537 3644/4548/3537
f 3644/4548/3538 3661/4564/3538 3657/4567/3538 3642/4551/3538
f 3662/4568/3539 3648/4554/3539 3654/4557/3539 3665/4569/3539
f 3665/4569/3540 3654/4557/3540 3650/4560/3540 3663/4572/3540
f 3649/4558/3541 3643/4553/3541 3646/4552/3541 3653/4559/3541
f 3653/4559/3542 3646/4552/3542 3642/4551/3542 3650/4560/3542
f 3613/4503/3543 3641/4547/3543 3647/4550/3543 3616/4504/3543
f 3616/4510/3544 3647/4550/3544 3643/4553/3544 3614/4507/3544
f 3648/4554/3545 3621/4519/3545 3623/4522/3545 3651/4555/3545
f 3651/4555/3546 3623/4516/3546 3620/4515/3546 3649/4558/3546
f 3627/4527/3547 3655/4561/3547 3641/4547/3547 3613/4503/3547
f 3615/4511/3548 3622/4523/3548 3636/4545/3548 3628/4531/3548
f 3643/4553/3549 3649/4558/3549 3620/4515/3549 3614/4507/3549
f 3662/4568/3550 3634/4537/3550 3621/4519/3550 3648/4554/3550
f 3629/4535/3551 3635/4541/3551 3664/4574/3551 3656/4565/3551
f 3657/4567/3552 3663/4572/3552 3650/4560/3552 3642/4551/3552
o WPN_AR_OpticBase
v -0.680000 1.269000 0.450000
v -0.680000 1.279000 0.460000
v -0.690000 1.279000 0.450000
v -0.680000 1.271929 0.457071
v -0.685773 1.273226 0.455774
v -0.687071 1.279000 0.457071
v -0.687071 1.271929 0.450000
v -0.680000 1.311000 0.460000
v -0.680000 1.321000 0.450000
v -0.690000 1.311000 0.450000
v -0.680000 1.318071 0.457071
v -0.685773 1.316773 0.455774
v -0.687071 1.318071 0.450000
v -0.687071 1.311000 0.457071
v -0.680000 1.269000 0.390000
v -0.690000 1.279000 0.390000
v -0.680000 1.279000 0.380000
v -0.687071 1.271929 0.390000
v -0.685773 1.273226 0.384226
v -0.687071 1.279000 0.382929
v -0.680000 1.271929 0.382929
v -0.680000 1.321000 0.390000
v -0.680000 1.311000 0.380000
v -0.690000 1.311000 0.390000
v -0.680000 1.318071 0.382929
v -0.685773 1.316773 0.384226
v -0.687071 1.311000 0.382929
v -0.687071 1.318071 0.390000
v -0.560000 1.269000 0.450000
v -0.550000 1.279000 0.450000
v -0.560000 1.279000 0.460000
v -0.552929 1.271929 0.450000
v -0.554227 1.273226 0.455774
v -0.552929 1.279000 0.457071
v -0.560000 1.271929 0.457071
v -0.560000 1.321000 0.450000
v -0.560000 1.311000 0.460000
v -0.550000 1.311000 0.450000
v -0.560000 1.318071 0.457071
v -0.554227 1.316773 0.455774
v -0.552929 1.311000 0.457071
v -0.552929 1.318071 0.450000
v -0.560000 1.269000 0.390000
v -0.560000 1.279000 0.380000
v -0.550000 1.279000 0.390000
v -0.560000 1.271929 0.382929
v -0.554227 1.273226 0.384226
v -0.552929 1.279000 0.382929
v -0.552929 1.271929 0.390000
v -0.560000 1.321000 0.390000
v -0.550000 1.311000 0.390000
v -0.560000 1.311000 0.380000
v -0.552929 1.318071 0.390000
v -0.554227 1.316773 0.384226
v -0.552929 1.311000 0.382929
v -0.560000 1.318071 0.382929
vn -0.3251 -0.8881 0.3251
vn -0.3251 -0.3251 0.8881
vn -0.8881 -0.3251 0.3251
vn -0.3251 0.3251 0.8881
vn -0.3251 0.8881 0.3251
vn -0.8881 0.3251 0.3251
vn -0.3251 -0.8881 -0.3251
vn -0.8881 -0.3251 -0.3251
vn -0.3251 -0.3251 -0.8881
vn -0.3251 0.8881 -0.3251
vn -0.3251 0.3251 -0.8881
vn -0.8881 0.3251 -0.3251
vn 0.3251 -0.8881 0.3251
vn 0.8881 -0.3251 0.3251
vn 0.3251 -0.3251 0.8881
vn 0.3251 0.8881 0.3251
vn 0.3251 0.3251 0.8881
vn 0.8881 0.3251 0.3251
vn 0.3251 -0.8881 -0.3251
vn 0.3251 -0.3251 -0.8881
vn 0.8881 -0.3251 -0.3251
vn 0.3251 0.8881 -0.3251
vn 0.8881 0.3251 -0.3251
vn 0.3251 0.3251 -0.8881
vn -0.3827 -0.9239 -0.0000
vn -0.9239 -0.3827 -0.0000
vn -0.3827 -0.0000 0.9239
vn -0.9239 -0.0000 0.3827
vn -0.3827 0.9239 -0.0000
vn -0.9239 0.3827 -0.0000
vn -0.3827 -0.0000 -0.9239
vn -0.9239 -0.0000 -0.3827
vn -0.0000 -0.9239 -0.3827
vn -0.0000 -0.3827 -0.9239
vn -0.0000 0.9239 -0.3827
vn -0.0000 0.3827 -0.9239
vn 0.9239 -0.0000 -0.3827
vn 0.3827 -0.0000 -0.9239
vn 0.3827 -0.9239 -0.0000
vn 0.9239 -0.3827 -0.0000
vn 0.3827 0.9239 -0.0000
vn 0.9239 0.3827 -0.0000
vn 0.3827 -0.0000 0.9239
vn 0.9239 -0.0000 0.3827
vn -0.0000 -0.9239 0.3827
vn -0.0000 -0.3827 0.9239
vn -0.0000 0.9239 0.3827
vn -0.0000 0.3827 0.9239
vn -0.0000 -1.0000 -0.0000
vn -1.0000 -0.0000 -0.0000
vn -0.0000 -0.0000 1.0000
vn -0.0000 1.0000 -0.0000
vn -0.0000 -0.0000 -1.0000
vn 1.0000 -0.0000 -0.0000
vt 0.142857 0.718750
vt 0.142857 0.750000
vt 0.132547 0.750000
vt 0.125000 0.718750
vt 0.423077 0.982143
vt 0.423077 1.000000
vt 0.395320 1.000000
vt 0.375000 0.982143
vt 0.423077 0.031250
vt 0.375000 0.031250
vt 0.375000 0.013208
vt 0.423077 0.000000
vt 0.576923 0.982143
vt 0.625000 0.982143
vt 0.625000 0.992453
vt 0.576923 1.000000
vt 0.857143 0.718750
vt 0.875000 0.718750
vt 0.875000 0.736792
vt 0.857143 0.750000
vt 0.576923 0.031250
vt 0.576923 0.000000
vt 0.604680 0.000000
vt 0.625000 0.031250
vt 0.142857 0.531250
vt 0.125000 0.531250
vt 0.125000 0.513208
vt 0.142857 0.500000
vt 0.423077 0.218750
vt 0.423077 0.250000
vt 0.385160 0.253774
vt 0.375000 0.218750
vt 0.423077 0.267857
vt 0.375000 0.267857
vt 0.857143 0.531250
vt 0.857143 0.500000
vt 0.867453 0.500000
vt 0.875000 0.531250
vt 0.576923 0.267857
vt 0.576923 0.250000
vt 0.614840 0.243396
vt 0.625000 0.267857
vt 0.576923 0.218750
vt 0.625000 0.218750
vt 0.357143 0.718750
vt 0.375000 0.718750
vt 0.381773 0.748113
vt 0.366071 0.758929
vt 0.423077 0.718750
vt 0.423077 0.750000
vt 0.423077 0.767857
vt 0.642857 0.718750
vt 0.633929 0.758929
vt 0.620743 0.745597
vt 0.625000 0.718750
vt 0.576923 0.767857
vt 0.576923 0.750000
vt 0.576923 0.718750
vt 0.357143 0.531250
vt 0.366071 0.491071
vt 0.379258 0.504403
vt 0.375000 0.531250
vt 0.423077 0.482143
vt 0.423077 0.500000
vt 0.423077 0.531250
vt 0.642857 0.531250
vt 0.625000 0.531250
vt 0.618227 0.501887
vt 0.633929 0.491071
vt 0.576923 0.531250
vt 0.576923 0.500000
vt 0.576923 0.482143
s 0
usemtl MAT_PaintedMetal
f 3669/4575/3553 3672/4576/3553 3673/4577/3553 3675/4578/3553
f 3670/4579/3554 3674/4580/3554 3673/4581/3554 3672/4582/3554
f 3671/4583/3555 3675/4584/3555 3673/4585/3555 3674/4586/3555
f 3676/4587/3556 3679/4588/3556 3680/4589/3556 3682/4590/3556
f 3677/4591/3557 3681/4592/3557 3680/4593/3557 3679/4594/3557
f 3678/4595/3558 3682/4596/3558 3680/4597/3558 3681/4598/3558
f 3683/4599/3559 3686/4600/3559 3687/4601/3559 3689/4602/3559
f 3684/4603/3560 3688/4604/3560 3687/4605/3560 3686/4606/3560
f 3685/4607/3561 3689/4608/3561 3687/4605/3561 3688/4604/3561
f 3690/4609/3562 3693/4610/3562 3694/4611/3562 3696/4612/3562
f 3691/4613/3563 3695/4614/3563 3694/4615/3563 3693/4616/3563
f 3692/4617/3564 3696/4618/3564 3694/4615/3564 3695/4614/3564
f 3697/4619/3565 3700/4620/3565 3701/4621/3565 3703/4622/3565
f 3698/4623/3566 3702/4624/3566 3701/4621/3566 3700/4620/3566
f 3699/4625/3567 3703/4622/3567 3701/4621/3567 3702/4624/3567
f 3704/4626/3568 3707/4627/3568 3708/4628/3568 3710/4629/3568
f 3705/4630/3569 3709/4631/3569 3708/4628/3569 3707/4627/3569
f 3706/4632/3570 3710/4629/3570 3708/4628/3570 3709/4631/3570
f 3711/4633/3571 3714/4634/3571 3715/4635/3571 3717/4636/3571
f 3712/4637/3572 3716/4638/3572 3715/4635/3572 3714/4634/3572
f 3713/4639/3573 3717/4636/3573 3715/4635/3573 3716/4638/3573
f 3718/4640/3574 3721/4641/3574 3722/4642/3574 3724/4643/3574
f 3719/4644/3575 3723/4645/3575 3722/4642/3575 3721/4641/3575
f 3720/4646/3576 3724/4643/3576 3722/4642/3576 3723/4645/3576
f 3683/4599/3577 3669/4575/3577 3675/4578/3577 3686/4600/3577
f 3686/4606/3578 3675/4584/3578 3671/4583/3578 3684/4603/3578
f 3670/4579/3579 3676/4587/3579 3682/4590/3579 3674/4580/3579
f 3674/4586/3580 3682/4596/3580 3678/4595/3580 3671/4583/3580
f 3677/4591/3581 3690/4609/3581 3696/4612/3581 3681/4592/3581
f 3681/4598/3582 3696/4618/3582 3692/4617/3582 3678/4595/3582
f 3691/4613/3583 3685/4607/3583 3688/4604/3583 3695/4614/3583
f 3695/4614/3584 3688/4604/3584 3684/4603/3584 3692/4617/3584
f 3711/4633/3585 3683/4599/3585 3689/4602/3585 3714/4634/3585
f 3714/4634/3586 3689/4608/3586 3685/4607/3586 3712/4637/3586
f 3690/4609/3587 3718/4640/3587 3724/4643/3587 3693/4610/3587
f 3693/4616/3588 3724/4643/3588 3720/4646/3588 3691/4613/3588
f 3719/4644/3589 3713/4639/3589 3716/4638/3589 3723/4645/3589
f 3723/4645/3590 3716/4638/3590 3712/4637/3590 3720/4646/3590
f 3697/4619/3591 3711/4633/3591 3717/4636/3591 3700/4620/3591
f 3700/4620/3592 3717/4636/3592 3713/4639/3592 3698/4623/3592
f 3718/4640/3593 3704/4626/3593 3710/4629/3593 3721/4641/3593
f 3721/4641/3594 3710/4629/3594 3706/4632/3594 3719/4644/3594
f 3705/4630/3595 3699/4625/3595 3702/4624/3595 3709/4631/3595
f 3709/4631/3596 3702/4624/3596 3698/4623/3596 3706/4632/3596
f 3669/4575/3597 3697/4619/3597 3703/4622/3597 3672/4576/3597
f 3672/4582/3598 3703/4622/3598 3699/4625/3598 3670/4579/3598
f 3704/4626/3599 3677/4591/3599 3679/4594/3599 3707/4627/3599
f 3707/4627/3600 3679/4588/3600 3676/4587/3600 3705/4630/3600
f 3683/4599/3601 3711/4633/3601 3697/4619/3601 3669/4575/3601
f 3671/4583/3602 3678/4595/3602 3692/4617/3602 3684/4603/3602
f 3699/4625/3603 3705/4630/3603 3676/4587/3603 3670/4579/3603
f 3718/4640/3604 3690/4609/3604 3677/4591/3604 3704/4626/3604
f 3685/4607/3605 3691/4613/3605 3720/4646/3605 3712/4637/3605
f 3713/4639/3606 3719/4644/3606 3706/4632/3606 3698/4623/3606
o WPN_AR_Optic
v -0.690000 1.350000 0.390129
v -0.675000 1.350000 0.375000
v -0.685607 1.350000 0.379431
v -0.550000 1.350000 0.390129
v -0.565000 1.350000 0.375000
v -0.554393 1.350000 0.379431
v -0.690000 1.342269 0.391147
v -0.675000 1.338353 0.376533
v -0.685607 1.339500 0.380814
v -0.550000 1.342269 0.391147
v -0.565000 1.338353 0.376533
v -0.554393 1.339500 0.380814
v -0.690000 1.335065 0.394131
v -0.675000 1.327500 0.381029
v -0.685607 1.329716 0.384866
v -0.550000 1.335065 0.394131
v -0.565000 1.327500 0.381029
v -0.554393 1.329716 0.384866
v -0.690000 1.328878 0.398878
v -0.675000 1.318180 0.388180
v -0.685607 1.321314 0.391314
v -0.550000 1.328878 0.398878
v -0.565000 1.318180 0.388180
v -0.554393 1.321314 0.391314
v -0.690000 1.324131 0.405065
v -0.675000 1.311029 0.397500
v -0.685607 1.314867 0.399716
v -0.550000 1.324131 0.405065
v -0.565000 1.311029 0.397500
v -0.554393 1.314867 0.399716
v -0.690000 1.321147 0.412269
v -0.675000 1.306533 0.408353
v -0.685607 1.310814 0.409500
v -0.550000 1.321147 0.412269
v -0.565000 1.306533 0.408353
v -0.554393 1.310814 0.409500
v -0.690000 1.320130 0.420000
v -0.675000 1.305000 0.420000
v -0.685607 1.309431 0.420000
v -0.550000 1.320129 0.420000
v -0.565000 1.305000 0.420000
v -0.554393 1.309431 0.420000
v -0.690000 1.321147 0.427731
v -0.675000 1.306533 0.431647
v -0.685607 1.310814 0.430500
v -0.550000 1.321147 0.427731
v -0.565000 1.306533 0.431647
v -0.554393 1.310814 0.430500
v -0.690000 1.324131 0.434935
v -0.675000 1.311029 0.442500
v -0.685607 1.314867 0.440284
v -0.550000 1.324131 0.434935
v -0.565000 1.311029 0.442500
v -0.554393 1.314867 0.440284
v -0.690000 1.328878 0.441122
v -0.675000 1.318180 0.451820
v -0.685607 1.321314 0.448686
v -0.550000 1.328878 0.441122
v -0.565000 1.318180 0.451820
v -0.554393 1.321314 0.448686
v -0.690000 1.335065 0.445869
v -0.675000 1.327500 0.458971
v -0.685607 1.329716 0.455133
v -0.550000 1.335065 0.445869
v -0.565000 1.327500 0.458971
v -0.554393 1.329716 0.455133
v -0.690000 1.342269 0.448853
v -0.675000 1.338353 0.463467
v -0.685607 1.339500 0.459186
v -0.550000 1.342269 0.448853
v -0.565000 1.338353 0.463467
v -0.554393 1.339500 0.459186
v -0.690000 1.350000 0.449871
v -0.675000 1.350000 0.465000
v -0.685607 1.350000 0.460569
v -0.550000 1.350000 0.449871
v -0.565000 1.350000 0.465000
v -0.554393 1.350000 0.460569
v -0.690000 1.357731 0.448853
v -0.675000 1.361647 0.463467
v -0.685607 1.360500 0.459186
v -0.550000 1.357731 0.448853
v -0.565000 1.361647 0.463467
v -0.554393 1.360500 0.459186
v -0.690000 1.364935 0.445869
v -0.675000 1.372500 0.458971
v -0.685607 1.370284 0.455133
v -0.550000 1.364935 0.445869
v -0.565000 1.372500 0.458971
v -0.554393 1.370284 0.455133
v -0.690000 1.371122 0.441122
v -0.675000 1.381820 0.451820
v -0.685607 1.378686 0.448686
v -0.550000 1.371122 0.441122
v -0.565000 1.381820 0.451820
v -0.554393 1.378686 0.448686
v -0.690000 1.375869 0.434935
v -0.675000 1.388971 0.442500
v -0.685607 1.385134 0.440284
v -0.550000 1.375869 0.434935
v -0.565000 1.388971 0.442500
v -0.554393 1.385134 0.440284
v -0.690000 1.378853 0.427731
v -0.675000 1.393467 0.431647
v -0.685607 1.389186 0.430500
v -0.550000 1.378853 0.427731
v -0.565000 1.393467 0.431647
v -0.554393 1.389186 0.430500
v -0.690000 1.379871 0.420000
v -0.675000 1.395000 0.420000
v -0.685607 1.390569 0.420000
v -0.550000 1.379871 0.420000
v -0.565000 1.395000 0.420000
v -0.554393 1.390569 0.420000
v -0.690000 1.378853 0.412269
v -0.675000 1.393467 0.408353
v -0.685607 1.389186 0.409500
v -0.550000 1.378853 0.412269
v -0.565000 1.393467 0.408353
v -0.554393 1.389186 0.409500
v -0.690000 1.375869 0.405065
v -0.675000 1.388971 0.397500
v -0.685607 1.385134 0.399716
v -0.550000 1.375869 0.405065
v -0.565000 1.388971 0.397500
v -0.554393 1.385134 0.399716
v -0.690000 1.371122 0.398878
v -0.675000 1.381820 0.388180
v -0.685607 1.378686 0.391314
v -0.550000 1.371122 0.398878
v -0.565000 1.381820 0.388180
v -0.554393 1.378686 0.391314
v -0.690000 1.364935 0.394131
v -0.675000 1.372500 0.381029
v -0.685607 1.370284 0.384866
v -0.550000 1.364935 0.394131
v -0.565000 1.372500 0.381029
v -0.554393 1.370284 0.384866
v -0.690000 1.357731 0.391147
v -0.675000 1.361647 0.376533
v -0.685607 1.360500 0.380814
v -0.550000 1.357731 0.391147
v -0.565000 1.361647 0.376533
v -0.554393 1.360500 0.380814
vn -0.3827 -0.1206 -0.9160
vn -0.9239 -0.0500 -0.3794
vn 0.3827 -0.1206 -0.9160
vn 0.9239 -0.0500 -0.3794
vn -0.3827 -0.3536 -0.8536
vn -0.9239 -0.1464 -0.3536
vn 0.3827 -0.3536 -0.8536
vn 0.9239 -0.1464 -0.3536
vn -0.3827 -0.5624 -0.7330
vn -0.9239 -0.2330 -0.3036
vn 0.3827 -0.5624 -0.7330
vn 0.9239 -0.2330 -0.3036
vn -0.3827 -0.7330 -0.5624
vn -0.9239 -0.3036 -0.2330
vn 0.3827 -0.7330 -0.5624
vn 0.9239 -0.3036 -0.2330
vn -0.3827 -0.8536 -0.3536
vn -0.9239 -0.3536 -0.1464
vn 0.3827 -0.8536 -0.3536
vn 0.9239 -0.3536 -0.1464
vn -0.3827 -0.9160 -0.1206
vn -0.9239 -0.3794 -0.0500
vn 0.3827 -0.9160 -0.1206
vn 0.9239 -0.3794 -0.0500
vn -0.3827 -0.9160 0.1206
vn -0.9239 -0.3794 0.0500
vn 0.3827 -0.9160 0.1206
vn 0.9239 -0.3794 0.0500
vn -0.3827 -0.8536 0.3536
vn -0.9239 -0.3536 0.1464
vn 0.3827 -0.8536 0.3536
vn 0.9239 -0.3536 0.1464
vn -0.3827 -0.7330 0.5624
vn -0.9239 -0.3036 0.2330
vn 0.3827 -0.7330 0.5624
vn 0.9239 -0.3036 0.2330
vn -0.3827 -0.5624 0.7330
vn -0.9239 -0.2330 0.3036
vn 0.3827 -0.5624 0.7330
vn 0.9239 -0.2330 0.3036
vn -0.3827 -0.3536 0.8536
vn -0.9239 -0.1464 0.3536
vn 0.3827 -0.3536 0.8536
vn 0.9239 -0.1464 0.3536
vn -0.3827 -0.1206 0.9160
vn -0.9239 -0.0500 0.3794
vn 0.3827 -0.1206 0.9160
vn 0.9239 -0.0500 0.3794
vn -0.3827 0.1206 0.9160
vn -0.9239 0.0500 0.3794
vn 0.3827 0.1206 0.9160
vn 0.9239 0.0500 0.3794
vn -0.3827 0.3536 0.8536
vn -0.9239 0.1464 0.3536
vn 0.3827 0.3536 0.8536
vn 0.9239 0.1464 0.3536
vn -0.3827 0.5624 0.7330
vn -0.9239 0.2330 0.3036
vn 0.3827 0.5624 0.7330
vn 0.9239 0.2330 0.3036
vn -0.3827 0.7330 0.5624
vn -0.9239 0.3036 0.2330
vn 0.3827 0.7330 0.5624
vn 0.9239 0.3036 0.2330
vn -0.3827 0.8536 0.3536
vn -0.9239 0.3536 0.1464
vn 0.3827 0.8536 0.3536
vn 0.9239 0.3536 0.1464
vn -0.3827 0.9160 0.1206
vn -0.9239 0.3794 0.0500
vn 0.3827 0.9160 0.1206
vn 0.9239 0.3794 0.0500
vn -0.3827 0.9160 -0.1206
vn -0.9239 0.3794 -0.0500
vn 0.3827 0.9160 -0.1206
vn 0.9239 0.3794 -0.0500
vn -0.3827 0.8536 -0.3536
vn -0.9239 0.3536 -0.1464
vn 0.3827 0.8536 -0.3536
vn 0.9239 0.3536 -0.1464
vn -0.3827 0.7330 -0.5624
vn -0.9239 0.3036 -0.2330
vn 0.3827 0.7330 -0.5624
vn 0.9239 0.3036 -0.2330
vn -0.3827 0.5624 -0.7330
vn -0.9239 0.2330 -0.3036
vn 0.3827 0.5624 -0.7330
vn 0.9239 0.2330 -0.3036
vn -0.3827 0.3536 -0.8536
vn -0.9239 0.1464 -0.3536
vn 0.3827 0.3536 -0.8536
vn 0.9239 0.1464 -0.3536
vn -0.3827 0.1206 -0.9160
vn -0.9239 0.0500 -0.3794
vn 0.3827 0.1206 -0.9160
vn 0.9239 0.0500 -0.3794
vn -1.0000 -0.0000 -0.0000
vn -0.0000 -0.1305 -0.9914
vn -0.0000 0.1305 -0.9914
vn 1.0000 -0.0000 -0.0000
vn -0.0000 -0.3827 -0.9239
vn -0.0000 -0.6088 -0.7934
vn -0.0000 -0.7934 -0.6088
vn -0.0000 -0.9239 -0.3827
vn -0.0000 -0.9914 -0.1305
vn -0.0000 -0.9914 0.1305
vn -0.0000 -0.9239 0.3827
vn -0.0000 -0.7934 0.6088
vn -0.0000 -0.6088 0.7934
vn -0.0000 -0.3827 0.9239
vn -0.0000 -0.1305 0.9914
vn -0.0000 0.1305 0.9914
vn -0.0000 0.3827 0.9239
vn -0.0000 0.6088 0.7934
vn -0.0000 0.7934 0.6088
vn -0.0000 0.9239 0.3827
vn -0.0000 0.9914 0.1305
vn -0.0000 0.9914 -0.1305
vn -0.0000 0.9239 -0.3827
vn -0.0000 0.7934 -0.6088
vn -0.0000 0.6088 -0.7934
vn -0.0000 0.3827 -0.9239
vt 1.000000 0.553571
vt 0.958333 0.553571
vt 0.958333 0.500000
vt 0.997948 0.500000
vt 0.750000 0.489597
vt 0.812012 0.481433
vt 0.791233 0.403881
vt 0.750000 0.409310
vt 0.958333 0.946429
vt 1.000000 0.946429
vt 0.997948 1.000000
vt 0.958333 1.000000
vt 0.312012 0.481433
vt 0.250000 0.489597
vt 0.250000 0.409310
vt 0.291232 0.403881
vt 0.916667 0.553571
vt 0.916667 0.500000
vt 0.869799 0.457497
vt 0.829655 0.387966
vt 0.916667 0.946429
vt 0.916667 1.000000
vt 0.369799 0.457497
vt 0.329655 0.387966
vt 0.875000 0.553571
vt 0.875000 0.500000
vt 0.919421 0.419421
vt 0.862649 0.362649
vt 0.875000 0.946429
vt 0.875000 1.000000
vt 0.419421 0.419421
vt 0.362649 0.362649
vt 0.833333 0.553571
vt 0.833333 0.500000
vt 0.957497 0.369799
vt 0.887966 0.329655
vt 0.833333 0.946429
vt 0.833333 1.000000
vt 0.457497 0.369799
vt 0.387966 0.329655
vt 0.791667 0.553571
vt 0.791667 0.500000
vt 0.981433 0.312012
vt 0.903881 0.291232
vt 0.791667 0.946429
vt 0.791667 1.000000
vt 0.481433 0.312012
vt 0.403881 0.291232
vt 0.750000 0.553571
vt 0.750000 0.500000
vt 0.989597 0.250000
vt 0.909310 0.250000
vt 0.750000 0.946429
vt 0.750000 1.000000
vt 0.489597 0.250000
vt 0.409310 0.250000
vt 0.708333 0.553571
vt 0.708333 0.500000
vt 0.981433 0.187988
vt 0.903881 0.208768
vt 0.708333 0.946429
vt 0.708333 1.000000
vt 0.481433 0.187988
vt 0.403881 0.208768
vt 0.666667 0.553571
vt 0.666667 0.500000
vt 0.957497 0.130201
vt 0.887966 0.170345
vt 0.666667 0.946429
vt 0.666667 1.000000
vt 0.457497 0.130201
vt 0.387966 0.170345
vt 0.625000 0.553571
vt 0.625000 0.500000
vt 0.919421 0.080579
vt 0.862649 0.137351
vt 0.625000 0.946429
vt 0.625000 1.000000
vt 0.419421 0.080579
vt 0.362649 0.137351
vt 0.583333 0.553571
vt 0.583333 0.500000
vt 0.869799 0.042503
vt 0.829655 0.112034
vt 0.583333 0.946429
vt 0.583333 1.000000
vt 0.369799 0.042503
vt 0.329655 0.112034
vt 0.541666 0.553571
vt 0.541666 0.500000
vt 0.812012 0.018567
vt 0.791232 0.096119
vt 0.541666 0.946429
vt 0.541666 1.000000
vt 0.312012 0.018567
vt 0.291232 0.096119
vt 0.500000 0.553571
vt 0.500000 0.500000
vt 0.750000 0.010403
vt 0.750000 0.090690
vt 0.500000 0.946429
vt 0.500000 1.000000
vt 0.250000 0.010403
vt 0.250000 0.090690
vt 0.458333 0.553571
vt 0.458333 0.500000
vt 0.687988 0.018567
vt 0.708768 0.096119
vt 0.458333 0.946429
vt 0.458333 1.000000
vt 0.187988 0.018567
vt 0.208768 0.096119
vt 0.416666 0.553571
vt 0.416666 0.500000
vt 0.630201 0.042503
vt 0.670345 0.112034
vt 0.416666 0.946429
vt 0.416666 1.000000
vt 0.130201 0.042503
vt 0.170345 0.112034
vt 0.375000 0.553571
vt 0.375000 0.500000
vt 0.580579 0.080579
vt 0.637351 0.137351
vt 0.375000 0.946429
vt 0.375000 1.000000
vt 0.080579 0.080579
vt 0.137351 0.137351
vt 0.333333 0.553571
vt 0.333333 0.500000
vt 0.542503 0.130201
vt 0.612034 0.170345
vt 0.333333 0.946429
vt 0.333333 1.000000
vt 0.042503 0.130201
vt 0.112034 0.170345
vt 0.291667 0.553571
vt 0.291667 0.500000
vt 0.518567 0.187988
vt 0.596119 0.208768
vt 0.291667 0.946429
vt 0.291667 1.000000
vt 0.018567 0.187988
vt 0.096119 0.208768
vt 0.250000 0.553571
vt 0.250000 0.500000
vt 0.510403 0.250000
vt 0.590690 0.250000
vt 0.250000 0.946429
vt 0.250000 1.000000
vt 0.010403 0.250000
vt 0.090690 0.250000
vt 0.208333 0.553571
vt 0.208333 0.500000
vt 0.518567 0.312012
vt 0.596119 0.291232
vt 0.208333 0.946429
vt 0.208333 1.000000
vt 0.018567 0.312012
vt 0.096119 0.291232
vt 0.166666 0.553571
vt 0.166666 0.500000
vt 0.542503 0.369799
vt 0.612034 0.329655
vt 0.166666 0.946429
vt 0.166666 1.000000
vt 0.042503 0.369799
vt 0.112034 0.329655
vt 0.125000 0.553571
vt 0.125000 0.500000
vt 0.580579 0.419421
vt 0.637351 0.362649
vt 0.125000 0.946429
vt 0.125000 1.000000
vt 0.080579 0.419421
vt 0.137351 0.362649
vt 0.083333 0.553571
vt 0.083333 0.500000
vt 0.630201 0.457497
vt 0.670345 0.387966
vt 0.083333 0.946429
vt 0.083333 1.000000
vt 0.130201 0.457497
vt 0.170345 0.387966
vt 0.041666 0.553571
vt 0.041666 0.500000
vt 0.687988 0.481433
vt 0.708768 0.403881
vt 0.041666 0.946429
vt 0.041666 1.000000
vt 0.187988 0.481433
vt 0.208768 0.403881
vt -0.000000 0.553571
vt 0.002051 0.500000
vt -0.000000 0.946429
vt 0.002051 1.000000
s 0
usemtl MAT_PaintedMetal
f 3726/4647/3607 3732/4648/3607 3733/4649/3607 3727/4650/3607
f 3727/4651/3608 3733/4652/3608 3731/4653/3608 3725/4654/3608
f 3735/4655/3609 3729/4656/3609 3730/4657/3609 3736/4658/3609
f 3736/4659/3610 3730/4660/3610 3728/4661/3610 3734/4662/3610
f 3732/4648/3611 3738/4663/3611 3739/4664/3611 3733/4649/3611
f 3733/4652/3612 3739/4665/3612 3737/4666/3612 3731/4653/3612
f 3741/4667/3613 3735/4655/3613 3736/4658/3613 3742/4668/3613
f 3742/4669/3614 3736/4659/3614 3734/4662/3614 3740/4670/3614
f 3738/4663/3615 3744/4671/3615 3745/4672/3615 3739/4664/3615
f 3739/4665/3616 3745/4673/3616 3743/4674/3616 3737/4666/3616
f 3747/4675/3617 3741/4667/3617 3742/4668/3617 3748/4676/3617
f 3748/4677/3618 3742/4669/3618 3740/4670/3618 3746/4678/3618
f 3744/4671/3619 3750/4679/3619 3751/4680/3619 3745/4672/3619
f 3745/4673/3620 3751/4681/3620 3749/4682/3620 3743/4674/3620
f 3753/4683/3621 3747/4675/3621 3748/4676/3621 3754/4684/3621
f 3754/4685/3622 3748/4677/3622 3746/4678/3622 3752/4686/3622
f 3750/4679/3623 3756/4687/3623 3757/4688/3623 3751/4680/3623
f 3751/4681/3624 3757/4689/3624 3755/4690/3624 3749/4682/3624
f 3759/4691/3625 3753/4683/3625 3754/4684/3625 3760/4692/3625
f 3760/4693/3626 3754/4685/3626 3752/4686/3626 3758/4694/3626
f 3756/4687/3627 3762/4695/3627 3763/4696/3627 3757/4688/3627
f 3757/4689/3628 3763/4697/3628 3761/4698/3628 3755/4690/3628
f 3765/4699/3629 3759/4691/3629 3760/4692/3629 3766/4700/3629
f 3766/4701/3630 3760/4693/3630 3758/4694/3630 3764/4702/3630
f 3762/4695/3631 3768/4703/3631 3769/4704/3631 3763/4696/3631
f 3763/4697/3632 3769/4705/3632 3767/4706/3632 3761/4698/3632
f 3771/4707/3633 3765/4699/3633 3766/4700/3633 3772/4708/3633
f 3772/4709/3634 3766/4701/3634 3764/4702/3634 3770/4710/3634
f 3768/4703/3635 3774/4711/3635 3775/4712/3635 3769/4704/3635
f 3769/4705/3636 3775/4713/3636 3773/4714/3636 3767/4706/3636
f 3777/4715/3637 3771/4707/3637 3772/4708/3637 3778/4716/3637
f 3778/4717/3638 3772/4709/3638 3770/4710/3638 3776/4718/3638
f 3774/4711/3639 3780/4719/3639 3781/4720/3639 3775/4712/3639
f 3775/4713/3640 3781/4721/3640 3779/4722/3640 3773/4714/3640
f 3783/4723/3641 3777/4715/3641 3778/4716/3641 3784/4724/3641
f 3784/4725/3642 3778/4717/3642 3776/4718/3642 3782/4726/3642
f 3780/4719/3643 3786/4727/3643 3787/4728/3643 3781/4720/3643
f 3781/4721/3644 3787/4729/3644 3785/4730/3644 3779/4722/3644
f 3789/4731/3645 3783/4723/3645 3784/4724/3645 3790/4732/3645
f 3790/4733/3646 3784/4725/3646 3782/4726/3646 3788/4734/3646
f 3786/4727/3647 3792/4735/3647 3793/4736/3647 3787/4728/3647
f 3787/4729/3648 3793/4737/3648 3791/4738/3648 3785/4730/3648
f 3795/4739/3649 3789/4731/3649 3790/4732/3649 3796/4740/3649
f 3796/4741/3650 3790/4733/3650 3788/4734/3650 3794/4742/3650
f 3792/4735/3651 3798/4743/3651 3799/4744/3651 3793/4736/3651
f 3793/4737/3652 3799/4745/3652 3797/4746/3652 3791/4738/3652
f 3801/4747/3653 3795/4739/3653 3796/4740/3653 3802/4748/3653
f 3802/4749/3654 3796/4741/3654 3794/4742/3654 3800/4750/3654
f 3798/4743/3655 3804/4751/3655 3805/4752/3655 3799/4744/3655
f 3799/4745/3656 3805/4753/3656 3803/4754/3656 3797/4746/3656
f 3807/4755/3657 3801/4747/3657 3802/4748/3657 3808/4756/3657
f 3808/4757/3658 3802/4749/3658 3800/4750/3658 3806/4758/3658
f 3804/4751/3659 3810/4759/3659 3811/4760/3659 3805/4752/3659
f 3805/4753/3660 3811/4761/3660 3809/4762/3660 3803/4754/3660
f 3813/4763/3661 3807/4755/3661 3808/4756/3661 3814/4764/3661
f 3814/4765/3662 3808/4757/3662 3806/4758/3662 3812/4766/3662
f 3810/4759/3663 3816/4767/3663 3817/4768/3663 3811/4760/3663
f 3811/4761/3664 3817/4769/3664 3815/4770/3664 3809/4762/3664
f 3819/4771/3665 3813/4763/3665 3814/4764/3665 3820/4772/3665
f 3820/4773/3666 3814/4765/3666 3812/4766/3666 3818/4774/3666
f 3816/4767/3667 3822/4775/3667 3823/4776/3667 3817/4768/3667
f 3817/4769/3668 3823/4777/3668 3821/4778/3668 3815/4770/3668
f 3825/4779/3669 3819/4771/3669 3820/4772/3669 3826/4780/3669
f 3826/4781/3670 3820/4773/3670 3818/4774/3670 3824/4782/3670
f 3822/4775/3671 3828/4783/3671 3829/4784/3671 3823/4776/3671
f 3823/4777/3672 3829/4785/3672 3827/4786/3672 3821/4778/3672
f 3831/4787/3673 3825/4779/3673 3826/4780/3673 3832/4788/3673
f 3832/4789/3674 3826/4781/3674 3824/4782/3674 3830/4790/3674
f 3828/4783/3675 3834/4791/3675 3835/4792/3675 3829/4784/3675
f 3829/4785/3676 3835/4793/3676 3833/4794/3676 3827/4786/3676
f 3837/4795/3677 3831/4787/3677 3832/4788/3677 3838/4796/3677
f 3838/4797/3678 3832/4789/3678 3830/4790/3678 3836/4798/3678
f 3834/4791/3679 3840/4799/3679 3841/4800/3679 3835/4792/3679
f 3835/4793/3680 3841/4801/3680 3839/4802/3680 3833/4794/3680
f 3843/4803/3681 3837/4795/3681 3838/4796/3681 3844/4804/3681
f 3844/4805/3682 3838/4797/3682 3836/4798/3682 3842/4806/3682
f 3840/4799/3683 3846/4807/3683 3847/4808/3683 3841/4800/3683
f 3841/4801/3684 3847/4809/3684 3845/4810/3684 3839/4802/3684
f 3849/4811/3685 3843/4803/3685 3844/4804/3685 3850/4812/3685
f 3850/4813/3686 3844/4805/3686 3842/4806/3686 3848/4814/3686
f 3846/4807/3687 3852/4815/3687 3853/4816/3687 3847/4808/3687
f 3847/4809/3688 3853/4817/3688 3851/4818/3688 3845/4810/3688
f 3855/4819/3689 3849/4811/3689 3850/4812/3689 3856/4820/3689
f 3856/4821/3690 3850/4813/3690 3848/4814/3690 3854/4822/3690
f 3852/4815/3691 3858/4823/3691 3859/4824/3691 3853/4816/3691
f 3853/4817/3692 3859/4825/3692 3857/4826/3692 3851/4818/3692
f 3861/4827/3693 3855/4819/3693 3856/4820/3693 3862/4828/3693
f 3862/4829/3694 3856/4821/3694 3854/4822/3694 3860/4830/3694
f 3858/4823/3695 3864/4831/3695 3865/4832/3695 3859/4824/3695
f 3859/4825/3696 3865/4833/3696 3863/4834/3696 3857/4826/3696
f 3867/4835/3697 3861/4827/3697 3862/4828/3697 3868/4836/3697
f 3868/4837/3698 3862/4829/3698 3860/4830/3698 3866/4838/3698
f 3864/4831/3699 3726/4839/3699 3727/4840/3699 3865/4832/3699
f 3865/4833/3700 3727/4651/3700 3725/4654/3700 3863/4834/3700
f 3729/4841/3701 3867/4835/3701 3868/4836/3701 3730/4842/3701
f 3730/4660/3702 3868/4837/3702 3866/4838/3702 3728/4661/3702
f 3725/4654/3703 3731/4653/3703 3737/4666/3703 3743/4674/3703 3749/4682/3703 3755/4690/3703 3761/4698/3703 3767/4706/3703 3773/4714/3703 3779/4722/3703 3785/4730/3703 3791/4738/3703 3797/4746/3703 3803/4754/3703 3809/4762/3703 3815/4770/3703 3821/4778/3703 3827/4786/3703 3833/4794/3703 3839/4802/3703 3845/4810/3703 3851/4818/3703 3857/4826/3703 3863/4834/3703
f 3726/4647/3704 3729/4656/3704 3735/4655/3704 3732/4648/3704
f 3864/4831/3705 3867/4835/3705 3729/4841/3705 3726/4839/3705
f 3734/4662/3706 3728/4661/3706 3866/4838/3706 3860/4830/3706 3854/4822/3706 3848/4814/3706 3842/4806/3706 3836/4798/3706 3830/4790/3706 3824/4782/3706 3818/4774/3706 3812/4766/3706 3806/4758/3706 3800/4750/3706 3794/4742/3706 3788/4734/3706 3782/4726/3706 3776/4718/3706 3770/4710/3706 3764/4702/3706 3758/4694/3706 3752/4686/3706 3746/4678/3706 3740/4670/3706
f 3732/4648/3707 3735/4655/3707 3741/4667/3707 3738/4663/3707
f 3738/4663/3708 3741/4667/3708 3747/4675/3708 3744/4671/3708
f 3744/4671/3709 3747/4675/3709 3753/4683/3709 3750/4679/3709
f 3750/4679/3710 3753/4683/3710 3759/4691/3710 3756/4687/3710
f 3756/4687/3711 3759/4691/3711 3765/4699/3711 3762/4695/3711
f 3762/4695/3712 3765/4699/3712 3771/4707/3712 3768/4703/3712
f 3768/4703/3713 3771/4707/3713 3777/4715/3713 3774/4711/3713
f 3774/4711/3714 3777/4715/3714 3783/4723/3714 3780/4719/3714
f 3780/4719/3715 3783/4723/3715 3789/4731/3715 3786/4727/3715
f 3786/4727/3716 3789/4731/3716 3795/4739/3716 3792/4735/3716
f 3792/4735/3717 3795/4739/3717 3801/4747/3717 3798/4743/3717
f 3798/4743/3718 3801/4747/3718 3807/4755/3718 3804/4751/3718
f 3804/4751/3719 3807/4755/3719 3813/4763/3719 3810/4759/3719
f 3810/4759/3720 3813/4763/3720 3819/4771/3720 3816/4767/3720
f 3816/4767/3721 3819/4771/3721 3825/4779/3721 3822/4775/3721
f 3822/4775/3722 3825/4779/3722 3831/4787/3722 3828/4783/3722
f 3828/4783/3723 3831/4787/3723 3837/4795/3723 3834/4791/3723
f 3834/4791/3724 3837/4795/3724 3843/4803/3724 3840/4799/3724
f 3840/4799/3725 3843/4803/3725 3849/4811/3725 3846/4807/3725
f 3846/4807/3726 3849/4811/3726 3855/4819/3726 3852/4815/3726
f 3852/4815/3727 3855/4819/3727 3861/4827/3727 3858/4823/3727
f 3858/4823/3728 3861/4827/3728 3867/4835/3728 3864/4831/3728
o WPN_AR_Lens
v -0.699000 1.350000 0.388034
v -0.695000 1.350000 0.384000
v -0.697828 1.350000 0.385182
v -0.691000 1.350000 0.388034
v -0.695000 1.350000 0.384000
v -0.692172 1.350000 0.385182
v -0.699000 1.341727 0.389124
v -0.695000 1.340683 0.385227
v -0.697828 1.340988 0.386368
v -0.691000 1.341727 0.389124
v -0.695000 1.340683 0.385227
v -0.692172 1.340988 0.386368
v -0.699000 1.334017 0.392317
v -0.695000 1.332000 0.388823
v -0.697828 1.332591 0.389846
v -0.691000 1.334017 0.392317
v -0.695000 1.332000 0.388823
v -0.692172 1.332591 0.389846
v -0.699000 1.327397 0.397397
v -0.695000 1.324544 0.394544
v -0.697828 1.325380 0.395380
v -0.691000 1.327397 0.397397
v -0.695000 1.324544 0.394544
v -0.692172 1.325380 0.395380
v -0.699000 1.322317 0.404017
v -0.695000 1.318823 0.402000
v -0.697828 1.319847 0.402591
v -0.691000 1.322317 0.404017
v -0.695000 1.318823 0.402000
v -0.692172 1.319847 0.402591
v -0.699000 1.319124 0.411727
v -0.695000 1.315227 0.410682
v -0.697828 1.316368 0.410988
v -0.691000 1.319124 0.411727
v -0.695000 1.315227 0.410682
v -0.692172 1.316368 0.410988
v -0.699000 1.318035 0.420000
v -0.695000 1.314000 0.420000
v -0.697828 1.315182 0.420000
v -0.691000 1.318035 0.420000
v -0.695000 1.314000 0.420000
v -0.692172 1.315182 0.420000
v -0.699000 1.319124 0.428273
v -0.695000 1.315227 0.429317
v -0.697828 1.316368 0.429012
v -0.691000 1.319124 0.428273
v -0.695000 1.315227 0.429317
v -0.692172 1.316368 0.429012
v -0.699000 1.322317 0.435983
v -0.695000 1.318823 0.438000
v -0.697828 1.319847 0.437409
v -0.691000 1.322317 0.435983
v -0.695000 1.318823 0.438000
v -0.692172 1.319847 0.437409
v -0.699000 1.327397 0.442603
v -0.695000 1.324544 0.445456
v -0.697828 1.325380 0.444620
v -0.691000 1.327397 0.442603
v -0.695000 1.324544 0.445456
v -0.692172 1.325380 0.444620
v -0.699000 1.334017 0.447683
v -0.695000 1.332000 0.451177
v -0.697828 1.332591 0.450154
v -0.691000 1.334017 0.447683
v -0.695000 1.332000 0.451177
v -0.692172 1.332591 0.450154
v -0.699000 1.341727 0.450876
v -0.695000 1.340683 0.454773
v -0.697828 1.340988 0.453632
v -0.691000 1.341727 0.450876
v -0.695000 1.340683 0.454773
v -0.692172 1.340988 0.453632
v -0.699000 1.350000 0.451965
v -0.695000 1.350000 0.456000
v -0.697828 1.350000 0.454818
v -0.691000 1.350000 0.451965
v -0.695000 1.350000 0.456000
v -0.692172 1.350000 0.454818
v -0.699000 1.358273 0.450876
v -0.695000 1.359318 0.454773
v -0.697828 1.359012 0.453632
v -0.691000 1.358273 0.450876
v -0.695000 1.359318 0.454773
v -0.692172 1.359012 0.453632
v -0.699000 1.365983 0.447683
v -0.695000 1.368000 0.451177
v -0.697828 1.367409 0.450154
v -0.691000 1.365983 0.447683
v -0.695000 1.368000 0.451177
v -0.692172 1.367409 0.450154
v -0.699000 1.372603 0.442603
v -0.695000 1.375456 0.445456
v -0.697828 1.374620 0.444620
v -0.691000 1.372603 0.442603
v -0.695000 1.375456 0.445456
v -0.692172 1.374620 0.444620
v -0.699000 1.377683 0.435983
v -0.695000 1.381177 0.438000
v -0.697828 1.380154 0.437409
v -0.691000 1.377683 0.435983
v -0.695000 1.381177 0.438000
v -0.692172 1.380154 0.437409
v -0.699000 1.380876 0.428273
v -0.695000 1.384773 0.429317
v -0.697828 1.383632 0.429012
v -0.691000 1.380876 0.428273
v -0.695000 1.384773 0.429317
v -0.692172 1.383632 0.429012
v -0.699000 1.381966 0.420000
v -0.695000 1.386000 0.420000
v -0.697828 1.384818 0.420000
v -0.691000 1.381966 0.420000
v -0.695000 1.386000 0.420000
v -0.692172 1.384818 0.420000
v -0.699000 1.380876 0.411727
v -0.695000 1.384773 0.410682
v -0.697828 1.383632 0.410988
v -0.691000 1.380876 0.411727
v -0.695000 1.384773 0.410682
v -0.692172 1.383632 0.410988
v -0.699000 1.377683 0.404017
v -0.695000 1.381177 0.402000
v -0.697828 1.380154 0.402591
v -0.691000 1.377683 0.404017
v -0.695000 1.381177 0.402000
v -0.692172 1.380154 0.402591
v -0.699000 1.372603 0.397397
v -0.695000 1.375456 0.394544
v -0.697828 1.374620 0.395380
v -0.691000 1.372603 0.397397
v -0.695000 1.375456 0.394544
v -0.692172 1.374620 0.395380
v -0.699000 1.365983 0.392317
v -0.695000 1.368000 0.388823
v -0.697828 1.367409 0.389846
v -0.691000 1.365983 0.392317
v -0.695000 1.368000 0.388823
v -0.692172 1.367409 0.389846
v -0.699000 1.358273 0.389124
v -0.695000 1.359318 0.385227
v -0.697828 1.359012 0.386368
v -0.691000 1.358273 0.389124
v -0.695000 1.359318 0.385227
v -0.692172 1.359012 0.386368
vn -0.3827 -0.1206 -0.9160
vn -0.9239 -0.0499 -0.3794
vn 0.3827 -0.1206 -0.9160
vn 0.9239 -0.0500 -0.3794
vn -0.3827 -0.3536 -0.8536
vn -0.9239 -0.1464 -0.3536
vn 0.3827 -0.3536 -0.8536
vn 0.9239 -0.1464 -0.3536
vn -0.3827 -0.5624 -0.7330
vn -0.9239 -0.2330 -0.3036
vn 0.3827 -0.5624 -0.7330
vn 0.9239 -0.2330 -0.3036
vn -0.3827 -0.7330 -0.5624
vn -0.9239 -0.3036 -0.2330
vn 0.3827 -0.7330 -0.5624
vn 0.9239 -0.3036 -0.2330
vn -0.3827 -0.8536 -0.3536
vn -0.9239 -0.3536 -0.1464
vn 0.3827 -0.8536 -0.3536
vn 0.9239 -0.3536 -0.1464
vn -0.3827 -0.9160 -0.1206
vn -0.9239 -0.3794 -0.0499
vn 0.3827 -0.9160 -0.1206
vn 0.9239 -0.3794 -0.0499
vn -0.3827 -0.9160 0.1206
vn -0.9239 -0.3794 0.0499
vn 0.3827 -0.9160 0.1206
vn 0.9239 -0.3794 0.0499
vn -0.3827 -0.8536 0.3536
vn -0.9239 -0.3536 0.1464
vn 0.3827 -0.8536 0.3536
vn 0.9239 -0.3536 0.1464
vn -0.3827 -0.7330 0.5624
vn -0.9239 -0.3036 0.2330
vn 0.3827 -0.7330 0.5624
vn 0.9239 -0.3036 0.2330
vn -0.3827 -0.5624 0.7330
vn -0.9239 -0.2330 0.3036
vn 0.3827 -0.5624 0.7330
vn 0.9239 -0.2330 0.3036
vn -0.3827 -0.3536 0.8536
vn -0.9239 -0.1464 0.3536
vn 0.3827 -0.3536 0.8536
vn 0.9239 -0.1464 0.3536
vn -0.3827 -0.1206 0.9160
vn -0.9239 -0.0499 0.3794
vn 0.3827 -0.1206 0.9160
vn 0.9239 -0.0500 0.3794
vn -0.3827 0.1206 0.9160
vn -0.9239 0.0500 0.3794
vn 0.3827 0.1206 0.9160
vn 0.9239 0.0499 0.3794
vn -0.3827 0.3536 0.8536
vn -0.9239 0.1464 0.3536
vn 0.3827 0.3536 0.8536
vn 0.9239 0.1464 0.3536
vn -0.3827 0.5624 0.7330
vn -0.9239 0.2330 0.3036
vn 0.3827 0.5624 0.7330
vn 0.9239 0.2330 0.3036
vn -0.3827 0.7330 0.5624
vn -0.9239 0.3036 0.2330
vn 0.3827 0.7330 0.5624
vn 0.9239 0.3036 0.2330
vn -0.3827 0.8536 0.3536
vn -0.9239 0.3536 0.1464
vn 0.3827 0.8536 0.3536
vn 0.9239 0.3536 0.1464
vn -0.3827 0.9160 0.1206
vn -0.9239 0.3794 0.0499
vn 0.3827 0.9160 0.1206
vn 0.9239 0.3794 0.0499
vn -0.3827 0.9160 -0.1206
vn -0.9239 0.3794 -0.0499
vn 0.3827 0.9160 -0.1206
vn 0.9239 0.3794 -0.0499
vn -0.3827 0.8536 -0.3536
vn -0.9239 0.3536 -0.1464
vn 0.3827 0.8536 -0.3536
vn 0.9239 0.3536 -0.1464
vn -0.3827 0.7330 -0.5624
vn -0.9239 0.3036 -0.2330
vn 0.3827 0.7330 -0.5624
vn 0.9239 0.3036 -0.2330
vn -0.3827 0.5624 -0.7330
vn -0.9239 0.2330 -0.3036
vn 0.3827 0.5624 -0.7330
vn 0.9239 0.2330 -0.3036
vn -0.3827 0.3536 -0.8536
vn -0.9239 0.1464 -0.3536
vn 0.3827 0.3536 -0.8536
vn 0.9239 0.1464 -0.3536
vn -0.3827 0.1206 -0.9160
vn -0.9239 0.0500 -0.3794
vn 0.3827 0.1206 -0.9160
vn 0.9239 0.0499 -0.3794
vn -1.0000 -0.0000 -0.0000
vn 1.0000 -0.0000 -0.0000
vt 1.000000 0.750000
vt 0.958333 0.750000
vt 0.958333 0.500000
vt 0.999316 0.500000
vt 0.750000 0.489866
vt 0.812082 0.481693
vt 0.805155 0.455842
vt 0.750000 0.463103
vt 0.999316 1.000000
vt 0.958333 1.000000
vt 0.312082 0.481693
vt 0.250000 0.489866
vt 0.250000 0.463103
vt 0.305155 0.455842
vt 0.916667 0.750000
vt 0.916667 0.500000
vt 0.869933 0.457730
vt 0.856552 0.434553
vt 0.916667 1.000000
vt 0.369933 0.457730
vt 0.356552 0.434553
vt 0.875000 0.750000
vt 0.875000 0.500000
vt 0.919611 0.419611
vt 0.900687 0.400687
vt 0.875000 1.000000
vt 0.419611 0.419611
vt 0.400687 0.400687
vt 0.833333 0.750000
vt 0.833333 0.500000
vt 0.957730 0.369933
vt 0.934553 0.356552
vt 0.833333 1.000000
vt 0.457730 0.369933
vt 0.434553 0.356552
vt 0.791667 0.750000
vt 0.791667 0.500000
vt 0.981693 0.312082
vt 0.955842 0.305155
vt 0.791667 1.000000
vt 0.481693 0.312082
vt 0.455842 0.305155
vt 0.750000 0.750000
vt 0.750000 0.500000
vt 0.989866 0.250000
vt 0.963103 0.250000
vt 0.750000 1.000000
vt 0.489866 0.250000
vt 0.463103 0.250000
vt 0.708333 0.750000
vt 0.708333 0.500000
vt 0.981693 0.187918
vt 0.955842 0.194845
vt 0.708333 1.000000
vt 0.481693 0.187918
vt 0.455842 0.194845
vt 0.666667 0.750000
vt 0.666667 0.500000
vt 0.957730 0.130067
vt 0.934553 0.143448
vt 0.666667 1.000000
vt 0.457730 0.130067
vt 0.434553 0.143448
vt 0.625000 0.750000
vt 0.625000 0.500000
vt 0.919611 0.080389
vt 0.900687 0.099313
vt 0.625000 1.000000
vt 0.419611 0.080389
vt 0.400687 0.099313
vt 0.583333 0.750000
vt 0.583333 0.500000
vt 0.869933 0.042270
vt 0.856552 0.065447
vt 0.583333 1.000000
vt 0.369933 0.042270
vt 0.356552 0.065447
vt 0.541666 0.750000
vt 0.541666 0.500000
vt 0.812082 0.018307
vt 0.805155 0.044158
vt 0.541667 1.000000
vt 0.312082 0.018307
vt 0.305155 0.044158
vt 0.500000 0.750000
vt 0.500000 0.500000
vt 0.750000 0.010134
vt 0.750000 0.036897
vt 0.500000 1.000000
vt 0.250000 0.010134
vt 0.250000 0.036897
vt 0.458333 0.750000
vt 0.458333 0.500000
vt 0.687918 0.018307
vt 0.694845 0.044158
vt 0.458333 1.000000
vt 0.187918 0.018307
vt 0.194845 0.044158
vt 0.416666 0.750000
vt 0.416666 0.500000
vt 0.630067 0.042270
vt 0.643448 0.065447
vt 0.416666 1.000000
vt 0.130067 0.042270
vt 0.143448 0.065447
vt 0.375000 0.750000
vt 0.375000 0.500000
vt 0.580389 0.080389
vt 0.599313 0.099313
vt 0.375000 1.000000
vt 0.080389 0.080389
vt 0.099313 0.099313
vt 0.333333 0.750000
vt 0.333333 0.500000
vt 0.542270 0.130067
vt 0.565447 0.143448
vt 0.333333 1.000000
vt 0.042270 0.130067
vt 0.065447 0.143448
vt 0.291667 0.750000
vt 0.291667 0.500000
vt 0.518307 0.187918
vt 0.544158 0.194845
vt 0.291667 1.000000
vt 0.018307 0.187918
vt 0.044158 0.194845
vt 0.250000 0.750000
vt 0.250000 0.500000
vt 0.510134 0.250000
vt 0.536897 0.250000
vt 0.250000 1.000000
vt 0.010134 0.250000
vt 0.036897 0.250000
vt 0.208333 0.750000
vt 0.208333 0.500000
vt 0.518307 0.312082
vt 0.544158 0.305155
vt 0.208333 1.000000
vt 0.018307 0.312082
vt 0.044158 0.305155
vt 0.166666 0.750000
vt 0.166667 0.500000
vt 0.542270 0.369933
vt 0.565447 0.356552
vt 0.166667 1.000000
vt 0.042270 0.369933
vt 0.065447 0.356552
vt 0.125000 0.750000
vt 0.125000 0.500000
vt 0.580389 0.419611
vt 0.599313 0.400687
vt 0.125000 1.000000
vt 0.080389 0.419611
vt 0.099313 0.400687
vt 0.083333 0.750000
vt 0.083333 0.500000
vt 0.630067 0.457730
vt 0.643448 0.434553
vt 0.083333 1.000000
vt 0.130067 0.457730
vt 0.143448 0.434553
vt 0.041666 0.750000
vt 0.041666 0.500000
vt 0.687918 0.481693
vt 0.694845 0.455842
vt 0.041666 1.000000
vt 0.187918 0.481693
vt 0.194845 0.455842
vt -0.000000 0.750000
vt 0.000684 0.500000
vt 0.000684 1.000000
s 0
usemtl MAT_OpticGlass
f 3870/4843/3729 3876/4844/3729 3877/4845/3729 3871/4846/3729
f 3871/4847/3730 3877/4848/3730 3875/4849/3730 3869/4850/3730
f 3879/4844/3731 3873/4843/3731 3874/4851/3731 3880/4852/3731
f 3880/4853/3732 3874/4854/3732 3872/4855/3732 3878/4856/3732
f 3876/4844/3733 3882/4857/3733 3883/4858/3733 3877/4845/3733
f 3877/4848/3734 3883/4859/3734 3881/4860/3734 3875/4849/3734
f 3885/4857/3735 3879/4844/3735 3880/4852/3735 3886/4861/3735
f 3886/4862/3736 3880/4853/3736 3878/4856/3736 3884/4863/3736
f 3882/4857/3737 3888/4864/3737 3889/4865/3737 3883/4858/3737
f 3883/4859/3738 3889/4866/3738 3887/4867/3738 3881/4860/3738
f 3891/4864/3739 3885/4857/3739 3886/4861/3739 3892/4868/3739
f 3892/4869/3740 3886/4862/3740 3884/4863/3740 3890/4870/3740
f 3888/4864/3741 3894/4871/3741 3895/4872/3741 3889/4865/3741
f 3889/4866/3742 3895/4873/3742 3893/4874/3742 3887/4867/3742
f 3897/4871/3743 3891/4864/3743 3892/4868/3743 3898/4875/3743
f 3898/4876/3744 3892/4869/3744 3890/4870/3744 3896/4877/3744
f 3894/4871/3745 3900/4878/3745 3901/4879/3745 3895/4872/3745
f 3895/4873/3746 3901/4880/3746 3899/4881/3746 3893/4874/3746
f 3903/4878/3747 3897/4871/3747 3898/4875/3747 3904/4882/3747
f 3904/4883/3748 3898/4876/3748 3896/4877/3748 3902/4884/3748
f 3900/4878/3749 3906/4885/3749 3907/4886/3749 3901/4879/3749
f 3901/4880/3750 3907/4887/3750 3905/4888/3750 3899/4881/3750
f 3909/4885/3751 3903/4878/3751 3904/4882/3751 3910/4889/3751
f 3910/4890/3752 3904/4883/3752 3902/4884/3752 3908/4891/3752
f 3906/4885/3753 3912/4892/3753 3913/4893/3753 3907/4886/3753
f 3907/4887/3754 3913/4894/3754 3911/4895/3754 3905/4888/3754
f 3915/4892/3755 3909/4885/3755 3910/4889/3755 3916/4896/3755
f 3916/4897/3756 3910/4890/3756 3908/4891/3756 3914/4898/3756
f 3912/4892/3757 3918/4899/3757 3919/4900/3757 3913/4893/3757
f 3913/4894/3758 3919/4901/3758 3917/4902/3758 3911/4895/3758
f 3921/4899/3759 3915/4892/3759 3916/4896/3759 3922/4903/3759
f 3922/4904/3760 3916/4897/3760 3914/4898/3760 3920/4905/3760
f 3918/4899/3761 3924/4906/3761 3925/4907/3761 3919/4900/3761
f 3919/4901/3762 3925/4908/3762 3923/4909/3762 3917/4902/3762
f 3927/4906/3763 3921/4899/3763 3922/4903/3763 3928/4910/3763
f 3928/4911/3764 3922/4904/3764 3920/4905/3764 3926/4912/3764
f 3924/4906/3765 3930/4913/3765 3931/4914/3765 3925/4907/3765
f 3925/4908/3766 3931/4915/3766 3929/4916/3766 3923/4909/3766
f 3933/4913/3767 3927/4906/3767 3928/4910/3767 3934/4917/3767
f 3934/4918/3768 3928/4911/3768 3926/4912/3768 3932/4919/3768
f 3930/4913/3769 3936/4920/3769 3937/4921/3769 3931/4914/3769
f 3931/4915/3770 3937/4922/3770 3935/4923/3770 3929/4916/3770
f 3939/4920/3771 3933/4913/3771 3934/4917/3771 3940/4924/3771
f 3940/4925/3772 3934/4918/3772 3932/4919/3772 3938/4926/3772
f 3936/4920/3773 3942/4927/3773 3943/4928/3773 3937/4921/3773
f 3937/4922/3774 3943/4929/3774 3941/4930/3774 3935/4923/3774
f 3945/4927/3775 3939/4920/3775 3940/4924/3775 3946/4931/3775
f 3946/4932/3776 3940/4925/3776 3938/4926/3776 3944/4933/3776
f 3942/4927/3777 3948/4934/3777 3949/4935/3777 3943/4928/3777
f 3943/4929/3778 3949/4936/3778 3947/4937/3778 3941/4930/3778
f 3951/4934/3779 3945/4927/3779 3946/4931/3779 3952/4938/3779
f 3952/4939/3780 3946/4932/3780 3944/4933/3780 3950/4940/3780
f 3948/4934/3781 3954/4941/3781 3955/4942/3781 3949/4935/3781
f 3949/4936/3782 3955/4943/3782 3953/4944/3782 3947/4937/3782
f 3957/4941/3783 3951/4934/3783 3952/4938/3783 3958/4945/3783
f 3958/4946/3784 3952/4939/3784 3950/4940/3784 3956/4947/3784
f 3954/4941/3785 3960/4948/3785 3961/4949/3785 3955/4942/3785
f 3955/4943/3786 3961/4950/3786 3959/4951/3786 3953/4944/3786
f 3963/4948/3787 3957/4941/3787 3958/4945/3787 3964/4952/3787
f 3964/4953/3788 3958/4946/3788 3956/4947/3788 3962/4954/3788
f 3960/4948/3789 3966/4955/3789 3967/4956/3789 3961/4949/3789
f 3961/4950/3790 3967/4957/3790 3965/4958/3790 3959/4951/3790
f 3969/4955/3791 3963/4948/3791 3964/4952/3791 3970/4959/3791
f 3970/4960/3792 3964/4953/3792 3962/4954/3792 3968/4961/3792
f 3966/4955/3793 3972/4962/3793 3973/4963/3793 3967/4956/3793
f 3967/4957/3794 3973/4964/3794 3971/4965/3794 3965/4958/3794
f 3975/4962/3795 3969/4955/3795 3970/4959/3795 3976/4966/3795
f 3976/4967/3796 3970/4960/3796 3968/4961/3796 3974/4968/3796
f 3972/4962/3797 3978/4969/3797 3979/4970/3797 3973/4963/3797
f 3973/4964/3798 3979/4971/3798 3977/4972/3798 3971/4965/3798
f 3981/4969/3799 3975/4962/3799 3976/4966/3799 3982/4973/3799
f 3982/4974/3800 3976/4967/3800 3974/4968/3800 3980/4975/3800
f 3978/4969/3801 3984/4976/3801 3985/4977/3801 3979/4970/3801
f 3979/4971/3802 3985/4978/3802 3983/4979/3802 3977/4972/3802
f 3987/4976/3803 3981/4969/3803 3982/4973/3803 3988/4980/3803
f 3988/4981/3804 3982/4974/3804 3980/4975/3804 3986/4982/3804
f 3984/4976/3805 3990/4983/3805 3991/4984/3805 3985/4977/3805
f 3985/4978/3806 3991/4985/3806 3989/4986/3806 3983/4979/3806
f 3993/4983/3807 3987/4976/3807 3988/4980/3807 3994/4987/3807
f 3994/4988/3808 3988/4981/3808 3986/4982/3808 3992/4989/3808
f 3990/4983/3809 3996/4990/3809 3997/4991/3809 3991/4984/3809
f 3991/4985/3810 3997/4992/3810 3995/4993/3810 3989/4986/3810
f 3999/4990/3811 3993/4983/3811 3994/4987/3811 4000/4994/3811
f 4000/4995/3812 3994/4988/3812 3992/4989/3812 3998/4996/3812
f 3996/4990/3813 4002/4997/3813 4003/4998/3813 3997/4991/3813
f 3997/4992/3814 4003/4999/3814 4001/5000/3814 3995/4993/3814
f 4005/4997/3815 3999/4990/3815 4000/4994/3815 4006/5001/3815
f 4006/5002/3816 4000/4995/3816 3998/4996/3816 4004/5003/3816
f 4002/4997/3817 4008/5004/3817 4009/5005/3817 4003/4998/3817
f 4003/4999/3818 4009/5006/3818 4007/5007/3818 4001/5000/3818
f 4011/5004/3819 4005/4997/3819 4006/5001/3819 4012/5008/3819
f 4012/5009/3820 4006/5002/3820 4004/5003/3820 4010/5010/3820
f 4008/5004/3821 3870/5011/3821 3871/5012/3821 4009/5005/3821
f 4009/5006/3822 3871/4847/3822 3869/4850/3822 4007/5007/3822
f 3873/5011/3823 4011/5004/3823 4012/5008/3823 3874/5013/3823
f 3874/4854/3824 4012/5009/3824 4010/5010/3824 3872/4855/3824
f 3869/4850/3825 3875/4849/3825 3881/4860/3825 3887/4867/3825 3893/4874/3825 3899/4881/3825 3905/4888/3825 3911/4895/3825 3917/4902/3825 3923/4909/3825 3929/4916/3825 3935/4923/3825 3941/4930/3825 3947/4937/3825 3953/4944/3825 3959/4951/3825 3965/4958/3825 3971/4965/3825 3977/4972/3825 3983/4979/3825 3989/4986/3825 3995/4993/3825 4001/5000/3825 4007/5007/3825
f 3870/4843/3826 3873/4843/3826 3879/4844/3826 3876/4844/3826
f 4008/5004/3826 4011/5004/3826 3873/5011/3826 3870/5011/3826
f 3878/4856/3826 3872/4855/3826 4010/5010/3826 4004/5003/3826 3998/4996/3826 3992/4989/3826 3986/4982/3826 3980/4975/3826 3974/4968/3826 3968/4961/3826 3962/4954/3826 3956/4947/3826 3950/4940/3826 3944/4933/3826 3938/4926/3826 3932/4919/3826 3926/4912/3826 3920/4905/3826 3914/4898/3826 3908/4891/3826 3902/4884/3826 3896/4877/3826 3890/4870/3826 3884/4863/3826
f 3876/4844/3826 3879/4844/3826 3885/4857/3826 3882/4857/3826
f 3882/4857/3826 3885/4857/3826 3891/4864/3826 3888/4864/3826
f 3888/4864/3826 3891/4864/3826 3897/4871/3826 3894/4871/3826
f 3894/4871/3826 3897/4871/3826 3903/4878/3826 3900/4878/3826
f 3900/4878/3826 3903/4878/3826 3909/4885/3826 3906/4885/3826
f 3906/4885/3826 3909/4885/3826 3915/4892/3826 3912/4892/3826
f 3912/4892/3826 3915/4892/3826 3921/4899/3826 3918/4899/3826
f 3918/4899/3826 3921/4899/3826 3927/4906/3826 3924/4906/3826
f 3924/4906/3826 3927/4906/3826 3933/4913/3826 3930/4913/3826
f 3930/4913/3826 3933/4913/3826 3939/4920/3826 3936/4920/3826
f 3936/4920/3826 3939/4920/3826 3945/4927/3826 3942/4927/3826
f 3942/4927/3826 3945/4927/3826 3951/4934/3826 3948/4934/3826
f 3948/4934/3826 3951/4934/3826 3957/4941/3826 3954/4941/3826
f 3954/4941/3826 3957/4941/3826 3963/4948/3826 3960/4948/3826
f 3960/4948/3826 3963/4948/3826 3969/4955/3826 3966/4955/3826
f 3966/4955/3826 3969/4955/3826 3975/4962/3826 3972/4962/3826
f 3972/4962/3826 3975/4962/3826 3981/4969/3826 3978/4969/3826
f 3978/4969/3826 3981/4969/3826 3987/4976/3826 3984/4976/3826
f 3984/4976/3826 3987/4976/3826 3993/4983/3826 3990/4983/3826
f 3990/4983/3826 3993/4983/3826 3999/4990/3826 3996/4990/3826
f 3996/4990/3826 3999/4990/3826 4005/4997/3826 4002/4997/3826
f 4002/4997/3826 4005/4997/3826 4011/5004/3826 4008/5004/3826
o Floor
v -3.990000 -0.060000 2.490000
v -3.990000 -0.050000 2.500000
v -4.000000 -0.050000 2.490000
v -3.990000 -0.057071 2.497071
v -3.995773 -0.055773 2.495773
v -3.997071 -0.050000 2.497071
v -3.997071 -0.057071 2.490000
v -3.990000 -0.010000 2.500000
v -3.990000 0.000000 2.490000
v -4.000000 -0.010000 2.490000
v -3.990000 -0.002929 2.497071
v -3.995773 -0.004227 2.495773
v -3.997071 -0.002929 2.490000
v -3.997071 -0.010000 2.497071
v -3.990000 -0.060000 -2.490000
v -4.000000 -0.050000 -2.490000
v -3.990000 -0.050000 -2.500000
v -3.997071 -0.057071 -2.490000
v -3.995773 -0.055773 -2.495774
v -3.997071 -0.050000 -2.497071
v -3.990000 -0.057071 -2.497071
v -3.990000 0.000000 -2.490000
v -3.990000 -0.010000 -2.500000
v -4.000000 -0.010000 -2.490000
v -3.990000 -0.002929 -2.497071
v -3.995773 -0.004227 -2.495773
v -3.997071 -0.010000 -2.497071
v -3.997071 -0.002929 -2.490000
v 3.990000 -0.060000 2.490000
v 4.000000 -0.050000 2.490000
v 3.990000 -0.050000 2.500000
v 3.997071 -0.057071 2.490000
v 3.995773 -0.055773 2.495774
v 3.997071 -0.050000 2.497071
v 3.990000 -0.057071 2.497071
v 3.990000 0.000000 2.490000
v 3.990000 -0.010000 2.500000
v 4.000000 -0.010000 2.490000
v 3.990000 -0.002929 2.497071
v 3.995773 -0.004227 2.495773
v 3.997071 -0.010000 2.497071
v 3.997071 -0.002929 2.490000
v 3.990000 -0.060000 -2.490000
v 3.990000 -0.050000 -2.500000
v 4.000000 -0.050000 -2.490000
v 3.990000 -0.057071 -2.497071
v 3.995773 -0.055773 -2.495773
v 3.997071 -0.050000 -2.497071
v 3.997071 -0.057071 -2.490000
v 3.990000 0.000000 -2.490000
v 4.000000 -0.010000 -2.490000
v 3.990000 -0.010000 -2.500000
v 3.997071 -0.002929 -2.490000
v 3.995773 -0.004227 -2.495774
v 3.997071 -0.010000 -2.497071
v 3.990000 -0.002929 -2.497071
vn -0.3251 -0.8881 0.3251
vn -0.3251 -0.3251 0.8881
vn -0.8881 -0.3251 0.3250
vn -0.3251 0.3251 0.8881
vn -0.3251 0.8881 0.3251
vn -0.8881 0.3251 0.3251
vn -0.3251 -0.8881 -0.3251
vn -0.8881 -0.3251 -0.3251
vn -0.3250 -0.3251 -0.8881
vn -0.3251 0.8881 -0.3251
vn -0.3251 0.3251 -0.8881
vn -0.8881 0.3251 -0.3250
vn 0.3251 -0.8881 0.3251
vn 0.8881 -0.3251 0.3251
vn 0.3250 -0.3251 0.8881
vn 0.3251 0.8881 0.3251
vn 0.3251 0.3251 0.8881
vn 0.8881 0.3251 0.3250
vn 0.3251 -0.8881 -0.3251
vn 0.3251 -0.3251 -0.8881
vn 0.8881 -0.3251 -0.3250
vn 0.3251 0.8881 -0.3251
vn 0.8881 0.3251 -0.3251
vn 0.3250 0.3251 -0.8881
vn -0.3827 -0.9239 -0.0000
vn -0.9239 -0.3827 -0.0000
vn -0.3827 -0.0000 0.9239
vn -0.9239 -0.0000 0.3827
vn -0.3827 0.9239 -0.0000
vn -0.9239 0.3827 -0.0000
vn -0.3827 -0.0000 -0.9239
vn -0.9239 -0.0000 -0.3827
vn -0.0000 -0.9239 -0.3827
vn -0.0000 -0.3827 -0.9239
vn -0.0000 0.9239 -0.3827
vn -0.0000 0.3827 -0.9239
vn 0.9239 -0.0000 -0.3827
vn 0.3827 -0.0000 -0.9239
vn 0.3827 -0.9239 -0.0000
vn 0.9239 -0.3827 -0.0000
vn 0.3827 0.9239 -0.0000
vn 0.9239 0.3827 -0.0000
vn 0.3827 -0.0000 0.9239
vn 0.9239 -0.0000 0.3827
vn -0.0000 -0.9239 0.3827
vn -0.0000 -0.3827 0.9239
vn -0.0000 0.9239 0.3827
vn -0.0000 0.3827 0.9239
vn -0.0000 -1.0000 -0.0000
vn -1.0000 -0.0000 -0.0000
vn -0.0000 -0.0000 1.0000
vn -0.0000 1.0000 -0.0000
vn -0.0000 -0.0000 -1.0000
vn 1.0000 -0.0000 -0.0000
vt 0.125312 0.749500
vt 0.125313 0.750000
vt 0.125132 0.750000
vt 0.125000 0.749500
vt 0.416667 0.999687
vt 0.416667 1.000000
vt 0.392610 1.000000
vt 0.375000 0.999687
vt 0.416667 0.000500
vt 0.375000 0.000500
vt 0.375000 0.000211
vt 0.416667 0.000000
vt 0.583333 0.999687
vt 0.625000 0.999687
vt 0.625000 0.999868
vt 0.583333 1.000000
vt 0.874687 0.749500
vt 0.875000 0.749500
vt 0.875000 0.749789
vt 0.874688 0.750000
vt 0.583333 0.000500
vt 0.583333 0.000000
vt 0.607390 0.000000
vt 0.625000 0.000500
vt 0.125312 0.500500
vt 0.125000 0.500500
vt 0.125000 0.500211
vt 0.125313 0.500000
vt 0.416667 0.249500
vt 0.416667 0.250000
vt 0.383805 0.250066
vt 0.375000 0.249500
vt 0.416667 0.250313
vt 0.375000 0.250313
vt 0.874688 0.500500
vt 0.874688 0.500000
vt 0.874868 0.500000
vt 0.875000 0.500500
vt 0.583333 0.250313
vt 0.583333 0.250000
vt 0.616195 0.249894
vt 0.625000 0.250313
vt 0.583333 0.249500
vt 0.625000 0.249500
vt 0.374687 0.749500
vt 0.375000 0.749500
vt 0.380870 0.749974
vt 0.374844 0.750156
vt 0.416667 0.749500
vt 0.416667 0.750000
vt 0.416667 0.750313
vt 0.625313 0.749500
vt 0.625156 0.750156
vt 0.619174 0.749930
vt 0.625000 0.749500
vt 0.583333 0.750313
vt 0.583333 0.750000
vt 0.583333 0.749500
vt 0.374688 0.500500
vt 0.374844 0.499844
vt 0.380826 0.500070
vt 0.375000 0.500500
vt 0.416667 0.499687
vt 0.416667 0.500000
vt 0.416667 0.500500
vt 0.625313 0.500500
vt 0.625000 0.500500
vt 0.619130 0.500026
vt 0.625156 0.499844
vt 0.583333 0.500500
vt 0.583333 0.500000
vt 0.583333 0.499687
s 0
usemtl MAT_Floor
f 4013/5014/3827 4016/5015/3827 4017/5016/3827 4019/5017/3827
f 4014/5018/3828 4018/5019/3828 4017/5020/3828 4016/5021/3828
f 4015/5022/3829 4019/5023/3829 4017/5024/3829 4018/5025/3829
f 4020/5026/3830 4023/5027/3830 4024/5028/3830 4026/5029/3830
f 4021/5030/3831 4025/5031/3831 4024/5032/3831 4023/5033/3831
f 4022/5034/3832 4026/5035/3832 4024/5036/3832 4025/5037/3832
f 4027/5038/3833 4030/5039/3833 4031/5040/3833 4033/5041/3833
f 4028/5042/3834 4032/5043/3834 4031/5044/3834 4030/5045/3834
f 4029/5046/3835 4033/5047/3835 4031/5044/3835 4032/5043/3835
f 4034/5048/3836 4037/5049/3836 4038/5050/3836 4040/5051/3836
f 4035/5052/3837 4039/5053/3837 4038/5054/3837 4037/5055/3837
f 4036/5056/3838 4040/5057/3838 4038/5054/3838 4039/5053/3838
f 4041/5058/3839 4044/5059/3839 4045/5060/3839 4047/5061/3839
f 4042/5062/3840 4046/5063/3840 4045/5060/3840 4044/5059/3840
f 4043/5064/3841 4047/5061/3841 4045/5060/3841 4046/5063/3841
f 4048/5065/3842 4051/5066/3842 4052/5067/3842 4054/5068/3842
f 4049/5069/3843 4053/5070/3843 4052/5067/3843 4051/5066/3843
f 4050/5071/3844 4054/5068/3844 4052/5067/3844 4053/5070/3844
f 4055/5072/3845 4058/5073/3845 4059/5074/3845 4061/5075/3845
f 4056/5076/3846 4060/5077/3846 4059/5074/3846 4058/5073/3846
f 4057/5078/3847 4061/5075/3847 4059/5074/3847 4060/5077/3847
f 4062/5079/3848 4065/5080/3848 4066/5081/3848 4068/5082/3848
f 4063/5083/3849 4067/5084/3849 4066/5081/3849 4065/5080/3849
f 4064/5085/3850 4068/5082/3850 4066/5081/3850 4067/5084/3850
f 4027/5038/3851 4013/5014/3851 4019/5017/3851 4030/5039/3851
f 4030/5045/3852 4019/5023/3852 4015/5022/3852 4028/5042/3852
f 4014/5018/3853 4020/5026/3853 4026/5029/3853 4018/5019/3853
f 4018/5025/3854 4026/5035/3854 4022/5034/3854 4015/5022/3854
f 4021/5030/3855 4034/5048/3855 4040/5051/3855 4025/5031/3855
f 4025/5037/3856 4040/5057/3856 4036/5056/3856 4022/5034/3856
f 4035/5052/3857 4029/5046/3857 4032/5043/3857 4039/5053/3857
f 4039/5053/3858 4032/5043/3858 4028/5042/3858 4036/5056/3858
f 4055/5072/3859 4027/5038/3859 4033/5041/3859 4058/5073/3859
f 4058/5073/3860 4033/5047/3860 4029/5046/3860 4056/5076/3860
f 4034/5048/3861 4062/5079/3861 4068/5082/3861 4037/5049/3861
f 4037/5055/3862 4068/5082/3862 4064/5085/3862 4035/5052/3862
f 4063/5083/3863 4057/5078/3863 4060/5077/3863 4067/5084/3863
f 4067/5084/3864 4060/5077/3864 4056/5076/3864 4064/5085/3864
f 4041/5058/3865 4055/5072/3865 4061/5075/3865 4044/5059/3865
f 4044/5059/3866 4061/5075/3866 4057/5078/3866 4042/5062/3866
f 4062/5079/3867 4048/5065/3867 4054/5068/3867 4065/5080/3867
f 4065/5080/3868 4054/5068/3868 4050/5071/3868 4063/5083/3868
f 4049/5069/3869 4043/5064/3869 4046/5063/3869 4053/5070/3869
f 4053/5070/3870 4046/5063/3870 4042/5062/3870 4050/5071/3870
f 4013/5014/3871 4041/5058/3871 4047/5061/3871 4016/5015/3871
f 4016/5021/3872 4047/5061/3872 4043/5064/3872 4014/5018/3872
f 4048/5065/3873 4021/5030/3873 4023/5033/3873 4051/5066/3873
f 4051/5066/3874 4023/5027/3874 4020/5026/3874 4049/5069/3874
f 4027/5038/3875 4055/5072/3875 4041/5058/3875 4013/5014/3875
f 4015/5022/3876 4022/5034/3876 4036/5056/3876 4028/5042/3876
f 4043/5064/3877 4049/5069/3877 4020/5026/3877 4014/5018/3877
f 4062/5079/3878 4034/5048/3878 4021/5030/3878 4048/5065/3878
f 4029/5046/3879 4035/5052/3879 4064/5085/3879 4056/5076/3879
f 4057/5078/3880 4063/5083/3880 4050/5071/3880 4042/5062/3880
o Pistol_Body
v -2.623000 2.105000 -0.977000
v -2.623000 2.117000 -0.965000
v -2.635000 2.117000 -0.977000
v -2.623000 2.108515 -0.968515
v -2.629928 2.110072 -0.970072
v -2.631485 2.117000 -0.968515
v -2.631485 2.108515 -0.977000
v -2.623000 2.183000 -0.965000
v -2.623000 2.195000 -0.977000
v -2.635000 2.183000 -0.977000
v -2.623000 2.191485 -0.968515
v -2.629928 2.189928 -0.970072
v -2.631485 2.191485 -0.977000
v -2.631485 2.183000 -0.968515
v -2.623000 2.105000 -1.023000
v -2.635000 2.117000 -1.023000
v -2.623000 2.117000 -1.035000
v -2.631485 2.108515 -1.023000
v -2.629928 2.110072 -1.029928
v -2.631485 2.117000 -1.031485
v -2.623000 2.108515 -1.031485
v -2.623000 2.195000 -1.023000
v -2.623000 2.183000 -1.035000
v -2.635000 2.183000 -1.023000
v -2.623000 2.191485 -1.031485
v -2.629928 2.189928 -1.029928
v -2.631485 2.183000 -1.031485
v -2.631485 2.191485 -1.023000
v -2.377000 2.105000 -0.977000
v -2.365000 2.117000 -0.977000
v -2.377000 2.117000 -0.965000
v -2.368515 2.108515 -0.977000
v -2.370072 2.110072 -0.970072
v -2.368515 2.117000 -0.968515
v -2.377000 2.108515 -0.968515
v -2.377000 2.195000 -0.977000
v -2.377000 2.183000 -0.965000
v -2.365000 2.183000 -0.977000
v -2.377000 2.191485 -0.968515
v -2.370072 2.189928 -0.970072
v -2.368515 2.183000 -0.968515
v -2.368515 2.191485 -0.977000
v -2.377000 2.105000 -1.023000
v -2.377000 2.117000 -1.035000
v -2.365000 2.117000 -1.023000
v -2.377000 2.108515 -1.031485
v -2.370072 2.110072 -1.029928
v -2.368515 2.117000 -1.031485
v -2.368515 2.108515 -1.023000
v -2.377000 2.195000 -1.023000
v -2.365000 2.183000 -1.023000
v -2.377000 2.183000 -1.035000
v -2.368515 2.191485 -1.023000
v -2.370072 2.189928 -1.029928
v -2.368515 2.183000 -1.031485
v -2.377000 2.191485 -1.031485
vn -0.3251 -0.8881 0.3251
vn -0.3251 -0.3251 0.8881
vn -0.8881 -0.3251 0.3251
vn -0.3251 0.3251 0.8881
vn -0.3251 0.8881 0.3251
vn -0.8881 0.3251 0.3251
vn -0.3251 -0.8881 -0.3251
vn -0.8881 -0.3251 -0.3251
vn -0.3251 -0.3251 -0.8881
vn -0.3251 0.8881 -0.3251
vn -0.3251 0.3251 -0.8881
vn -0.8881 0.3251 -0.3251
vn 0.3251 -0.8881 0.3251
vn 0.8881 -0.3251 0.3251
vn 0.3251 -0.3251 0.8881
vn 0.3251 0.8881 0.3251
vn 0.3251 0.3251 0.8881
vn 0.8881 0.3251 0.3251
vn 0.3251 -0.8881 -0.3251
vn 0.3251 -0.3251 -0.8881
vn 0.8881 -0.3251 -0.3251
vn 0.3251 0.8881 -0.3251
vn 0.8881 0.3251 -0.3251
vn 0.3251 0.3251 -0.8881
vn -0.3827 -0.9239 -0.0000
vn -0.9239 -0.3827 -0.0000
vn -0.3827 -0.0000 0.9239
vn -0.9239 -0.0000 0.3827
vn -0.3827 0.9239 -0.0000
vn -0.9239 0.3827 -0.0000
vn -0.3827 -0.0000 -0.9239
vn -0.9239 -0.0000 -0.3827
vn -0.0000 -0.9239 -0.3827
vn -0.0000 -0.3827 -0.9239
vn -0.0000 0.9239 -0.3827
vn -0.0000 0.3827 -0.9239
vn 0.9239 -0.0000 -0.3827
vn 0.3827 -0.0000 -0.9239
vn 0.3827 -0.9239 -0.0000
vn 0.9239 -0.3827 -0.0000
vn 0.3827 0.9239 -0.0000
vn 0.9239 0.3827 -0.0000
vn 0.3827 -0.0000 0.9239
vn 0.9239 -0.0000 0.3827
vn -0.0000 -0.9239 0.3827
vn -0.0000 -0.3827 0.9239
vn -0.0000 0.9239 0.3827
vn -0.0000 0.3827 0.9239
vn -0.0000 -1.0000 -0.0000
vn -1.0000 -0.0000 -0.0000
vn -0.0000 -0.0000 1.0000
vn -0.0000 1.0000 -0.0000
vn -0.0000 -0.0000 -1.0000
vn 1.0000 -0.0000 -0.0000
vt 0.136111 0.707143
vt 0.136111 0.750000
vt 0.129696 0.750000
vt 0.125000 0.707143
vt 0.408333 0.988889
vt 0.408333 1.000000
vt 0.389088 1.000000
vt 0.375000 0.988889
vt 0.408333 0.042857
vt 0.375000 0.042857
vt 0.375000 0.018114
vt 0.408333 0.000000
vt 0.591667 0.988889
vt 0.625000 0.988889
vt 0.625000 0.995304
vt 0.591667 1.000000
vt 0.863889 0.707143
vt 0.875000 0.707143
vt 0.875000 0.731886
vt 0.863889 0.750000
vt 0.591667 0.042857
vt 0.591667 0.000000
vt 0.610912 0.000000
vt 0.625000 0.042857
vt 0.136111 0.542857
vt 0.125000 0.542857
vt 0.125000 0.518114
vt 0.136111 0.500000
vt 0.408333 0.207143
vt 0.408333 0.250000
vt 0.382044 0.252348
vt 0.375000 0.207143
vt 0.408333 0.261111
vt 0.375000 0.261111
vt 0.863889 0.542857
vt 0.863889 0.500000
vt 0.870304 0.500000
vt 0.875000 0.542857
vt 0.591667 0.261111
vt 0.591667 0.250000
vt 0.617956 0.240943
vt 0.625000 0.261111
vt 0.591667 0.207143
vt 0.625000 0.207143
vt 0.363889 0.707143
vt 0.375000 0.707143
vt 0.379696 0.745528
vt 0.369444 0.755556
vt 0.408333 0.707143
vt 0.408333 0.750000
vt 0.408333 0.761111
vt 0.636111 0.707143
vt 0.630556 0.755556
vt 0.621869 0.743962
vt 0.625000 0.707143
vt 0.591667 0.761111
vt 0.591667 0.750000
vt 0.591667 0.707143
vt 0.363889 0.542857
vt 0.369444 0.494444
vt 0.378131 0.506038
vt 0.375000 0.542857
vt 0.408333 0.488889
vt 0.408333 0.500000
vt 0.408333 0.542857
vt 0.636111 0.542857
vt 0.625000 0.542857
vt 0.620304 0.504472
vt 0.630556 0.494444
vt 0.591667 0.542857
vt 0.591667 0.500000
vt 0.591667 0.488889
s 0
usemtl MAT_Polymer
f 4069/5086/3881 4072/5087/3881 4073/5088/3881 4075/5089/3881
f 4070/5090/3882 4074/5091/3882 4073/5092/3882 4072/5093/3882
f 4071/5094/3883 4075/5095/3883 4073/5096/3883 4074/5097/3883
f 4076/5098/3884 4079/5099/3884 4080/5100/3884 4082/5101/3884
f 4077/5102/3885 4081/5103/3885 4080/5104/3885 4079/5105/3885
f 4078/5106/3886 4082/5107/3886 4080/5108/3886 4081/5109/3886
f 4083/5110/3887 4086/5111/3887 4087/5112/3887 4089/5113/3887
f 4084/5114/3888 4088/5115/3888 4087/5116/3888 4086/5117/3888
f 4085/5118/3889 4089/5119/3889 4087/5116/3889 4088/5115/3889
f 4090/5120/3890 4093/5121/3890 4094/5122/3890 4096/5123/3890
f 4091/5124/3891 4095/5125/3891 4094/5126/3891 4093/5127/3891
f 4092/5128/3892 4096/5129/3892 4094/5126/3892 4095/5125/3892
f 4097/5130/3893 4100/5131/3893 4101/5132/3893 4103/5133/3893
f 4098/5134/3894 4102/5135/3894 4101/5132/3894 4100/5131/3894
f 4099/5136/3895 4103/5133/3895 4101/5132/3895 4102/5135/3895
f 4104/5137/3896 4107/5138/3896 4108/5139/3896 4110/5140/3896
f 4105/5141/3897 4109/5142/3897 4108/5139/3897 4107/5138/3897
f 4106/5143/3898 4110/5140/3898 4108/5139/3898 4109/5142/3898
f 4111/5144/3899 4114/5145/3899 4115/5146/3899 4117/5147/3899
f 4112/5148/3900 4116/5149/3900 4115/5146/3900 4114/5145/3900
f 4113/5150/3901 4117/5147/3901 4115/5146/3901 4116/5149/3901
f 4118/5151/3902 4121/5152/3902 4122/5153/3902 4124/5154/3902
f 4119/5155/3903 4123/5156/3903 4122/5153/3903 4121/5152/3903
f 4120/5157/3904 4124/5154/3904 4122/5153/3904 4123/5156/3904
f 4083/5110/3905 4069/5086/3905 4075/5089/3905 4086/5111/3905
f 4086/5117/3906 4075/5095/3906 4071/5094/3906 4084/5114/3906
f 4070/5090/3907 4076/5098/3907 4082/5101/3907 4074/5091/3907
f 4074/5097/3908 4082/5107/3908 4078/5106/3908 4071/5094/3908
f 4077/5102/3909 4090/5120/3909 4096/5123/3909 4081/5103/3909
f 4081/5109/3910 4096/5129/3910 4092/5128/3910 4078/5106/3910
f 4091/5124/3911 4085/5118/3911 4088/5115/3911 4095/5125/3911
f 4095/5125/3912 4088/5115/3912 4084/5114/3912 4092/5128/3912
f 4111/5144/3913 4083/5110/3913 4089/5113/3913 4114/5145/3913
f 4114/5145/3914 4089/5119/3914 4085/5118/3914 4112/5148/3914
f 4090/5120/3915 4118/5151/3915 4124/5154/3915 4093/5121/3915
f 4093/5127/3916 4124/5154/3916 4120/5157/3916 4091/5124/3916
f 4119/5155/3917 4113/5150/3917 4116/5149/3917 4123/5156/3917
f 4123/5156/3918 4116/5149/3918 4112/5148/3918 4120/5157/3918
f 4097/5130/3919 4111/5144/3919 4117/5147/3919 4100/5131/3919
f 4100/5131/3920 4117/5147/3920 4113/5150/3920 4098/5134/3920
f 4118/5151/3921 4104/5137/3921 4110/5140/3921 4121/5152/3921
f 4121/5152/3922 4110/5140/3922 4106/5143/3922 4119/5155/3922
f 4105/5141/3923 4099/5136/3923 4102/5135/3923 4109/5142/3923
f 4109/5142/3924 4102/5135/3924 4098/5134/3924 4106/5143/3924
f 4069/5086/3925 4097/5130/3925 4103/5133/3925 4072/5087/3925
f 4072/5093/3926 4103/5133/3926 4099/5136/3926 4070/5090/3926
f 4104/5137/3927 4077/5102/3927 4079/5105/3927 4107/5138/3927
f 4107/5138/3928 4079/5099/3928 4076/5098/3928 4105/5141/3928
f 4083/5110/3929 4111/5144/3929 4097/5130/3929 4069/5086/3929
f 4071/5094/3930 4078/5106/3930 4092/5128/3930 4084/5114/3930
f 4099/5136/3931 4105/5141/3931 4076/5098/3931 4070/5090/3931
f 4118/5151/3932 4090/5120/3932 4077/5102/3932 4104/5137/3932
f 4085/5118/3933 4091/5124/3933 4120/5157/3933 4112/5148/3933
f 4113/5150/3934 4119/5155/3934 4106/5143/3934 4098/5134/3934
o Pistol_Stock
v -2.737000 2.110000 -0.975000
v -2.737000 2.125000 -0.960000
v -2.752000 2.125000 -0.975000
v -2.737000 2.114393 -0.964393
v -2.745660 2.116340 -0.966340
v -2.747607 2.125000 -0.964393
v -2.747607 2.114393 -0.975000
v -2.737000 2.175000 -0.960000
v -2.737000 2.190000 -0.975000
v -2.752000 2.175000 -0.975000
v -2.737000 2.185607 -0.964393
v -2.745660 2.183660 -0.966340
v -2.747607 2.185607 -0.975000
v -2.747607 2.175000 -0.964393
v -2.737000 2.110000 -1.025000
v -2.752000 2.125000 -1.025000
v -2.737000 2.125000 -1.040000
v -2.747607 2.114393 -1.025000
v -2.745660 2.116340 -1.033660
v -2.747607 2.125000 -1.035607
v -2.737000 2.114393 -1.035607
v -2.737000 2.190000 -1.025000
v -2.737000 2.175000 -1.040000
v -2.752000 2.175000 -1.025000
v -2.737000 2.185607 -1.035607
v -2.745660 2.183660 -1.033660
v -2.747607 2.175000 -1.035607
v -2.747607 2.185607 -1.025000
v -2.641000 2.110000 -0.975000
v -2.626000 2.125000 -0.975000
v -2.641000 2.125000 -0.960000
v -2.630393 2.114393 -0.975000
v -2.632340 2.116340 -0.966340
v -2.630393 2.125000 -0.964393
v -2.641000 2.114393 -0.964393
v -2.641000 2.190000 -0.975000
v -2.641000 2.175000 -0.960000
v -2.626000 2.175000 -0.975000
v -2.641000 2.185607 -0.964393
v -2.632340 2.183660 -0.966340
v -2.630393 2.175000 -0.964393
v -2.630393 2.185607 -0.975000
v -2.641000 2.110000 -1.025000
v -2.641000 2.125000 -1.040000
v -2.626000 2.125000 -1.025000
v -2.641000 2.114393 -1.035607
v -2.632340 2.116340 -1.033660
v -2.630393 2.125000 -1.035607
v -2.630393 2.114393 -1.025000
v -2.641000 2.190000 -1.025000
v -2.626000 2.175000 -1.025000
v -2.641000 2.175000 -1.040000
v -2.630393 2.185607 -1.025000
v -2.632340 2.183660 -1.033660
v -2.630393 2.175000 -1.035607
v -2.641000 2.185607 -1.035607
vn -0.3251 -0.8881 0.3251
vn -0.3251 -0.3251 0.8881
vn -0.8881 -0.3251 0.3251
vn -0.3251 0.3251 0.8881
vn -0.3251 0.8881 0.3251
vn -0.8881 0.3251 0.3251
vn -0.3251 -0.8881 -0.3251
vn -0.8881 -0.3251 -0.3251
vn -0.3251 -0.3251 -0.8881
vn -0.3251 0.8881 -0.3251
vn -0.3251 0.3251 -0.8881
vn -0.8881 0.3251 -0.3251
vn 0.3251 -0.8881 0.3251
vn 0.8881 -0.3251 0.3251
vn 0.3251 -0.3251 0.8881
vn 0.3251 0.8881 0.3251
vn 0.3251 0.3251 0.8881
vn 0.8881 0.3251 0.3251
vn 0.3251 -0.8881 -0.3251
vn 0.3251 -0.3251 -0.8881
vn 0.8881 -0.3251 -0.3251
vn 0.3251 0.8881 -0.3251
vn 0.8881 0.3251 -0.3251
vn 0.3251 0.3251 -0.8881
vn -0.3827 -0.9239 -0.0000
vn -0.9239 -0.3827 -0.0000
vn -0.3827 -0.0000 0.9239
vn -0.9239 -0.0000 0.3827
vn -0.3827 0.9239 -0.0000
vn -0.9239 0.3827 -0.0000
vn -0.3827 -0.0000 -0.9239
vn -0.9239 -0.0000 -0.3827
vn -0.0000 -0.9239 -0.3827
vn -0.0000 -0.3827 -0.9239
vn -0.0000 0.9239 -0.3827
vn -0.0000 0.3827 -0.9239
vn 0.9239 -0.0000 -0.3827
vn 0.3827 -0.0000 -0.9239
vn 0.3827 -0.9239 -0.0000
vn 0.9239 -0.3827 -0.0000
vn 0.3827 0.9239 -0.0000
vn 0.9239 0.3827 -0.0000
vn 0.3827 -0.0000 0.9239
vn 0.9239 -0.0000 0.3827
vn -0.0000 -0.9239 0.3827
vn -0.0000 -0.3827 0.9239
vn -0.0000 0.9239 0.3827
vn -0.0000 0.3827 0.9239
vn -0.0000 -1.0000 -0.0000
vn -1.0000 -0.0000 -0.0000
vn -0.0000 -0.0000 1.0000
vn -0.0000 1.0000 -0.0000
vn -0.0000 -0.0000 -1.0000
vn 1.0000 -0.0000 -0.0000
vt 0.154762 0.703125
vt 0.154762 0.750000
vt 0.137579 0.750000
vt 0.125000 0.703125
vt 0.421875 0.970238
vt 0.421875 1.000000
vt 0.394812 1.000000
vt 0.375000 0.970238
vt 0.421875 0.046875
vt 0.375000 0.046875
vt 0.375000 0.019812
vt 0.421875 0.000000
vt 0.578125 0.970238
vt 0.625000 0.970238
vt 0.625000 0.987421
vt 0.578125 1.000000
vt 0.845238 0.703125
vt 0.875000 0.703125
vt 0.875000 0.730188
vt 0.845238 0.750000
vt 0.578125 0.046875
vt 0.578125 0.000000
vt 0.605188 0.000000
vt 0.625000 0.046875
vt 0.154762 0.546875
vt 0.125000 0.546875
vt 0.125000 0.519812
vt 0.154762 0.500000
vt 0.421875 0.203125
vt 0.421875 0.250000
vt 0.384906 0.256289
vt 0.375000 0.203125
vt 0.421875 0.279762
vt 0.375000 0.279762
vt 0.845238 0.546875
vt 0.845238 0.500000
vt 0.862421 0.500000
vt 0.875000 0.546875
vt 0.578125 0.279762
vt 0.578125 0.250000
vt 0.615094 0.240094
vt 0.625000 0.279762
vt 0.578125 0.203125
vt 0.625000 0.203125
vt 0.345238 0.703125
vt 0.375000 0.703125
vt 0.381604 0.747589
vt 0.360119 0.764881
vt 0.421875 0.703125
vt 0.421875 0.750000
vt 0.421875 0.779762
vt 0.654762 0.703125
vt 0.639881 0.764881
vt 0.622589 0.743396
vt 0.625000 0.703125
vt 0.578125 0.779762
vt 0.578125 0.750000
vt 0.578125 0.703125
vt 0.345238 0.546875
vt 0.360119 0.485119
vt 0.377411 0.506604
vt 0.375000 0.546875
vt 0.421875 0.470238
vt 0.421875 0.500000
vt 0.421875 0.546875
vt 0.654762 0.546875
vt 0.625000 0.546875
vt 0.618396 0.502411
vt 0.639881 0.485119
vt 0.578125 0.546875
vt 0.578125 0.500000
vt 0.578125 0.470238
s 0
usemtl MAT_Polymer
f 4125/5158/3935 4128/5159/3935 4129/5160/3935 4131/5161/3935
f 4126/5162/3936 4130/5163/3936 4129/5164/3936 4128/5165/3936
f 4127/5166/3937 4131/5167/3937 4129/5168/3937 4130/5169/3937
f 4132/5170/3938 4135/5171/3938 4136/5172/3938 4138/5173/3938
f 4133/5174/3939 4137/5175/3939 4136/5176/3939 4135/5177/3939
f 4134/5178/3940 4138/5179/3940 4136/5180/3940 4137/5181/3940
f 4139/5182/3941 4142/5183/3941 4143/5184/3941 4145/5185/3941
f 4140/5186/3942 4144/5187/3942 4143/5188/3942 4142/5189/3942
f 4141/5190/3943 4145/5191/3943 4143/5188/3943 4144/5187/3943
f 4146/5192/3944 4149/5193/3944 4150/5194/3944 4152/5195/3944
f 4147/5196/3945 4151/5197/3945 4150/5198/3945 4149/5199/3945
f 4148/5200/3946 4152/5201/3946 4150/5198/3946 4151/5197/3946
f 4153/5202/3947 4156/5203/3947 4157/5204/3947 4159/5205/3947
f 4154/5206/3948 4158/5207/3948 4157/5204/3948 4156/5203/3948
f 4155/5208/3949 4159/5205/3949 4157/5204/3949 4158/5207/3949
f 4160/5209/3950 4163/5210/3950 4164/5211/3950 4166/5212/3950
f 4161/5213/3951 4165/5214/3951 4164/5211/3951 4163/5210/3951
f 4162/5215/3952 4166/5212/3952 4164/5211/3952 4165/5214/3952
f 4167/5216/3953 4170/5217/3953 4171/5218/3953 4173/5219/3953
f 4168/5220/3954 4172/5221/3954 4171/5218/3954 4170/5217/3954
f 4169/5222/3955 4173/5219/3955 4171/5218/3955 4172/5221/3955
f 4174/5223/3956 4177/5224/3956 4178/5225/3956 4180/5226/3956
f 4175/5227/3957 4179/5228/3957 4178/5225/3957 4177/5224/3957
f 4176/5229/3958 4180/5226/3958 4178/5225/3958 4179/5228/3958
f 4139/5182/3959 4125/5158/3959 4131/5161/3959 4142/5183/3959
f 4142/5189/3960 4131/5167/3960 4127/5166/3960 4140/5186/3960
f 4126/5162/3961 4132/5170/3961 4138/5173/3961 4130/5163/3961
f 4130/5169/3962 4138/5179/3962 4134/5178/3962 4127/5166/3962
f 4133/5174/3963 4146/5192/3963 4152/5195/3963 4137/5175/3963
f 4137/5181/3964 4152/5201/3964 4148/5200/3964 4134/5178/3964
f 4147/5196/3965 4141/5190/3965 4144/5187/3965 4151/5197/3965
f 4151/5197/3966 4144/5187/3966 4140/5186/3966 4148/5200/3966
f 4167/5216/3967 4139/5182/3967 4145/5185/3967 4170/5217/3967
f 4170/5217/3968 4145/5191/3968 4141/5190/3968 4168/5220/3968
f 4146/5192/3969 4174/5223/3969 4180/5226/3969 4149/5193/3969
f 4149/5199/3970 4180/5226/3970 4176/5229/3970 4147/5196/3970
f 4175/5227/3971 4169/5222/3971 4172/5221/3971 4179/5228/3971
f 4179/5228/3972 4172/5221/3972 4168/5220/3972 4176/5229/3972
f 4153/5202/3973 4167/5216/3973 4173/5219/3973 4156/5203/3973
f 4156/5203/3974 4173/5219/3974 4169/5222/3974 4154/5206/3974
f 4174/5223/3975 4160/5209/3975 4166/5212/3975 4177/5224/3975
f 4177/5224/3976 4166/5212/3976 4162/5215/3976 4175/5227/3976
f 4161/5213/3977 4155/5208/3977 4158/5207/3977 4165/5214/3977
f 4165/5214/3978 4158/5207/3978 4154/5206/3978 4162/5215/3978
f 4125/5158/3979 4153/5202/3979 4159/5205/3979 4128/5159/3979
f 4128/5165/3980 4159/5205/3980 4155/5208/3980 4126/5162/3980
f 4160/5209/3981 4133/5174/3981 4135/5177/3981 4163/5210/3981
f 4163/5210/3982 4135/5171/3982 4132/5170/3982 4161/5213/3982
f 4139/5182/3983 4167/5216/3983 4153/5202/3983 4125/5158/3983
f 4127/5166/3984 4134/5178/3984 4148/5200/3984 4140/5186/3984
f 4155/5208/3985 4161/5213/3985 4132/5170/3985 4126/5162/3985
f 4174/5223/3986 4146/5192/3986 4133/5174/3986 4160/5209/3986
f 4141/5190/3987 4147/5196/3987 4176/5229/3987 4168/5220/3987
f 4169/5222/3988 4175/5227/3988 4162/5215/3988 4154/5206/3988
o Pistol_Barrel
v -2.351500 2.150000 -1.000000
v -2.339731 2.150000 -1.012000
v -2.348053 2.150000 -1.008485
v -2.261500 2.150000 -1.000000
v -2.273269 2.150000 -1.012000
v -2.264947 2.150000 -1.008485
v -2.351500 2.150000 -1.000000
v -2.339731 2.145408 -1.011087
v -2.348053 2.146753 -1.007839
v -2.261500 2.150000 -1.000000
v -2.273269 2.145408 -1.011087
v -2.264947 2.146753 -1.007839
v -2.351500 2.150000 -1.000000
v -2.339731 2.141515 -1.008485
v -2.348053 2.144000 -1.006000
v -2.261500 2.150000 -1.000000
v -2.273269 2.141515 -1.008485
v -2.264947 2.144000 -1.006000
v -2.351500 2.150000 -1.000000
v -2.339731 2.138914 -1.004592
v -2.348053 2.142161 -1.003247
v -2.261500 2.150000 -1.000000
v -2.273269 2.138914 -1.004592
v -2.264947 2.142161 -1.003247
v -2.351500 2.150000 -1.000000
v -2.339731 2.138000 -1.000000
v -2.348053 2.141515 -1.000000
v -2.261500 2.150000 -1.000000
v -2.273269 2.138000 -1.000000
v -2.264947 2.141515 -1.000000
v -2.351500 2.150000 -1.000000
v -2.339731 2.138914 -0.995408
v -2.348053 2.142161 -0.996753
v -2.261500 2.150000 -1.000000
v -2.273269 2.138914 -0.995408
v -2.264947 2.142161 -0.996753
v -2.351500 2.150000 -1.000000
v -2.339731 2.141515 -0.991515
v -2.348053 2.144000 -0.994000
v -2.261500 2.150000 -1.000000
v -2.273269 2.141515 -0.991515
v -2.264947 2.144000 -0.994000
v -2.351500 2.150000 -1.000000
v -2.339731 2.145408 -0.988913
v -2.348053 2.146753 -0.992161
v -2.261500 2.150000 -1.000000
v -2.273269 2.145408 -0.988913
v -2.264947 2.146753 -0.992161
v -2.351500 2.150000 -1.000000
v -2.339731 2.150000 -0.988000
v -2.348053 2.150000 -0.991515
v -2.261500 2.150000 -1.000000
v -2.273269 2.150000 -0.988000
v -2.264947 2.150000 -0.991515
v -2.351500 2.150000 -1.000000
v -2.339731 2.154592 -0.988913
v -2.348053 2.153247 -0.992161
v -2.261500 2.150000 -1.000000
v -2.273269 2.154592 -0.988913
v -2.264947 2.153247 -0.992161
v -2.351500 2.150000 -1.000000
v -2.339731 2.158485 -0.991515
v -2.348053 2.156000 -0.994000
v -2.261500 2.150000 -1.000000
v -2.273269 2.158485 -0.991515
v -2.264947 2.156000 -0.994000
v -2.351500 2.150000 -1.000000
v -2.339731 2.161087 -0.995408
v -2.348053 2.157840 -0.996753
v -2.261500 2.150000 -1.000000
v -2.273269 2.161087 -0.995408
v -2.264947 2.157840 -0.996753
v -2.351500 2.150000 -1.000000
v -2.339731 2.162000 -1.000000
v -2.348053 2.158485 -1.000000
v -2.261500 2.150000 -1.000000
v -2.273269 2.162000 -1.000000
v -2.264947 2.158485 -1.000000
v -2.351500 2.150000 -1.000000
v -2.339731 2.161087 -1.004592
v -2.348053 2.157840 -1.003247
v -2.261500 2.150000 -1.000000
v -2.273269 2.161087 -1.004592
v -2.264947 2.157840 -1.003247
v -2.351500 2.150000 -1.000000
v -2.339731 2.158485 -1.008485
v -2.348053 2.156000 -1.006000
v -2.261500 2.150000 -1.000000
v -2.273269 2.158485 -1.008485
v -2.264947 2.156000 -1.006000
v -2.351500 2.150000 -1.000000
v -2.339731 2.154592 -1.011087
v -2.348053 2.153247 -1.007839
v -2.261500 2.150000 -1.000000
v -2.273269 2.154592 -1.011087
v -2.264947 2.153247 -1.007839
vn -0.3827 -0.1802 -0.9061
vn -0.9239 -0.0747 -0.3753
vn 0.3827 -0.1802 -0.9061
vn 0.9239 -0.0747 -0.3753
vn -0.3827 -0.5133 -0.7682
vn -0.9239 -0.2126 -0.3182
vn 0.3827 -0.5133 -0.7682
vn 0.9239 -0.2126 -0.3182
vn -0.3827 -0.7682 -0.5133
vn -0.9239 -0.3182 -0.2126
vn 0.3827 -0.7682 -0.5133
vn 0.9239 -0.3182 -0.2126
vn -0.3827 -0.9061 -0.1802
vn -0.9239 -0.3753 -0.0747
vn 0.3827 -0.9061 -0.1802
vn 0.9239 -0.3753 -0.0747
vn -0.3827 -0.9061 0.1802
vn -0.9239 -0.3753 0.0747
vn 0.3827 -0.9061 0.1802
vn 0.9239 -0.3753 0.0747
vn -0.3827 -0.7682 0.5133
vn -0.9239 -0.3182 0.2126
vn 0.3827 -0.7682 0.5133
vn 0.9239 -0.3182 0.2126
vn -0.3827 -0.5133 0.7682
vn -0.9239 -0.2126 0.3182
vn 0.3827 -0.5133 0.7682
vn 0.9239 -0.2126 0.3182
vn -0.3827 -0.1802 0.9061
vn -0.9239 -0.0747 0.3753
vn 0.3827 -0.1802 0.9061
vn 0.9239 -0.0747 0.3753
vn -0.3827 0.1802 0.9061
vn -0.9239 0.0747 0.3753
vn 0.3827 0.1802 0.9061
vn 0.9239 0.0747 0.3753
vn -0.3827 0.5133 0.7682
vn -0.9239 0.2126 0.3182
vn 0.3827 0.5133 0.7682
vn 0.9239 0.2126 0.3182
vn -0.3827 0.7682 0.5133
vn -0.9239 0.3182 0.2126
vn 0.3827 0.7682 0.5133
vn 0.9239 0.3182 0.2126
vn -0.3827 0.9061 0.1802
vn -0.9239 0.3753 0.0747
vn 0.3827 0.9061 0.1802
vn 0.9239 0.3753 0.0747
vn -0.3827 0.9061 -0.1802
vn -0.9239 0.3753 -0.0747
vn 0.3827 0.9061 -0.1802
vn 0.9239 0.3753 -0.0747
vn -0.3827 0.7682 -0.5133
vn -0.9239 0.3182 -0.2126
vn 0.3827 0.7682 -0.5133
vn 0.9239 0.3182 -0.2126
vn -0.3827 0.5133 -0.7682
vn -0.9239 0.2126 -0.3182
vn 0.3827 0.5133 -0.7682
vn 0.9239 0.2126 -0.3182
vn -0.3827 0.1802 -0.9061
vn -0.9239 0.0747 -0.3753
vn 0.3827 0.1802 -0.9061
vn 0.9239 0.0747 -0.3753
vn -0.9737 -0.2278 -0.0000
vn -0.0000 -0.1951 -0.9808
vn -0.0000 0.1951 -0.9808
vn 0.8185 0.5746 -0.0000
vn -0.0000 -0.5556 -0.8315
vn -0.0000 -0.8315 -0.5556
vn -0.0000 -0.9808 -0.1951
vn -0.0000 -0.9808 0.1951
vn -0.0000 -0.8315 0.5556
vn -0.0000 -0.5556 0.8315
vn -0.0000 -0.1951 0.9808
vn -0.0000 0.1951 0.9808
vn -0.0000 0.5556 0.8315
vn -0.0000 0.8315 0.5556
vn -0.0000 0.9808 0.1951
vn -0.0000 0.9808 -0.1951
vn -0.0000 0.8315 -0.5556
vn -0.0000 0.5556 -0.8315
vt 1.000000 0.565386
vt 0.937500 0.565386
vt 0.937500 0.500000
vt 0.990847 0.500000
vt 0.750000 0.487325
vt 0.840820 0.469259
vt 0.750000 0.250000
vt 0.750000 0.250000
vt 0.937500 0.934614
vt 1.000000 0.934614
vt 0.990847 1.000000
vt 0.937500 1.000000
vt 0.340820 0.469259
vt 0.250000 0.487325
vt 0.250000 0.250000
vt 0.250000 0.250000
vt 0.875000 0.565386
vt 0.875000 0.500000
vt 0.917814 0.417814
vt 0.750000 0.250000
vt 0.875000 0.934614
vt 0.875000 1.000000
vt 0.417814 0.417814
vt 0.250000 0.250000
vt 0.812500 0.565386
vt 0.812500 0.500000
vt 0.969259 0.340820
vt 0.812500 0.934614
vt 0.812500 1.000000
vt 0.469259 0.340820
vt 0.250000 0.250000
vt 0.750000 0.565386
vt 0.750000 0.500000
vt 0.987325 0.250000
vt 0.750000 0.934614
vt 0.750000 1.000000
vt 0.487325 0.250000
vt 0.250000 0.250000
vt 0.687500 0.565386
vt 0.687500 0.500000
vt 0.969259 0.159180
vt 0.750000 0.250000
vt 0.687500 0.934614
vt 0.687500 1.000000
vt 0.469259 0.159180
vt 0.250000 0.250000
vt 0.625000 0.565386
vt 0.625000 0.500000
vt 0.917814 0.082186
vt 0.750000 0.250000
vt 0.625000 0.934614
vt 0.625000 1.000000
vt 0.417814 0.082186
vt 0.250000 0.250000
vt 0.562500 0.565386
vt 0.562500 0.500000
vt 0.840820 0.030741
vt 0.562500 0.934614
vt 0.562500 1.000000
vt 0.340820 0.030741
vt 0.500000 0.565386
vt 0.500000 0.500000
vt 0.750000 0.012675
vt 0.750000 0.250000
vt 0.500000 0.934614
vt 0.500000 1.000000
vt 0.250000 0.012675
vt 0.250000 0.250000
vt 0.437500 0.565386
vt 0.437500 0.500000
vt 0.659180 0.030741
vt 0.750000 0.250000
vt 0.437500 0.934614
vt 0.437500 1.000000
vt 0.159180 0.030741
vt 0.250000 0.250000
vt 0.375000 0.565386
vt 0.375000 0.500000
vt 0.582186 0.082186
vt 0.750000 0.250000
vt 0.375000 0.934614
vt 0.375000 1.000000
vt 0.082186 0.082186
vt 0.312500 0.565386
vt 0.312500 0.500000
vt 0.530741 0.159180
vt 0.750000 0.250000
vt 0.312500 0.934614
vt 0.312500 1.000000
vt 0.030741 0.159180
vt 0.250000 0.565386
vt 0.250000 0.500000
vt 0.512675 0.250000
vt 0.750000 0.250000
vt 0.250000 0.934614
vt 0.250000 1.000000
vt 0.012675 0.250000
vt 0.250000 0.250000
vt 0.187500 0.565386
vt 0.187500 0.500000
vt 0.530741 0.340820
vt 0.750000 0.250000
vt 0.187500 0.934614
vt 0.187500 1.000000
vt 0.030741 0.340820
vt 0.250000 0.250000
vt 0.125000 0.565386
vt 0.125000 0.500000
vt 0.582186 0.417814
vt 0.750000 0.250000
vt 0.125000 0.934614
vt 0.125000 1.000000
vt 0.082186 0.417814
vt 0.250000 0.250000
vt 0.062500 0.565386
vt 0.062500 0.500000
vt 0.659180 0.469259
vt 0.062500 0.934614
vt 0.062500 1.000000
vt 0.159180 0.469259
vt 0.250000 0.250000
vt 0.000000 0.565386
vt 0.009153 0.500000
vt 0.000000 0.934614
vt 0.009153 1.000000
s 0
usemtl MAT_PaintedMetal
f 4182/5230/3989 4188/5231/3989 4189/5232/3989 4183/5233/3989
f 4183/5234/3990 4189/5235/3990 4187/5236/3990 4181/5237/3990
f 4191/5238/3991 4185/5239/3991 4186/5240/3991 4192/5241/3991
f 4192/5242/3992 4186/5243/3992 4184/5244/3992 4190/5245/3992
f 4188/5231/3993 4194/5246/3993 4195/5247/3993 4189/5232/3993
f 4189/5235/3994 4195/5248/3994 4193/5249/3994 4187/5236/3994
f 4197/5250/3995 4191/5238/3995 4192/5241/3995 4198/5251/3995
f 4198/5252/3996 4192/5242/3996 4190/5245/3996 4196/5253/3996
f 4194/5246/3997 4200/5254/3997 4201/5255/3997 4195/5247/3997
f 4195/5248/3998 4201/5256/3998 4199/5237/3998 4193/5249/3998
f 4203/5257/3999 4197/5250/3999 4198/5251/3999 4204/5258/3999
f 4204/5259/4000 4198/5252/4000 4196/5253/4000 4202/5260/4000
f 4200/5254/4001 4206/5261/4001 4207/5262/4001 4201/5255/4001
f 4201/5256/4002 4207/5263/4002 4205/5249/4002 4199/5237/4002
f 4209/5264/4003 4203/5257/4003 4204/5258/4003 4210/5265/4003
f 4210/5266/4004 4204/5259/4004 4202/5260/4004 4208/5267/4004
f 4206/5261/4005 4212/5268/4005 4213/5269/4005 4207/5262/4005
f 4207/5263/4006 4213/5270/4006 4211/5271/4006 4205/5249/4006
f 4215/5272/4007 4209/5264/4007 4210/5265/4007 4216/5273/4007
f 4216/5274/4008 4210/5266/4008 4208/5267/4008 4214/5275/4008
f 4212/5268/4009 4218/5276/4009 4219/5277/4009 4213/5269/4009
f 4213/5270/4010 4219/5278/4010 4217/5279/4010 4211/5271/4010
f 4221/5280/4011 4215/5272/4011 4216/5273/4011 4222/5281/4011
f 4222/5282/4012 4216/5274/4012 4214/5275/4012 4220/5283/4012
f 4218/5276/4013 4224/5284/4013 4225/5285/4013 4219/5277/4013
f 4219/5278/4014 4225/5286/4014 4223/5279/4014 4217/5279/4014
f 4227/5287/4015 4221/5280/4015 4222/5281/4015 4228/5288/4015
f 4228/5289/4016 4222/5282/4016 4220/5283/4016 4226/5283/4016
f 4224/5284/4017 4230/5290/4017 4231/5291/4017 4225/5285/4017
f 4225/5286/4018 4231/5292/4018 4229/5293/4018 4223/5279/4018
f 4233/5294/4019 4227/5287/4019 4228/5288/4019 4234/5295/4019
f 4234/5296/4020 4228/5289/4020 4226/5283/4020 4232/5297/4020
f 4230/5290/4021 4236/5298/4021 4237/5299/4021 4231/5291/4021
f 4231/5292/4022 4237/5300/4022 4235/5301/4022 4229/5293/4022
f 4239/5302/4023 4233/5294/4023 4234/5295/4023 4240/5303/4023
f 4240/5304/4024 4234/5296/4024 4232/5297/4024 4238/5305/4024
f 4236/5298/4025 4242/5306/4025 4243/5307/4025 4237/5299/4025
f 4237/5300/4026 4243/5308/4026 4241/5309/4026 4235/5301/4026
f 4245/5310/4027 4239/5302/4027 4240/5303/4027 4246/5311/4027
f 4246/5312/4028 4240/5304/4028 4238/5305/4028 4244/5297/4028
f 4242/5306/4029 4248/5313/4029 4249/5314/4029 4243/5307/4029
f 4243/5308/4030 4249/5315/4030 4247/5316/4030 4241/5309/4030
f 4251/5317/4031 4245/5310/4031 4246/5311/4031 4252/5318/4031
f 4252/5319/4032 4246/5312/4032 4244/5297/4032 4250/5297/4032
f 4248/5313/4033 4254/5320/4033 4255/5321/4033 4249/5314/4033
f 4249/5315/4034 4255/5322/4034 4253/5323/4034 4247/5316/4034
f 4257/5324/4035 4251/5317/4035 4252/5318/4035 4258/5325/4035
f 4258/5326/4036 4252/5319/4036 4250/5297/4036 4256/5327/4036
f 4254/5320/4037 4260/5328/4037 4261/5329/4037 4255/5321/4037
f 4255/5322/4038 4261/5330/4038 4259/5331/4038 4253/5323/4038
f 4263/5332/4039 4257/5324/4039 4258/5325/4039 4264/5333/4039
f 4264/5334/4040 4258/5326/4040 4256/5327/4040 4262/5335/4040
f 4260/5328/4041 4266/5336/4041 4267/5337/4041 4261/5329/4041
f 4261/5330/4042 4267/5338/4042 4265/5339/4042 4259/5331/4042
f 4269/5340/4043 4263/5332/4043 4264/5333/4043 4270/5341/4043
f 4270/5342/4044 4264/5334/4044 4262/5335/4044 4268/5343/4044
f 4266/5336/4045 4272/5344/4045 4273/5345/4045 4267/5337/4045
f 4267/5338/4046 4273/5346/4046 4271/5301/4046 4265/5339/4046
f 4275/5347/4047 4269/5340/4047 4270/5341/4047 4276/5348/4047
f 4276/5349/4048 4270/5342/4048 4268/5343/4048 4274/5350/4048
f 4272/5344/4049 4182/5351/4049 4183/5352/4049 4273/5345/4049
f 4273/5346/4050 4183/5234/4050 4181/5237/4050 4271/5301/4050
f 4185/5353/4051 4275/5347/4051 4276/5348/4051 4186/5354/4051
f 4186/5243/4052 4276/5349/4052 4274/5350/4052 4184/5244/4052
f 4181/5237/4053 4187/5236/4053 4193/5249/4053 4199/5237/4053 4205/5249/4053 4211/5271/4053 4217/5279/4053 4223/5279/4053 4229/5293/4053 4235/5301/4053 4241/5309/4053 4247/5316/4053 4253/5323/4053 4259/5331/4053 4265/5339/4053 4271/5301/4053
f 4182/5230/4054 4185/5239/4054 4191/5238/4054 4188/5231/4054
f 4272/5344/4055 4275/5347/4055 4185/5353/4055 4182/5351/4055
f 4190/5245/4056 4184/5244/4056 4274/5350/4056 4268/5343/4056 4262/5335/4056 4256/5327/4056 4250/5297/4056 4244/5297/4056 4238/5305/4056 4232/5297/4056 4226/5283/4056 4220/5283/4056 4214/5275/4056 4208/5267/4056 4202/5260/4056 4196/5253/4056
f 4188/5231/4057 4191/5238/4057 4197/5250/4057 4194/5246/4057
f 4194/5246/4058 4197/5250/4058 4203/5257/4058 4200/5254/4058
f 4200/5254/4059 4203/5257/4059 4209/5264/4059 4206/5261/4059
f 4206/5261/4060 4209/5264/4060 4215/5272/4060 4212/5268/4060
f 4212/5268/4061 4215/5272/4061 4221/5280/4061 4218/5276/4061
f 4218/5276/4062 4221/5280/4062 4227/5287/4062 4224/5284/4062
f 4224/5284/4063 4227/5287/4063 4233/5294/4063 4230/5290/4063
f 4230/5290/4064 4233/5294/4064 4239/5302/4064 4236/5298/4064
f 4236/5298/4065 4239/5302/4065 4245/5310/4065 4242/5306/4065
f 4242/5306/4066 4245/5310/4066 4251/5317/4066 4248/5313/4066
f 4248/5313/4067 4251/5317/4067 4257/5324/4067 4254/5320/4067
f 4254/5320/4068 4257/5324/4068 4263/5332/4068 4260/5328/4068
f 4260/5328/4069 4263/5332/4069 4269/5340/4069 4266/5336/4069
f 4266/5336/4070 4269/5340/4070 4275/5347/4070 4272/5344/4070
o Pistol_Magazine
v -2.523000 1.970000 -0.982000
v -2.523000 1.982000 -0.970000
v -2.535000 1.982000 -0.982000
v -2.523000 1.973515 -0.973515
v -2.529928 1.975072 -0.975072
v -2.531485 1.982000 -0.973515
v -2.531485 1.973515 -0.982000
v -2.523000 2.138000 -0.970000
v -2.523000 2.150000 -0.982000
v -2.535000 2.138000 -0.982000
v -2.523000 2.146485 -0.973515
v -2.529928 2.144928 -0.975072
v -2.531485 2.146485 -0.982000
v -2.531485 2.138000 -0.973515
v -2.523000 1.970000 -1.018000
v -2.535000 1.982000 -1.018000
v -2.523000 1.982000 -1.030000
v -2.531485 1.973515 -1.018000
v -2.529928 1.975072 -1.024928
v -2.531485 1.982000 -1.026485
v -2.523000 1.973515 -1.026485
v -2.523000 2.150000 -1.018000
v -2.523000 2.138000 -1.030000
v -2.535000 2.138000 -1.018000
v -2.523000 2.146485 -1.026485
v -2.529928 2.144928 -1.024928
v -2.531485 2.138000 -1.026485
v -2.531485 2.146485 -1.018000
v -2.477000 1.970000 -0.982000
v -2.465000 1.982000 -0.982000
v -2.477000 1.982000 -0.970000
v -2.468515 1.973515 -0.982000
v -2.470072 1.975072 -0.975072
v -2.468515 1.982000 -0.973515
v -2.477000 1.973515 -0.973515
v -2.477000 2.150000 -0.982000
v -2.477000 2.138000 -0.970000
v -2.465000 2.138000 -0.982000
v -2.477000 2.146485 -0.973515
v -2.470072 2.144928 -0.975072
v -2.468515 2.138000 -0.973515
v -2.468515 2.146485 -0.982000
v -2.477000 1.970000 -1.018000
v -2.477000 1.982000 -1.030000
v -2.465000 1.982000 -1.018000
v -2.477000 1.973515 -1.026485
v -2.470072 1.975072 -1.024928
v -2.468515 1.982000 -1.026485
v -2.468515 1.973515 -1.018000
v -2.477000 2.150000 -1.018000
v -2.465000 2.138000 -1.018000
v -2.477000 2.138000 -1.030000
v -2.468515 2.146485 -1.018000
v -2.470072 2.144928 -1.024928
v -2.468515 2.138000 -1.026485
v -2.477000 2.146485 -1.026485
vn -0.3251 -0.8881 0.3251
vn -0.3251 -0.3251 0.8881
vn -0.8881 -0.3251 0.3251
vn -0.3251 0.3251 0.8881
vn -0.3251 0.8881 0.3251
vn -0.8881 0.3251 0.3251
vn -0.3251 -0.8881 -0.3251
vn -0.8881 -0.3251 -0.3251
vn -0.3251 -0.3251 -0.8881
vn -0.3251 0.8881 -0.3251
vn -0.3251 0.3251 -0.8881
vn -0.8881 0.3251 -0.3251
vn 0.3251 -0.8881 0.3251
vn 0.8881 -0.3251 0.3251
vn 0.3251 -0.3251 0.8881
vn 0.3251 0.8881 0.3251
vn 0.3251 0.3251 0.8881
vn 0.8881 0.3251 0.3251
vn 0.3251 -0.8881 -0.3251
vn 0.3251 -0.3251 -0.8881
vn 0.8881 -0.3251 -0.3251
vn 0.3251 0.8881 -0.3251
vn 0.8881 0.3251 -0.3251
vn 0.3251 0.3251 -0.8881
vn -0.3827 -0.9239 -0.0000
vn -0.9239 -0.3827 -0.0000
vn -0.3827 -0.0000 0.9239
vn -0.9239 -0.0000 0.3827
vn -0.3827 0.9239 -0.0000
vn -0.9239 0.3827 -0.0000
vn -0.3827 -0.0000 -0.9239
vn -0.9239 -0.0000 -0.3827
vn -0.0000 -0.9239 -0.3827
vn -0.0000 -0.3827 -0.9239
vn -0.0000 0.9239 -0.3827
vn -0.0000 0.3827 -0.9239
vn 0.9239 -0.0000 -0.3827
vn 0.3827 -0.0000 -0.9239
vn 0.3827 -0.9239 -0.0000
vn 0.9239 -0.3827 -0.0000
vn 0.3827 0.9239 -0.0000
vn 0.9239 0.3827 -0.0000
vn 0.3827 -0.0000 0.9239
vn 0.9239 -0.0000 0.3827
vn -0.0000 -0.9239 0.3827
vn -0.0000 -0.3827 0.9239
vn -0.0000 0.9239 0.3827
vn -0.0000 0.3827 0.9239
vn -0.0000 -1.0000 -0.0000
vn -1.0000 -0.0000 -0.0000
vn -0.0000 -0.0000 1.0000
vn -0.0000 1.0000 -0.0000
vn -0.0000 -0.0000 -1.0000
vn 1.0000 -0.0000 -0.0000
vt 0.167857 0.700000
vt 0.167857 0.750000
vt 0.143114 0.750000
vt 0.125000 0.700000
vt 0.391667 0.957143
vt 0.391667 1.000000
vt 0.382044 1.000000
vt 0.375000 0.957143
vt 0.391667 0.050000
vt 0.375000 0.050000
vt 0.375000 0.021132
vt 0.391667 0.000000
vt 0.608333 0.957143
vt 0.625000 0.957143
vt 0.625000 0.981886
vt 0.608333 1.000000
vt 0.832143 0.700000
vt 0.875000 0.700000
vt 0.875000 0.728868
vt 0.832143 0.750000
vt 0.608333 0.050000
vt 0.608333 0.000000
vt 0.617956 0.000000
vt 0.625000 0.050000
vt 0.167857 0.550000
vt 0.125000 0.550000
vt 0.125000 0.521132
vt 0.167857 0.500000
vt 0.391667 0.200000
vt 0.391667 0.250000
vt 0.378522 0.259057
vt 0.375000 0.200000
vt 0.391667 0.292857
vt 0.375000 0.292857
vt 0.832143 0.550000
vt 0.832143 0.500000
vt 0.856887 0.500000
vt 0.875000 0.550000
vt 0.608333 0.292857
vt 0.608333 0.250000
vt 0.621478 0.239434
vt 0.625000 0.292857
vt 0.608333 0.200000
vt 0.625000 0.200000
vt 0.332143 0.700000
vt 0.375000 0.700000
vt 0.377348 0.748994
vt 0.353571 0.771429
vt 0.391667 0.700000
vt 0.391667 0.750000
vt 0.391667 0.792857
vt 0.667857 0.700000
vt 0.646429 0.771429
vt 0.628690 0.742956
vt 0.625000 0.700000
vt 0.608333 0.792857
vt 0.608333 0.750000
vt 0.608333 0.700000
vt 0.332143 0.550000
vt 0.353571 0.478571
vt 0.371310 0.507044
vt 0.375000 0.550000
vt 0.391667 0.457143
vt 0.391667 0.500000
vt 0.391667 0.550000
vt 0.667857 0.550000
vt 0.625000 0.550000
vt 0.622652 0.501006
vt 0.646429 0.478571
vt 0.608333 0.550000
vt 0.608333 0.500000
vt 0.608333 0.457143
s 0
usemtl MAT_Polymer
f 4277/5355/4071 4280/5356/4071 4281/5357/4071 4283/5358/4071
f 4278/5359/4072 4282/5360/4072 4281/5361/4072 4280/5362/4072
f 4279/5363/4073 4283/5364/4073 4281/5365/4073 4282/5366/4073
f 4284/5367/4074 4287/5368/4074 4288/5369/4074 4290/5370/4074
f 4285/5371/4075 4289/5372/4075 4288/5373/4075 4287/5374/4075
f 4286/5375/4076 4290/5376/4076 4288/5377/4076 4289/5378/4076
f 4291/5379/4077 4294/5380/4077 4295/5381/4077 4297/5382/4077
f 4292/5383/4078 4296/5384/4078 4295/5385/4078 4294/5386/4078
f 4293/5387/4079 4297/5388/4079 4295/5385/4079 4296/5384/4079
f 4298/5389/4080 4301/5390/4080 4302/5391/4080 4304/5392/4080
f 4299/5393/4081 4303/5394/4081 4302/5395/4081 4301/5396/4081
f 4300/5397/4082 4304/5398/4082 4302/5395/4082 4303/5394/4082
f 4305/5399/4083 4308/5400/4083 4309/5401/4083 4311/5402/4083
f 4306/5403/4084 4310/5404/4084 4309/5401/4084 4308/5400/4084
f 4307/5405/4085 4311/5402/4085 4309/5401/4085 4310/5404/4085
f 4312/5406/4086 4315/5407/4086 4316/5408/4086 4318/5409/4086
f 4313/5410/4087 4317/5411/4087 4316/5408/4087 4315/5407/4087
f 4314/5412/4088 4318/5409/4088 4316/5408/4088 4317/5411/4088
f 4319/5413/4089 4322/5414/4089 4323/5415/4089 4325/5416/4089
f 4320/5417/4090 4324/5418/4090 4323/5415/4090 4322/5414/4090
f 4321/5419/4091 4325/5416/4091 4323/5415/4091 4324/5418/4091
f 4326/5420/4092 4329/5421/4092 4330/5422/4092 4332/5423/4092
f 4327/5424/4093 4331/5425/4093 4330/5422/4093 4329/5421/4093
f 4328/5426/4094 4332/5423/4094 4330/5422/4094 4331/5425/4094
f 4291/5379/4095 4277/5355/4095 4283/5358/4095 4294/5380/4095
f 4294/5386/4096 4283/5364/4096 4279/5363/4096 4292/5383/4096
f 4278/5359/4097 4284/5367/4097 4290/5370/4097 4282/5360/4097
f 4282/5366/4098 4290/5376/4098 4286/5375/4098 4279/5363/4098
f 4285/5371/4099 4298/5389/4099 4304/5392/4099 4289/5372/4099
f 4289/5378/4100 4304/5398/4100 4300/5397/4100 4286/5375/4100
f 4299/5393/4101 4293/5387/4101 4296/5384/4101 4303/5394/4101
f 4303/5394/4102 4296/5384/4102 4292/5383/4102 4300/5397/4102
f 4319/5413/4103 4291/5379/4103 4297/5382/4103 4322/5414/4103
f 4322/5414/4104 4297/5388/4104 4293/5387/4104 4320/5417/4104
f 4298/5389/4105 4326/5420/4105 4332/5423/4105 4301/5390/4105
f 4301/5396/4106 4332/5423/4106 4328/5426/4106 4299/5393/4106
f 4327/5424/4107 4321/5419/4107 4324/5418/4107 4331/5425/4107
f 4331/5425/4108 4324/5418/4108 4320/5417/4108 4328/5426/4108
f 4305/5399/4109 4319/5413/4109 4325/5416/4109 4308/5400/4109
f 4308/5400/4110 4325/5416/4110 4321/5419/4110 4306/5403/4110
f 4326/5420/4111 4312/5406/4111 4318/5409/4111 4329/5421/4111
f 4329/5421/4112 4318/5409/4112 4314/5412/4112 4327/5424/4112
f 4313/5410/4113 4307/5405/4113 4310/5404/4113 4317/5411/4113
f 4317/5411/4114 4310/5404/4114 4306/5403/4114 4314/5412/4114
f 4277/5355/4115 4305/5399/4115 4311/5402/4115 4280/5356/4115
f 4280/5362/4116 4311/5402/4116 4307/5405/4116 4278/5359/4116
f 4312/5406/4117 4285/5371/4117 4287/5374/4117 4315/5407/4117
f 4315/5407/4118 4287/5368/4118 4284/5367/4118 4313/5410/4118
f 4291/5379/4119 4319/5413/4119 4305/5399/4119 4277/5355/4119
f 4279/5363/4120 4286/5375/4120 4300/5397/4120 4292/5383/4120
f 4307/5405/4121 4313/5410/4121 4284/5367/4121 4278/5359/4121
f 4326/5420/4122 4298/5389/4122 4285/5371/4122 4312/5406/4122
f 4293/5387/4123 4299/5393/4123 4328/5426/4123 4320/5417/4123
f 4321/5419/4124 4327/5424/4124 4314/5412/4124 4306/5403/4124
o SMG_Body
v -1.698000 2.095000 -0.977000
v -1.698000 2.107000 -0.965000
v -1.710000 2.107000 -0.977000
v -1.698000 2.098515 -0.968515
v -1.704928 2.100072 -0.970072
v -1.706485 2.107000 -0.968515
v -1.706485 2.098515 -0.977000
v -1.698000 2.193000 -0.965000
v -1.698000 2.205000 -0.977000
v -1.710000 2.193000 -0.977000
v -1.698000 2.201485 -0.968515
v -1.704928 2.199928 -0.970072
v -1.706485 2.201485 -0.977000
v -1.706485 2.193000 -0.968515
v -1.698000 2.095000 -1.023000
v -1.710000 2.107000 -1.023000
v -1.698000 2.107000 -1.035000
v -1.706485 2.098515 -1.023000
v -1.704928 2.100072 -1.029928
v -1.706485 2.107000 -1.031485
v -1.698000 2.098515 -1.031485
v -1.698000 2.205000 -1.023000
v -1.698000 2.193000 -1.035000
v -1.710000 2.193000 -1.023000
v -1.698000 2.201485 -1.031485
v -1.704928 2.199928 -1.029928
v -1.706485 2.193000 -1.031485
v -1.706485 2.201485 -1.023000
v -1.302000 2.095000 -0.977000
v -1.290000 2.107000 -0.977000
v -1.302000 2.107000 -0.965000
v -1.293515 2.098515 -0.977000
v -1.295072 2.100072 -0.970072
v -1.293515 2.107000 -0.968515
v -1.302000 2.098515 -0.968515
v -1.302000 2.205000 -0.977000
v -1.302000 2.193000 -0.965000
v -1.290000 2.193000 -0.977000
v -1.302000 2.201485 -0.968515
v -1.295072 2.199928 -0.970072
v -1.293515 2.193000 -0.968515
v -1.293515 2.201485 -0.977000
v -1.302000 2.095000 -1.023000
v -1.302000 2.107000 -1.035000
v -1.290000 2.107000 -1.023000
v -1.302000 2.098515 -1.031485
v -1.295072 2.100072 -1.029928
v -1.293515 2.107000 -1.031485
v -1.293515 2.098515 -1.023000
v -1.302000 2.205000 -1.023000
v -1.290000 2.193000 -1.023000
v -1.302000 2.193000 -1.035000
v -1.293515 2.201485 -1.023000
v -1.295072 2.199928 -1.029928
v -1.293515 2.193000 -1.031485
v -1.302000 2.201485 -1.031485
vn -0.3251 -0.8881 0.3251
vn -0.3251 -0.3251 0.8881
vn -0.8881 -0.3251 0.3251
vn -0.3251 0.3251 0.8881
vn -0.3251 0.8881 0.3251
vn -0.8881 0.3251 0.3251
vn -0.3251 -0.8881 -0.3251
vn -0.8881 -0.3251 -0.3251
vn -0.3251 -0.3251 -0.8881
vn -0.3251 0.8881 -0.3251
vn -0.3251 0.3251 -0.8881
vn -0.8881 0.3251 -0.3251
vn 0.3251 -0.8881 0.3251
vn 0.8881 -0.3251 0.3251
vn 0.3251 -0.3251 0.8881
vn 0.3251 0.8881 0.3251
vn 0.3251 0.3251 0.8881
vn 0.8881 0.3251 0.3251
vn 0.3251 -0.8881 -0.3251
vn 0.3251 -0.3251 -0.8881
vn 0.8881 -0.3251 -0.3251
vn 0.3251 0.8881 -0.3251
vn 0.8881 0.3251 -0.3251
vn 0.3251 0.3251 -0.8881
vn -0.3827 -0.9239 -0.0000
vn -0.9239 -0.3827 -0.0000
vn -0.3827 -0.0000 0.9239
vn -0.9239 -0.0000 0.3827
vn -0.3827 0.9239 -0.0000
vn -0.9239 0.3827 -0.0000
vn -0.3827 -0.0000 -0.9239
vn -0.9239 -0.0000 -0.3827
vn -0.0000 -0.9239 -0.3827
vn -0.0000 -0.3827 -0.9239
vn -0.0000 0.9239 -0.3827
vn -0.0000 0.3827 -0.9239
vn 0.9239 -0.0000 -0.3827
vn 0.3827 -0.0000 -0.9239
vn 0.3827 -0.9239 -0.0000
vn 0.9239 -0.3827 -0.0000
vn 0.3827 0.9239 -0.0000
vn 0.9239 0.3827 -0.0000
vn 0.3827 -0.0000 0.9239
vn 0.9239 -0.0000 0.3827
vn -0.0000 -0.9239 0.3827
vn -0.0000 -0.3827 0.9239
vn -0.0000 0.9239 0.3827
vn -0.0000 0.3827 0.9239
vn -0.0000 -1.0000 -0.0000
vn -1.0000 -0.0000 -0.0000
vn -0.0000 -0.0000 1.0000
vn -0.0000 1.0000 -0.0000
vn -0.0000 -0.0000 -1.0000
vn 1.0000 -0.0000 -0.0000
vt 0.132143 0.707143
vt 0.132143 0.750000
vt 0.128019 0.750000
vt 0.125000 0.707143
vt 0.402273 0.992857
vt 0.402273 1.000000
vt 0.386527 1.000000
vt 0.375000 0.992857
vt 0.402273 0.042857
vt 0.375000 0.042857
vt 0.375000 0.018114
vt 0.402273 0.000000
vt 0.597727 0.992857
vt 0.625000 0.992857
vt 0.625000 0.996981
vt 0.597727 1.000000
vt 0.867857 0.707143
vt 0.875000 0.707143
vt 0.875000 0.731886
vt 0.867857 0.750000
vt 0.597727 0.042857
vt 0.597727 0.000000
vt 0.613473 0.000000
vt 0.625000 0.042857
vt 0.132143 0.542857
vt 0.125000 0.542857
vt 0.125000 0.518114
vt 0.132143 0.500000
vt 0.402273 0.207143
vt 0.402273 0.250000
vt 0.380763 0.251509
vt 0.375000 0.207143
vt 0.402273 0.257143
vt 0.375000 0.257143
vt 0.867857 0.542857
vt 0.867857 0.500000
vt 0.871981 0.500000
vt 0.875000 0.542857
vt 0.597727 0.257143
vt 0.597727 0.250000
vt 0.619237 0.240943
vt 0.625000 0.257143
vt 0.597727 0.207143
vt 0.625000 0.207143
vt 0.367857 0.707143
vt 0.375000 0.707143
vt 0.378842 0.744968
vt 0.371429 0.753572
vt 0.402273 0.707143
vt 0.402273 0.750000
vt 0.402273 0.757143
vt 0.632143 0.707143
vt 0.628571 0.753571
vt 0.622164 0.743962
vt 0.625000 0.707143
vt 0.597727 0.757143
vt 0.597727 0.750000
vt 0.597727 0.707143
vt 0.367857 0.542857
vt 0.371429 0.496429
vt 0.377836 0.506038
vt 0.375000 0.542857
vt 0.402273 0.492857
vt 0.402273 0.500000
vt 0.402273 0.542857
vt 0.632143 0.542857
vt 0.625000 0.542857
vt 0.621158 0.505032
vt 0.628571 0.496429
vt 0.597727 0.542857
vt 0.597727 0.500000
vt 0.597727 0.492857
s 0
usemtl MAT_Polymer
f 4333/5427/4125 4336/5428/4125 4337/5429/4125 4339/5430/4125
f 4334/5431/4126 4338/5432/4126 4337/5433/4126 4336/5434/4126
f 4335/5435/4127 4339/5436/4127 4337/5437/4127 4338/5438/4127
f 4340/5439/4128 4343/5440/4128 4344/5441/4128 4346/5442/4128
f 4341/5443/4129 4345/5444/4129 4344/5445/4129 4343/5446/4129
f 4342/5447/4130 4346/5448/4130 4344/5449/4130 4345/5450/4130
f 4347/5451/4131 4350/5452/4131 4351/5453/4131 4353/5454/4131
f 4348/5455/4132 4352/5456/4132 4351/5457/4132 4350/5458/4132
f 4349/5459/4133 4353/5460/4133 4351/5457/4133 4352/5456/4133
f 4354/5461/4134 4357/5462/4134 4358/5463/4134 4360/5464/4134
f 4355/5465/4135 4359/5466/4135 4358/5467/4135 4357/5468/4135
f 4356/5469/4136 4360/5470/4136 4358/5467/4136 4359/5466/4136
f 4361/5471/4137 4364/5472/4137 4365/5473/4137 4367/5474/4137
f 4362/5475/4138 4366/5476/4138 4365/5473/4138 4364/5472/4138
f 4363/5477/4139 4367/5474/4139 4365/5473/4139 4366/5476/4139
f 4368/5478/4140 4371/5479/4140 4372/5480/4140 4374/5481/4140
f 4369/5482/4141 4373/5483/4141 4372/5480/4141 4371/5479/4141
f 4370/5484/4142 4374/5481/4142 4372/5480/4142 4373/5483/4142
f 4375/5485/4143 4378/5486/4143 4379/5487/4143 4381/5488/4143
f 4376/5489/4144 4380/5490/4144 4379/5487/4144 4378/5486/4144
f 4377/5491/4145 4381/5488/4145 4379/5487/4145 4380/5490/4145
f 4382/5492/4146 4385/5493/4146 4386/5494/4146 4388/5495/4146
f 4383/5496/4147 4387/5497/4147 4386/5494/4147 4385/5493/4147
f 4384/5498/4148 4388/5495/4148 4386/5494/4148 4387/5497/4148
f 4347/5451/4149 4333/5427/4149 4339/5430/4149 4350/5452/4149
f 4350/5458/4150 4339/5436/4150 4335/5435/4150 4348/5455/4150
f 4334/5431/4151 4340/5439/4151 4346/5442/4151 4338/5432/4151
f 4338/5438/4152 4346/5448/4152 4342/5447/4152 4335/5435/4152
f 4341/5443/4153 4354/5461/4153 4360/5464/4153 4345/5444/4153
f 4345/5450/4154 4360/5470/4154 4356/5469/4154 4342/5447/4154
f 4355/5465/4155 4349/5459/4155 4352/5456/4155 4359/5466/4155
f 4359/5466/4156 4352/5456/4156 4348/5455/4156 4356/5469/4156
f 4375/5485/4157 4347/5451/4157 4353/5454/4157 4378/5486/4157
f 4378/5486/4158 4353/5460/4158 4349/5459/4158 4376/5489/4158
f 4354/5461/4159 4382/5492/4159 4388/5495/4159 4357/5462/4159
f 4357/5468/4160 4388/5495/4160 4384/5498/4160 4355/5465/4160
f 4383/5496/4161 4377/5491/4161 4380/5490/4161 4387/5497/4161
f 4387/5497/4162 4380/5490/4162 4376/5489/4162 4384/5498/4162
f 4361/5471/4163 4375/5485/4163 4381/5488/4163 4364/5472/4163
f 4364/5472/4164 4381/5488/4164 4377/5491/4164 4362/5475/4164
f 4382/5492/4165 4368/5478/4165 4374/5481/4165 4385/5493/4165
f 4385/5493/4166 4374/5481/4166 4370/5484/4166 4383/5496/4166
f 4369/5482/4167 4363/5477/4167 4366/5476/4167 4373/5483/4167
f 4373/5483/4168 4366/5476/4168 4362/5475/4168 4370/5484/4168
f 4333/5427/4169 4361/5471/4169 4367/5474/4169 4336/5428/4169
f 4336/5434/4170 4367/5474/4170 4363/5477/4170 4334/5431/4170
f 4368/5478/4171 4341/5443/4171 4343/5446/4171 4371/5479/4171
f 4371/5479/4172 4343/5440/4172 4340/5439/4172 4369/5482/4172
f 4347/5451/4173 4375/5485/4173 4361/5471/4173 4333/5427/4173
f 4335/5435/4174 4342/5447/4174 4356/5469/4174 4348/5455/4174
f 4363/5477/4175 4369/5482/4175 4340/5439/4175 4334/5431/4175
f 4382/5492/4176 4354/5461/4176 4341/5443/4176 4368/5478/4176
f 4349/5459/4177 4355/5465/4177 4384/5498/4177 4376/5489/4177
f 4377/5491/4178 4383/5496/4178 4370/5484/4178 4362/5475/4178
o SMG_Stock
v -1.877000 2.090000 -0.975000
v -1.877000 2.105000 -0.960000
v -1.892000 2.105000 -0.975000
v -1.877000 2.094393 -0.964393
v -1.885660 2.096340 -0.966340
v -1.887607 2.105000 -0.964393
v -1.887607 2.094393 -0.975000
v -1.877000 2.195000 -0.960000
v -1.877000 2.210000 -0.975000
v -1.892000 2.195000 -0.975000
v -1.877000 2.205607 -0.964393
v -1.885660 2.203660 -0.966340
v -1.887607 2.205607 -0.975000
v -1.887607 2.195000 -0.964393
v -1.877000 2.090000 -1.025000
v -1.892000 2.105000 -1.025000
v -1.877000 2.105000 -1.040000
v -1.887607 2.094393 -1.025000
v -1.885660 2.096340 -1.033660
v -1.887607 2.105000 -1.035607
v -1.877000 2.094393 -1.035607
v -1.877000 2.210000 -1.025000
v -1.877000 2.195000 -1.040000
v -1.892000 2.195000 -1.025000
v -1.877000 2.205607 -1.035607
v -1.885660 2.203660 -1.033660
v -1.887607 2.195000 -1.035607
v -1.887607 2.205607 -1.025000
v -1.711000 2.090000 -0.975000
v -1.696000 2.105000 -0.975000
v -1.711000 2.105000 -0.960000
v -1.700393 2.094393 -0.975000
v -1.702340 2.096340 -0.966340
v -1.700393 2.105000 -0.964393
v -1.711000 2.094393 -0.964393
v -1.711000 2.210000 -0.975000
v -1.711000 2.195000 -0.960000
v -1.696000 2.195000 -0.975000
v -1.711000 2.205607 -0.964393
v -1.702340 2.203660 -0.966340
v -1.700393 2.195000 -0.964393
v -1.700393 2.205607 -0.975000
v -1.711000 2.090000 -1.025000
v -1.711000 2.105000 -1.040000
v -1.696000 2.105000 -1.025000
v -1.711000 2.094393 -1.035607
v -1.702340 2.096340 -1.033660
v -1.700393 2.105000 -1.035607
v -1.700393 2.094393 -1.025000
v -1.711000 2.210000 -1.025000
v -1.696000 2.195000 -1.025000
v -1.711000 2.195000 -1.040000
v -1.700393 2.205607 -1.025000
v -1.702340 2.203660 -1.033660
v -1.700393 2.195000 -1.035607
v -1.711000 2.205607 -1.035607
vn -0.3251 -0.8881 0.3251
vn -0.3251 -0.3251 0.8881
vn -0.8881 -0.3251 0.3251
vn -0.3251 0.3251 0.8881
vn -0.3251 0.8881 0.3251
vn -0.8881 0.3251 0.3251
vn -0.3251 -0.8881 -0.3251
vn -0.8881 -0.3251 -0.3251
vn -0.3251 -0.3251 -0.8881
vn -0.3251 0.8881 -0.3251
vn -0.3251 0.3251 -0.8881
vn -0.8881 0.3251 -0.3251
vn 0.3251 -0.8881 0.3251
vn 0.8881 -0.3251 0.3251
vn 0.3251 -0.3251 0.8881
vn 0.3251 0.8881 0.3251
vn 0.3251 0.3251 0.8881
vn 0.8881 0.3251 0.3251
vn 0.3251 -0.8881 -0.3251
vn 0.3251 -0.3251 -0.8881
vn 0.8881 -0.3251 -0.3251
vn 0.3251 0.8881 -0.3251
vn 0.8881 0.3251 -0.3251
vn 0.3251 0.3251 -0.8881
vn -0.3827 -0.9239 -0.0000
vn -0.9239 -0.3827 -0.0000
vn -0.3827 -0.0000 0.9239
vn -0.9239 -0.0000 0.3827
vn -0.3827 0.9239 -0.0000
vn -0.9239 0.3827 -0.0000
vn -0.3827 -0.0000 -0.9239
vn -0.9239 -0.0000 -0.3827
vn -0.0000 -0.9239 -0.3827
vn -0.0000 -0.3827 -0.9239
vn -0.0000 0.9239 -0.3827
vn -0.0000 0.3827 -0.9239
vn 0.9239 -0.0000 -0.3827
vn 0.3827 -0.0000 -0.9239
vn 0.3827 -0.9239 -0.0000
vn 0.9239 -0.3827 -0.0000
vn 0.3827 0.9239 -0.0000
vn 0.9239 0.3827 -0.0000
vn 0.3827 -0.0000 0.9239
vn 0.9239 -0.0000 0.3827
vn -0.0000 -0.9239 0.3827
vn -0.0000 -0.3827 0.9239
vn -0.0000 0.9239 0.3827
vn -0.0000 0.3827 0.9239
vn -0.0000 -1.0000 -0.0000
vn -1.0000 -0.0000 -0.0000
vn -0.0000 -0.0000 1.0000
vn -0.0000 1.0000 -0.0000
vn -0.0000 -0.0000 -1.0000
vn 1.0000 -0.0000 -0.0000
vt 0.144133 0.703125
vt 0.144133 0.750000
vt 0.133086 0.750000
vt 0.125000 0.703125
vt 0.406250 0.980867
vt 0.406250 1.000000
vt 0.388208 1.000000
vt 0.375000 0.980867
vt 0.406250 0.046875
vt 0.375000 0.046875
vt 0.375000 0.019812
vt 0.406250 0.000000
vt 0.593750 0.980867
vt 0.625000 0.980867
vt 0.625000 0.991914
vt 0.593750 1.000000
vt 0.855867 0.703125
vt 0.875000 0.703125
vt 0.875000 0.730188
vt 0.855867 0.750000
vt 0.593750 0.046875
vt 0.593750 0.000000
vt 0.611792 0.000000
vt 0.625000 0.046875
vt 0.144133 0.546875
vt 0.125000 0.546875
vt 0.125000 0.519812
vt 0.144133 0.500000
vt 0.406250 0.203125
vt 0.406250 0.250000
vt 0.381604 0.254043
vt 0.375000 0.203125
vt 0.406250 0.269133
vt 0.375000 0.269133
vt 0.855867 0.546875
vt 0.855867 0.500000
vt 0.866914 0.500000
vt 0.875000 0.546875
vt 0.593750 0.269133
vt 0.593750 0.250000
vt 0.618396 0.240094
vt 0.625000 0.269133
vt 0.593750 0.203125
vt 0.625000 0.203125
vt 0.355867 0.703125
vt 0.375000 0.703125
vt 0.379403 0.746092
vt 0.365434 0.759566
vt 0.406250 0.703125
vt 0.406250 0.750000
vt 0.406250 0.769133
vt 0.644133 0.703125
vt 0.634566 0.759566
vt 0.623293 0.743396
vt 0.625000 0.703125
vt 0.593750 0.769133
vt 0.593750 0.750000
vt 0.593750 0.703125
vt 0.355867 0.546875
vt 0.365434 0.490434
vt 0.376707 0.506604
vt 0.375000 0.546875
vt 0.406250 0.480867
vt 0.406250 0.500000
vt 0.406250 0.546875
vt 0.644133 0.546875
vt 0.625000 0.546875
vt 0.620597 0.503908
vt 0.634566 0.490434
vt 0.593750 0.546875
vt 0.593750 0.500000
vt 0.593750 0.480867
s 0
usemtl MAT_Polymer
f 4389/5499/4179 4392/5500/4179 4393/5501/4179 4395/5502/4179
f 4390/5503/4180 4394/5504/4180 4393/5505/4180 4392/5506/4180
f 4391/5507/4181 4395/5508/4181 4393/5509/4181 4394/5510/4181
f 4396/5511/4182 4399/5512/4182 4400/5513/4182 4402/5514/4182
f 4397/5515/4183 4401/5516/4183 4400/5517/4183 4399/5518/4183
f 4398/5519/4184 4402/5520/4184 4400/5521/4184 4401/5522/4184
f 4403/5523/4185 4406/5524/4185 4407/5525/4185 4409/5526/4185
f 4404/5527/4186 4408/5528/4186 4407/5529/4186 4406/5530/4186
f 4405/5531/4187 4409/5532/4187 4407/5529/4187 4408/5528/4187
f 4410/5533/4188 4413/5534/4188 4414/5535/4188 4416/5536/4188
f 4411/5537/4189 4415/5538/4189 4414/5539/4189 4413/5540/4189
f 4412/5541/4190 4416/5542/4190 4414/5539/4190 4415/5538/4190
f 4417/5543/4191 4420/5544/4191 4421/5545/4191 4423/5546/4191
f 4418/5547/4192 4422/5548/4192 4421/5545/4192 4420/5544/4192
f 4419/5549/4193 4423/5546/4193 4421/5545/4193 4422/5548/4193
f 4424/5550/4194 4427/5551/4194 4428/5552/4194 4430/5553/4194
f 4425/5554/4195 4429/5555/4195 4428/5552/4195 4427/5551/4195
f 4426/5556/4196 4430/5553/4196 4428/5552/4196 4429/5555/4196
f 4431/5557/4197 4434/5558/4197 4435/5559/4197 4437/5560/4197
f 4432/5561/4198 4436/5562/4198 4435/5559/4198 4434/5558/4198
f 4433/5563/4199 4437/5560/4199 4435/5559/4199 4436/5562/4199
f 4438/5564/4200 4441/5565/4200 4442/5566/4200 4444/5567/4200
f 4439/5568/4201 4443/5569/4201 4442/5566/4201 4441/5565/4201
f 4440/5570/4202 4444/5567/4202 4442/5566/4202 4443/5569/4202
f 4403/5523/4203 4389/5499/4203 4395/5502/4203 4406/5524/4203
f 4406/5530/4204 4395/5508/4204 4391/5507/4204 4404/5527/4204
f 4390/5503/4205 4396/5511/4205 4402/5514/4205 4394/5504/4205
f 4394/5510/4206 4402/5520/4206 4398/5519/4206 4391/5507/4206
f 4397/5515/4207 4410/5533/4207 4416/5536/4207 4401/5516/4207
f 4401/5522/4208 4416/5542/4208 4412/5541/4208 4398/5519/4208
f 4411/5537/4209 4405/5531/4209 4408/5528/4209 4415/5538/4209
f 4415/5538/4210 4408/5528/4210 4404/5527/4210 4412/5541/4210
f 4431/5557/4211 4403/5523/4211 4409/5526/4211 4434/5558/4211
f 4434/5558/4212 4409/5532/4212 4405/5531/4212 4432/5561/4212
f 4410/5533/4213 4438/5564/4213 4444/5567/4213 4413/5534/4213
f 4413/5540/4214 4444/5567/4214 4440/5570/4214 4411/5537/4214
f 4439/5568/4215 4433/5563/4215 4436/5562/4215 4443/5569/4215
f 4443/5569/4216 4436/5562/4216 4432/5561/4216 4440/5570/4216
f 4417/5543/4217 4431/5557/4217 4437/5560/4217 4420/5544/4217
f 4420/5544/4218 4437/5560/4218 4433/5563/4218 4418/5547/4218
f 4438/5564/4219 4424/5550/4219 4430/5553/4219 4441/5565/4219
f 4441/5565/4220 4430/5553/4220 4426/5556/4220 4439/5568/4220
f 4425/5554/4221 4419/5549/4221 4422/5548/4221 4429/5555/4221
f 4429/5555/4222 4422/5548/4222 4418/5547/4222 4426/5556/4222
f 4389/5499/4223 4417/5543/4223 4423/5546/4223 4392/5500/4223
f 4392/5506/4224 4423/5546/4224 4419/5549/4224 4390/5503/4224
f 4424/5550/4225 4397/5515/4225 4399/5518/4225 4427/5551/4225
f 4427/5551/4226 4399/5512/4226 4396/5511/4226 4425/5554/4226
f 4403/5523/4227 4431/5557/4227 4417/5543/4227 4389/5499/4227
f 4391/5507/4228 4398/5519/4228 4412/5541/4228 4404/5527/4228
f 4419/5549/4229 4425/5554/4229 4396/5511/4229 4390/5503/4229
f 4438/5564/4230 4410/5533/4230 4397/5515/4230 4424/5550/4230
f 4405/5531/4231 4411/5537/4231 4440/5570/4231 4432/5561/4231
f 4433/5563/4232 4439/5568/4232 4426/5556/4232 4418/5547/4232
o SMG_Barrel
v -1.279000 2.150000 -1.000000
v -1.267231 2.150000 -1.012000
v -1.275553 2.150000 -1.008485
v -1.119000 2.150000 -1.000000
v -1.130769 2.150000 -1.012000
v -1.122447 2.150000 -1.008485
v -1.279000 2.150000 -1.000000
v -1.267231 2.145408 -1.011087
v -1.275553 2.146753 -1.007839
v -1.119000 2.150000 -1.000000
v -1.130769 2.145408 -1.011087
v -1.122447 2.146753 -1.007839
v -1.279000 2.150000 -1.000000
v -1.267231 2.141515 -1.008485
v -1.275553 2.144000 -1.006000
v -1.119000 2.150000 -1.000000
v -1.130769 2.141515 -1.008485
v -1.122447 2.144000 -1.006000
v -1.279000 2.150000 -1.000000
v -1.267231 2.138914 -1.004592
v -1.275553 2.142161 -1.003247
v -1.119000 2.150000 -1.000000
v -1.130769 2.138914 -1.004592
v -1.122447 2.142161 -1.003247
v -1.279000 2.150000 -1.000000
v -1.267231 2.138000 -1.000000
v -1.275553 2.141515 -1.000000
v -1.119000 2.150000 -1.000000
v -1.130769 2.138000 -1.000000
v -1.122447 2.141515 -1.000000
v -1.279000 2.150000 -1.000000
v -1.267231 2.138914 -0.995408
v -1.275553 2.142161 -0.996753
v -1.119000 2.150000 -1.000000
v -1.130769 2.138914 -0.995408
v -1.122447 2.142161 -0.996753
v -1.279000 2.150000 -1.000000
v -1.267231 2.141515 -0.991515
v -1.275553 2.144000 -0.994000
v -1.119000 2.150000 -1.000000
v -1.130769 2.141515 -0.991515
v -1.122447 2.144000 -0.994000
v -1.279000 2.150000 -1.000000
v -1.267231 2.145408 -0.988913
v -1.275553 2.146753 -0.992161
v -1.119000 2.150000 -1.000000
v -1.130769 2.145408 -0.988913
v -1.122447 2.146753 -0.992161
v -1.279000 2.150000 -1.000000
v -1.267231 2.150000 -0.988000
v -1.275553 2.150000 -0.991515
v -1.119000 2.150000 -1.000000
v -1.130769 2.150000 -0.988000
v -1.122447 2.150000 -0.991515
v -1.279000 2.150000 -1.000000
v -1.267231 2.154592 -0.988913
v -1.275553 2.153247 -0.992161
v -1.119000 2.150000 -1.000000
v -1.130769 2.154592 -0.988913
v -1.122447 2.153247 -0.992161
v -1.279000 2.150000 -1.000000
v -1.267231 2.158485 -0.991515
v -1.275553 2.156000 -0.994000
v -1.119000 2.150000 -1.000000
v -1.130769 2.158485 -0.991515
v -1.122447 2.156000 -0.994000
v -1.279000 2.150000 -1.000000
v -1.267231 2.161087 -0.995408
v -1.275553 2.157840 -0.996753
v -1.119000 2.150000 -1.000000
v -1.130769 2.161087 -0.995408
v -1.122447 2.157840 -0.996753
v -1.279000 2.150000 -1.000000
v -1.267231 2.162000 -1.000000
v -1.275553 2.158485 -1.000000
v -1.119000 2.150000 -1.000000
v -1.130769 2.162000 -1.000000
v -1.122447 2.158485 -1.000000
v -1.279000 2.150000 -1.000000
v -1.267231 2.161087 -1.004592
v -1.275553 2.157840 -1.003247
v -1.119000 2.150000 -1.000000
v -1.130769 2.161087 -1.004592
v -1.122447 2.157840 -1.003247
v -1.279000 2.150000 -1.000000
v -1.267231 2.158485 -1.008485
v -1.275553 2.156000 -1.006000
v -1.119000 2.150000 -1.000000
v -1.130769 2.158485 -1.008485
v -1.122447 2.156000 -1.006000
v -1.279000 2.150000 -1.000000
v -1.267231 2.154592 -1.011087
v -1.275553 2.153247 -1.007839
v -1.119000 2.150000 -1.000000
v -1.130769 2.154592 -1.011087
v -1.122447 2.153247 -1.007839
vn -0.3827 -0.1802 -0.9061
vn -0.9239 -0.0747 -0.3753
vn 0.3827 -0.1802 -0.9061
vn 0.9239 -0.0747 -0.3753
vn -0.3827 -0.5133 -0.7682
vn -0.9239 -0.2126 -0.3182
vn 0.3827 -0.5133 -0.7682
vn 0.9239 -0.2126 -0.3182
vn -0.3827 -0.7682 -0.5133
vn -0.9239 -0.3182 -0.2126
vn 0.3827 -0.7682 -0.5133
vn 0.9239 -0.3182 -0.2126
vn -0.3827 -0.9061 -0.1802
vn -0.9239 -0.3753 -0.0747
vn 0.3827 -0.9061 -0.1802
vn 0.9239 -0.3753 -0.0747
vn -0.3827 -0.9061 0.1802
vn -0.9239 -0.3753 0.0747
vn 0.3827 -0.9061 0.1802
vn 0.9239 -0.3753 0.0747
vn -0.3827 -0.7682 0.5133
vn -0.9239 -0.3182 0.2126
vn 0.3827 -0.7682 0.5133
vn 0.9239 -0.3182 0.2126
vn -0.3827 -0.5133 0.7682
vn -0.9239 -0.2126 0.3182
vn 0.3827 -0.5133 0.7682
vn 0.9239 -0.2126 0.3182
vn -0.3827 -0.1802 0.9061
vn -0.9239 -0.0747 0.3753
vn 0.3827 -0.1802 0.9061
vn 0.9239 -0.0747 0.3753
vn -0.3827 0.1802 0.9061
vn -0.9239 0.0747 0.3753
vn 0.3827 0.1802 0.9061
vn 0.9239 0.0747 0.3753
vn -0.3827 0.5133 0.7682
vn -0.9239 0.2126 0.3182
vn 0.3827 0.5133 0.7682
vn 0.9239 0.2126 0.3182
vn -0.3827 0.7682 0.5133
vn -0.9239 0.3182 0.2126
vn 0.3827 0.7682 0.5133
vn 0.9239 0.3182 0.2126
vn -0.3827 0.9061 0.1802
vn -0.9239 0.3753 0.0747
vn 0.3827 0.9061 0.1802
vn 0.9239 0.3753 0.0747
vn -0.3827 0.9061 -0.1802
vn -0.9239 0.3753 -0.0747
vn 0.3827 0.9061 -0.1802
vn 0.9239 0.3753 -0.0747
vn -0.3827 0.7682 -0.5133
vn -0.9239 0.3182 -0.2126
vn 0.3827 0.7682 -0.5133
vn 0.9239 0.3182 -0.2126
vn -0.3827 0.5133 -0.7682
vn -0.9239 0.2126 -0.3182
vn 0.3827 0.5133 -0.7682
vn 0.9239 0.2126 -0.3182
vn -0.3827 0.1802 -0.9061
vn -0.9239 0.0747 -0.3753
vn 0.3827 0.1802 -0.9061
vn 0.9239 0.0747 -0.3753
vn -0.9057 -0.4239 -0.0000
vn -0.0000 -0.1951 -0.9808
vn -0.0000 0.1951 -0.9808
vn 0.4712 0.8820 -0.0000
vn -0.0000 -0.5556 -0.8315
vn -0.0000 -0.8315 -0.5556
vn -0.0000 -0.9808 -0.1951
vn -0.0000 -0.9808 0.1951
vn -0.0000 -0.8315 0.5556
vn -0.0000 -0.5556 0.8315
vn -0.0000 -0.1951 0.9808
vn -0.0000 0.1951 0.9808
vn -0.0000 0.5556 0.8315
vn -0.0000 0.8315 0.5556
vn -0.0000 0.9808 0.1951
vn -0.0000 0.9808 -0.1951
vn -0.0000 0.8315 -0.5556
vn -0.0000 0.5556 -0.8315
vt 1.000000 0.536779
vt 0.937500 0.536779
vt 0.937500 0.500000
vt 0.990847 0.500000
vt 0.750000 0.487325
vt 0.840820 0.469259
vt 0.750000 0.250000
vt 0.750000 0.250000
vt 0.937500 0.963221
vt 1.000000 0.963221
vt 0.990847 1.000000
vt 0.937500 1.000000
vt 0.340820 0.469259
vt 0.250000 0.487325
vt 0.250000 0.250000
vt 0.250000 0.250000
vt 0.875000 0.536779
vt 0.875000 0.500000
vt 0.917814 0.417814
vt 0.750000 0.250000
vt 0.875000 0.963221
vt 0.875000 1.000000
vt 0.417814 0.417814
vt 0.250000 0.250000
vt 0.812500 0.536779
vt 0.812500 0.500000
vt 0.969259 0.340820
vt 0.812500 0.963221
vt 0.812500 1.000000
vt 0.469259 0.340820
vt 0.250000 0.250000
vt 0.750000 0.536779
vt 0.750000 0.500000
vt 0.987325 0.250000
vt 0.750000 0.963221
vt 0.750000 1.000000
vt 0.487325 0.250000
vt 0.250000 0.250000
vt 0.687500 0.536779
vt 0.687500 0.500000
vt 0.969259 0.159180
vt 0.750000 0.250000
vt 0.687500 0.963221
vt 0.687500 1.000000
vt 0.469259 0.159180
vt 0.250000 0.250000
vt 0.625000 0.536779
vt 0.625000 0.500000
vt 0.917814 0.082186
vt 0.750000 0.250000
vt 0.625000 0.963221
vt 0.625000 1.000000
vt 0.417814 0.082186
vt 0.250000 0.250000
vt 0.562500 0.536779
vt 0.562500 0.500000
vt 0.840820 0.030741
vt 0.562500 0.963221
vt 0.562500 1.000000
vt 0.340820 0.030741
vt 0.500000 0.536779
vt 0.500000 0.500000
vt 0.750000 0.012675
vt 0.750000 0.250000
vt 0.500000 0.963221
vt 0.500000 1.000000
vt 0.250000 0.012675
vt 0.250000 0.250000
vt 0.437500 0.536779
vt 0.437500 0.500000
vt 0.659180 0.030741
vt 0.750000 0.250000
vt 0.437500 0.963221
vt 0.437500 1.000000
vt 0.159180 0.030741
vt 0.250000 0.250000
vt 0.375000 0.536779
vt 0.375000 0.500000
vt 0.582186 0.082186
vt 0.750000 0.250000
vt 0.375000 0.963221
vt 0.375000 1.000000
vt 0.082186 0.082186
vt 0.312500 0.536779
vt 0.312500 0.500000
vt 0.530741 0.159180
vt 0.750000 0.250000
vt 0.312500 0.963221
vt 0.312500 1.000000
vt 0.030741 0.159180
vt 0.250000 0.536779
vt 0.250000 0.500000
vt 0.512675 0.250000
vt 0.750000 0.250000
vt 0.250000 0.963221
vt 0.250000 1.000000
vt 0.012675 0.250000
vt 0.250000 0.250000
vt 0.187500 0.536779
vt 0.187500 0.500000
vt 0.530741 0.340820
vt 0.750000 0.250000
vt 0.187500 0.963221
vt 0.187500 1.000000
vt 0.030741 0.340820
vt 0.250000 0.250000
vt 0.125000 0.536779
vt 0.125000 0.500000
vt 0.582186 0.417814
vt 0.750000 0.250000
vt 0.125000 0.963221
vt 0.125000 1.000000
vt 0.082186 0.417814
vt 0.250000 0.250000
vt 0.062500 0.536779
vt 0.062500 0.500000
vt 0.659180 0.469259
vt 0.062500 0.963221
vt 0.062500 1.000000
vt 0.159180 0.469259
vt 0.250000 0.250000
vt 0.000000 0.536779
vt 0.009153 0.500000
vt 0.000000 0.963221
vt 0.009153 1.000000
s 0
usemtl MAT_PaintedMetal
f 4446/5571/4233 4452/5572/4233 4453/5573/4233 4447/5574/4233
f 4447/5575/4234 4453/5576/4234 4451/5577/4234 4445/5578/4234
f 4455/5579/4235 4449/5580/4235 4450/5581/4235 4456/5582/4235
f 4456/5583/4236 4450/5584/4236 4448/5585/4236 4454/5586/4236
f 4452/5572/4237 4458/5587/4237 4459/5588/4237 4453/5573/4237
f 4453/5576/4238 4459/5589/4238 4457/5590/4238 4451/5577/4238
f 4461/5591/4239 4455/5579/4239 4456/5582/4239 4462/5592/4239
f 4462/5593/4240 4456/5583/4240 4454/5586/4240 4460/5594/4240
f 4458/5587/4241 4464/5595/4241 4465/5596/4241 4459/5588/4241
f 4459/5589/4242 4465/5597/4242 4463/5578/4242 4457/5590/4242
f 4467/5598/4243 4461/5591/4243 4462/5592/4243 4468/5599/4243
f 4468/5600/4244 4462/5593/4244 4460/5594/4244 4466/5601/4244
f 4464/5595/4245 4470/5602/4245 4471/5603/4245 4465/5596/4245
f 4465/5597/4246 4471/5604/4246 4469/5590/4246 4463/5578/4246
f 4473/5605/4247 4467/5598/4247 4468/5599/4247 4474/5606/4247
f 4474/5607/4248 4468/5600/4248 4466/5601/4248 4472/5608/4248
f 4470/5602/4249 4476/5609/4249 4477/5610/4249 4471/5603/4249
f 4471/5604/4250 4477/5611/4250 4475/5612/4250 4469/5590/4250
f 4479/5613/4251 4473/5605/4251 4474/5606/4251 4480/5614/4251
f 4480/5615/4252 4474/5607/4252 4472/5608/4252 4478/5616/4252
f 4476/5609/4253 4482/5617/4253 4483/5618/4253 4477/5610/4253
f 4477/5611/4254 4483/5619/4254 4481/5620/4254 4475/5612/4254
f 4485/5621/4255 4479/5613/4255 4480/5614/4255 4486/5622/4255
f 4486/5623/4256 4480/5615/4256 4478/5616/4256 4484/5624/4256
f 4482/5617/4257 4488/5625/4257 4489/5626/4257 4483/5618/4257
f 4483/5619/4258 4489/5627/4258 4487/5620/4258 4481/5620/4258
f 4491/5628/4259 4485/5621/4259 4486/5622/4259 4492/5629/4259
f 4492/5630/4260 4486/5623/4260 4484/5624/4260 4490/5624/4260
f 4488/5625/4261 4494/5631/4261 4495/5632/4261 4489/5626/4261
f 4489/5627/4262 4495/5633/4262 4493/5634/4262 4487/5620/4262
f 4497/5635/4263 4491/5628/4263 4492/5629/4263 4498/5636/4263
f 4498/5637/4264 4492/5630/4264 4490/5624/4264 4496/5638/4264
f 4494/5631/4265 4500/5639/4265 4501/5640/4265 4495/5632/4265
f 4495/5633/4266 4501/5641/4266 4499/5642/4266 4493/5634/4266
f 4503/5643/4267 4497/5635/4267 4498/5636/4267 4504/5644/4267
f 4504/5645/4268 4498/5637/4268 4496/5638/4268 4502/5646/4268
f 4500/5639/4269 4506/5647/4269 4507/5648/4269 4501/5640/4269
f 4501/5641/4270 4507/5649/4270 4505/5650/4270 4499/5642/4270
f 4509/5651/4271 4503/5643/4271 4504/5644/4271 4510/5652/4271
f 4510/5653/4272 4504/5645/4272 4502/5646/4272 4508/5638/4272
f 4506/5647/4273 4512/5654/4273 4513/5655/4273 4507/5648/4273
f 4507/5649/4274 4513/5656/4274 4511/5657/4274 4505/5650/4274
f 4515/5658/4275 4509/5651/4275 4510/5652/4275 4516/5659/4275
f 4516/5660/4276 4510/5653/4276 4508/5638/4276 4514/5638/4276
f 4512/5654/4277 4518/5661/4277 4519/5662/4277 4513/5655/4277
f 4513/5656/4278 4519/5663/4278 4517/5664/4278 4511/5657/4278
f 4521/5665/4279 4515/5658/4279 4516/5659/4279 4522/5666/4279
f 4522/5667/4280 4516/5660/4280 4514/5638/4280 4520/5668/4280
f 4518/5661/4281 4524/5669/4281 4525/5670/4281 4519/5662/4281
f 4519/5663/4282 4525/5671/4282 4523/5672/4282 4517/5664/4282
f 4527/5673/4283 4521/5665/4283 4522/5666/4283 4528/5674/4283
f 4528/5675/4284 4522/5667/4284 4520/5668/4284 4526/5676/4284
f 4524/5669/4285 4530/5677/4285 4531/5678/4285 4525/5670/4285
f 4525/5671/4286 4531/5679/4286 4529/5680/4286 4523/5672/4286
f 4533/5681/4287 4527/5673/4287 4528/5674/4287 4534/5682/4287
f 4534/5683/4288 4528/5675/4288 4526/5676/4288 4532/5684/4288
f 4530/5677/4289 4536/5685/4289 4537/5686/4289 4531/5678/4289
f 4531/5679/4290 4537/5687/4290 4535/5642/4290 4529/5680/4290
f 4539/5688/4291 4533/5681/4291 4534/5682/4291 4540/5689/4291
f 4540/5690/4292 4534/5683/4292 4532/5684/4292 4538/5691/4292
f 4536/5685/4293 4446/5692/4293 4447/5693/4293 4537/5686/4293
f 4537/5687/4294 4447/5575/4294 4445/5578/4294 4535/5642/4294
f 4449/5694/4295 4539/5688/4295 4540/5689/4295 4450/5695/4295
f 4450/5584/4296 4540/5690/4296 4538/5691/4296 4448/5585/4296
f 4445/5578/4297 4451/5577/4297 4457/5590/4297 4463/5578/4297 4469/5590/4297 4475/5612/4297 4481/5620/4297 4487/5620/4297 4493/5634/4297 4499/5642/4297 4505/5650/4297 4511/5657/4297 4517/5664/4297 4523/5672/4297 4529/5680/4297 4535/5642/4297
f 4446/5571/4298 4449/5580/4298 4455/5579/4298 4452/5572/4298
f 4536/5685/4299 4539/5688/4299 4449/5694/4299 4446/5692/4299
f 4454/5586/4300 4448/5585/4300 4538/5691/4300 4532/5684/4300 4526/5676/4300 4520/5668/4300 4514/5638/4300 4508/5638/4300 4502/5646/4300 4496/5638/4300 4490/5624/4300 4484/5624/4300 4478/5616/4300 4472/5608/4300 4466/5601/4300 4460/5594/4300
f 4452/5572/4301 4455/5579/4301 4461/5591/4301 4458/5587/4301
f 4458/5587/4302 4461/5591/4302 4467/5598/4302 4464/5595/4302
f 4464/5595/4303 4467/5598/4303 4473/5605/4303 4470/5602/4303
f 4470/5602/4304 4473/5605/4304 4479/5613/4304 4476/5609/4304
f 4476/5609/4305 4479/5613/4305 4485/5621/4305 4482/5617/4305
f 4482/5617/4306 4485/5621/4306 4491/5628/4306 4488/5625/4306
f 4488/5625/4307 4491/5628/4307 4497/5635/4307 4494/5631/4307
f 4494/5631/4308 4497/5635/4308 4503/5643/4308 4500/5639/4308
f 4500/5639/4309 4503/5643/4309 4509/5651/4309 4506/5647/4309
f 4506/5647/4310 4509/5651/4310 4515/5658/4310 4512/5654/4310
f 4512/5654/4311 4515/5658/4311 4521/5665/4311 4518/5661/4311
f 4518/5661/4312 4521/5665/4312 4527/5673/4312 4524/5669/4312
f 4524/5669/4313 4527/5673/4313 4533/5681/4313 4530/5677/4313
f 4530/5677/4314 4533/5681/4314 4539/5688/4314 4536/5685/4314
o SMG_Magazine
v -1.523000 1.970000 -0.982000
v -1.523000 1.982000 -0.970000
v -1.535000 1.982000 -0.982000
v -1.523000 1.973515 -0.973515
v -1.529928 1.975072 -0.975072
v -1.531485 1.982000 -0.973515
v -1.531485 1.973515 -0.982000
v -1.523000 2.138000 -0.970000
v -1.523000 2.150000 -0.982000
v -1.535000 2.138000 -0.982000
v -1.523000 2.146485 -0.973515
v -1.529928 2.144928 -0.975072
v -1.531485 2.146485 -0.982000
v -1.531485 2.138000 -0.973515
v -1.523000 1.970000 -1.018000
v -1.535000 1.982000 -1.018000
v -1.523000 1.982000 -1.030000
v -1.531485 1.973515 -1.018000
v -1.529928 1.975072 -1.024928
v -1.531485 1.982000 -1.026485
v -1.523000 1.973515 -1.026485
v -1.523000 2.150000 -1.018000
v -1.523000 2.138000 -1.030000
v -1.535000 2.138000 -1.018000
v -1.523000 2.146485 -1.026485
v -1.529928 2.144928 -1.024928
v -1.531485 2.138000 -1.026485
v -1.531485 2.146485 -1.018000
v -1.477000 1.970000 -0.982000
v -1.465000 1.982000 -0.982000
v -1.477000 1.982000 -0.970000
v -1.468515 1.973515 -0.982000
v -1.470072 1.975072 -0.975072
v -1.468515 1.982000 -0.973515
v -1.477000 1.973515 -0.973515
v -1.477000 2.150000 -0.982000
v -1.477000 2.138000 -0.970000
v -1.465000 2.138000 -0.982000
v -1.477000 2.146485 -0.973515
v -1.470072 2.144928 -0.975072
v -1.468515 2.138000 -0.973515
v -1.468515 2.146485 -0.982000
v -1.477000 1.970000 -1.018000
v -1.477000 1.982000 -1.030000
v -1.465000 1.982000 -1.018000
v -1.477000 1.973515 -1.026485
v -1.470072 1.975072 -1.024928
v -1.468515 1.982000 -1.026485
v -1.468515 1.973515 -1.018000
v -1.477000 2.150000 -1.018000
v -1.465000 2.138000 -1.018000
v -1.477000 2.138000 -1.030000
v -1.468515 2.146485 -1.018000
v -1.470072 2.144928 -1.024928
v -1.468515 2.138000 -1.026485
v -1.477000 2.146485 -1.026485
vn -0.3251 -0.8881 0.3251
vn -0.3251 -0.3251 0.8881
vn -0.8881 -0.3251 0.3251
vn -0.3251 0.3251 0.8881
vn -0.3251 0.8881 0.3251
vn -0.8881 0.3251 0.3251
vn -0.3251 -0.8881 -0.3251
vn -0.8881 -0.3251 -0.3251
vn -0.3251 -0.3251 -0.8881
vn -0.3251 0.8881 -0.3251
vn -0.3251 0.3251 -0.8881
vn -0.8881 0.3251 -0.3251
vn 0.3251 -0.8881 0.3251
vn 0.8881 -0.3251 0.3251
vn 0.3251 -0.3251 0.8881
vn 0.3251 0.8881 0.3251
vn 0.3251 0.3251 0.8881
vn 0.8881 0.3251 0.3251
vn 0.3251 -0.8881 -0.3251
vn 0.3251 -0.3251 -0.8881
vn 0.8881 -0.3251 -0.3251
vn 0.3251 0.8881 -0.3251
vn 0.8881 0.3251 -0.3251
vn 0.3251 0.3251 -0.8881
vn -0.3827 -0.9239 -0.0000
vn -0.9239 -0.3827 -0.0000
vn -0.3827 -0.0000 0.9239
vn -0.9239 -0.0000 0.3827
vn -0.3827 0.9239 -0.0000
vn -0.9239 0.3827 -0.0000
vn -0.3827 -0.0000 -0.9239
vn -0.9239 -0.0000 -0.3827
vn -0.0000 -0.9239 -0.3827
vn -0.0000 -0.3827 -0.9239
vn -0.0000 0.9239 -0.3827
vn -0.0000 0.3827 -0.9239
vn 0.9239 -0.0000 -0.3827
vn 0.3827 -0.0000 -0.9239
vn 0.3827 -0.9239 -0.0000
vn 0.9239 -0.3827 -0.0000
vn 0.3827 0.9239 -0.0000
vn 0.9239 0.3827 -0.0000
vn 0.3827 -0.0000 0.9239
vn 0.9239 -0.0000 0.3827
vn -0.0000 -0.9239 0.3827
vn -0.0000 -0.3827 0.9239
vn -0.0000 0.9239 0.3827
vn -0.0000 0.3827 0.9239
vn -0.0000 -1.0000 -0.0000
vn -1.0000 -0.0000 -0.0000
vn -0.0000 -0.0000 1.0000
vn -0.0000 1.0000 -0.0000
vn -0.0000 -0.0000 -1.0000
vn 1.0000 -0.0000 -0.0000
vt 0.167857 0.700000
vt 0.167857 0.750000
vt 0.143114 0.750000
vt 0.125000 0.700000
vt 0.391667 0.957143
vt 0.391667 1.000000
vt 0.382044 1.000000
vt 0.375000 0.957143
vt 0.391667 0.050000
vt 0.375000 0.050000
vt 0.375000 0.021132
vt 0.391667 0.000000
vt 0.608333 0.957143
vt 0.625000 0.957143
vt 0.625000 0.981886
vt 0.608333 1.000000
vt 0.832143 0.700000
vt 0.875000 0.700000
vt 0.875000 0.728868
vt 0.832143 0.750000
vt 0.608333 0.050000
vt 0.608333 0.000000
vt 0.617956 0.000000
vt 0.625000 0.050000
vt 0.167857 0.550000
vt 0.125000 0.550000
vt 0.125000 0.521132
vt 0.167857 0.500000
vt 0.391667 0.200000
vt 0.391667 0.250000
vt 0.378522 0.259057
vt 0.375000 0.200000
vt 0.391667 0.292857
vt 0.375000 0.292857
vt 0.832143 0.550000
vt 0.832143 0.500000
vt 0.856887 0.500000
vt 0.875000 0.550000
vt 0.608333 0.292857
vt 0.608333 0.250000
vt 0.621478 0.239434
vt 0.625000 0.292857
vt 0.608333 0.200000
vt 0.625000 0.200000
vt 0.332143 0.700000
vt 0.375000 0.700000
vt 0.377348 0.748994
vt 0.353571 0.771429
vt 0.391667 0.700000
vt 0.391667 0.750000
vt 0.391667 0.792857
vt 0.667857 0.700000
vt 0.646429 0.771429
vt 0.628690 0.742956
vt 0.625000 0.700000
vt 0.608333 0.792857
vt 0.608333 0.750000
vt 0.608333 0.700000
vt 0.332143 0.550000
vt 0.353571 0.478571
vt 0.371310 0.507044
vt 0.375000 0.550000
vt 0.391667 0.457143
vt 0.391667 0.500000
vt 0.391667 0.550000
vt 0.667857 0.550000
vt 0.625000 0.550000
vt 0.622652 0.501006
vt 0.646429 0.478571
vt 0.608333 0.550000
vt 0.608333 0.500000
vt 0.608333 0.457143
s 0
usemtl MAT_Polymer
f 4541/5696/4315 4544/5697/4315 4545/5698/4315 4547/5699/4315
f 4542/5700/4316 4546/5701/4316 4545/5702/4316 4544/5703/4316
f 4543/5704/4317 4547/5705/4317 4545/5706/4317 4546/5707/4317
f 4548/5708/4318 4551/5709/4318 4552/5710/4318 4554/5711/4318
f 4549/5712/4319 4553/5713/4319 4552/5714/4319 4551/5715/4319
f 4550/5716/4320 4554/5717/4320 4552/5718/4320 4553/5719/4320
f 4555/5720/4321 4558/5721/4321 4559/5722/4321 4561/5723/4321
f 4556/5724/4322 4560/5725/4322 4559/5726/4322 4558/5727/4322
f 4557/5728/4323 4561/5729/4323 4559/5726/4323 4560/5725/4323
f 4562/5730/4324 4565/5731/4324 4566/5732/4324 4568/5733/4324
f 4563/5734/4325 4567/5735/4325 4566/5736/4325 4565/5737/4325
f 4564/5738/4326 4568/5739/4326 4566/5736/4326 4567/5735/4326
f 4569/5740/4327 4572/5741/4327 4573/5742/4327 4575/5743/4327
f 4570/5744/4328 4574/5745/4328 4573/5742/4328 4572/5741/4328
f 4571/5746/4329 4575/5743/4329 4573/5742/4329 4574/5745/4329
f 4576/5747/4330 4579/5748/4330 4580/5749/4330 4582/5750/4330
f 4577/5751/4331 4581/5752/4331 4580/5749/4331 4579/5748/4331
f 4578/5753/4332 4582/5750/4332 4580/5749/4332 4581/5752/4332
f 4583/5754/4333 4586/5755/4333 4587/5756/4333 4589/5757/4333
f 4584/5758/4334 4588/5759/4334 4587/5756/4334 4586/5755/4334
f 4585/5760/4335 4589/5757/4335 4587/5756/4335 4588/5759/4335
f 4590/5761/4336 4593/5762/4336 4594/5763/4336 4596/5764/4336
f 4591/5765/4337 4595/5766/4337 4594/5763/4337 4593/5762/4337
f 4592/5767/4338 4596/5764/4338 4594/5763/4338 4595/5766/4338
f 4555/5720/4339 4541/5696/4339 4547/5699/4339 4558/5721/4339
f 4558/5727/4340 4547/5705/4340 4543/5704/4340 4556/5724/4340
f 4542/5700/4341 4548/5708/4341 4554/5711/4341 4546/5701/4341
f 4546/5707/4342 4554/5717/4342 4550/5716/4342 4543/5704/4342
f 4549/5712/4343 4562/5730/4343 4568/5733/4343 4553/5713/4343
f 4553/5719/4344 4568/5739/4344 4564/5738/4344 4550/5716/4344
f 4563/5734/4345 4557/5728/4345 4560/5725/4345 4567/5735/4345
f 4567/5735/4346 4560/5725/4346 4556/5724/4346 4564/5738/4346
f 4583/5754/4347 4555/5720/4347 4561/5723/4347 4586/5755/4347
f 4586/5755/4348 4561/5729/4348 4557/5728/4348 4584/5758/4348
f 4562/5730/4349 4590/5761/4349 4596/5764/4349 4565/5731/4349
f 4565/5737/4350 4596/5764/4350 4592/5767/4350 4563/5734/4350
f 4591/5765/4351 4585/5760/4351 4588/5759/4351 4595/5766/4351
f 4595/5766/4352 4588/5759/4352 4584/5758/4352 4592/5767/4352
f 4569/5740/4353 4583/5754/4353 4589/5757/4353 4572/5741/4353
f 4572/5741/4354 4589/5757/4354 4585/5760/4354 4570/5744/4354
f 4590/5761/4355 4576/5747/4355 4582/5750/4355 4593/5762/4355
f 4593/5762/4356 4582/5750/4356 4578/5753/4356 4591/5765/4356
f 4577/5751/4357 4571/5746/4357 4574/5745/4357 4581/5752/4357
f 4581/5752/4358 4574/5745/4358 4570/5744/4358 4578/5753/4358
f 4541/5696/4359 4569/5740/4359 4575/5743/4359 4544/5697/4359
f 4544/5703/4360 4575/5743/4360 4571/5746/4360 4542/5700/4360
f 4576/5747/4361 4549/5712/4361 4551/5715/4361 4579/5748/4361
f 4579/5748/4362 4551/5709/4362 4548/5708/4362 4577/5751/4362
f 4555/5720/4363 4583/5754/4363 4569/5740/4363 4541/5696/4363
f 4543/5704/4364 4550/5716/4364 4564/5738/4364 4556/5724/4364
f 4571/5746/4365 4577/5751/4365 4548/5708/4365 4542/5700/4365
f 4590/5761/4366 4562/5730/4366 4549/5712/4366 4576/5747/4366
f 4557/5728/4367 4563/5734/4367 4592/5767/4367 4584/5758/4367
f 4585/5760/4368 4591/5765/4368 4578/5753/4368 4570/5744/4368
o AssaultRifle_Body
v -0.758000 2.085000 -0.977000
v -0.758000 2.097000 -0.965000
v -0.770000 2.097000 -0.977000
v -0.758000 2.088515 -0.968515
v -0.764928 2.090072 -0.970072
v -0.766485 2.097000 -0.968515
v -0.766485 2.088515 -0.977000
v -0.758000 2.203000 -0.965000
v -0.758000 2.215000 -0.977000
v -0.770000 2.203000 -0.977000
v -0.758000 2.211485 -0.968515
v -0.764928 2.209928 -0.970072
v -0.766485 2.211485 -0.977000
v -0.766485 2.203000 -0.968515
v -0.758000 2.085000 -1.023000
v -0.770000 2.097000 -1.023000
v -0.758000 2.097000 -1.035000
v -0.766485 2.088515 -1.023000
v -0.764928 2.090072 -1.029928
v -0.766485 2.097000 -1.031485
v -0.758000 2.088515 -1.031485
v -0.758000 2.215000 -1.023000
v -0.758000 2.203000 -1.035000
v -0.770000 2.203000 -1.023000
v -0.758000 2.211485 -1.031485
v -0.764928 2.209928 -1.029928
v -0.766485 2.203000 -1.031485
v -0.766485 2.211485 -1.023000
v -0.242000 2.085000 -0.977000
v -0.230000 2.097000 -0.977000
v -0.242000 2.097000 -0.965000
v -0.233515 2.088515 -0.977000
v -0.235072 2.090072 -0.970072
v -0.233515 2.097000 -0.968515
v -0.242000 2.088515 -0.968515
v -0.242000 2.215000 -0.977000
v -0.242000 2.203000 -0.965000
v -0.230000 2.203000 -0.977000
v -0.242000 2.211485 -0.968515
v -0.235072 2.209928 -0.970072
v -0.233515 2.203000 -0.968515
v -0.233515 2.211485 -0.977000
v -0.242000 2.085000 -1.023000
v -0.242000 2.097000 -1.035000
v -0.230000 2.097000 -1.023000
v -0.242000 2.088515 -1.031485
v -0.235072 2.090072 -1.029928
v -0.233515 2.097000 -1.031485
v -0.233515 2.088515 -1.023000
v -0.242000 2.215000 -1.023000
v -0.230000 2.203000 -1.023000
v -0.242000 2.203000 -1.035000
v -0.233515 2.211485 -1.023000
v -0.235072 2.209928 -1.029928
v -0.233515 2.203000 -1.031485
v -0.242000 2.211485 -1.031485
vn -0.3251 -0.8881 0.3251
vn -0.3251 -0.3251 0.8881
vn -0.8881 -0.3251 0.3251
vn -0.3251 0.3251 0.8881
vn -0.3251 0.8881 0.3251
vn -0.8881 0.3251 0.3251
vn -0.3251 -0.8881 -0.3251
vn -0.8881 -0.3251 -0.3251
vn -0.3251 -0.3251 -0.8881
vn -0.3251 0.8881 -0.3251
vn -0.3251 0.3251 -0.8881
vn -0.8881 0.3251 -0.3251
vn 0.3251 -0.8881 0.3251
vn 0.8881 -0.3251 0.3251
vn 0.3251 -0.3251 0.8881
vn 0.3251 0.8881 0.3251
vn 0.3251 0.3251 0.8881
vn 0.8881 0.3251 0.3251
vn 0.3251 -0.8881 -0.3251
vn 0.3251 -0.3251 -0.8881
vn 0.8881 -0.3251 -0.3251
vn 0.3251 0.8881 -0.3251
vn 0.8881 0.3251 -0.3251
vn 0.3251 0.3251 -0.8881
vn -0.3827 -0.9239 -0.0000
vn -0.9239 -0.3827 -0.0000
vn -0.3827 -0.0000 0.9239
vn -0.9239 -0.0000 0.3827
vn -0.3827 0.9239 -0.0000
vn -0.9239 0.3827 -0.0000
vn -0.3827 -0.0000 -0.9239
vn -0.9239 -0.0000 -0.3827
vn -0.0000 -0.9239 -0.3827
vn -0.0000 -0.3827 -0.9239
vn -0.0000 0.9239 -0.3827
vn -0.0000 0.3827 -0.9239
vn 0.9239 -0.0000 -0.3827
vn 0.3827 -0.0000 -0.9239
vn 0.3827 -0.9239 -0.0000
vn 0.9239 -0.3827 -0.0000
vn 0.3827 0.9239 -0.0000
vn 0.9239 0.3827 -0.0000
vn 0.3827 -0.0000 0.9239
vn 0.9239 -0.0000 0.3827
vn -0.0000 -0.9239 0.3827
vn -0.0000 -0.3827 0.9239
vn -0.0000 0.9239 0.3827
vn -0.0000 0.3827 0.9239
vn -0.0000 -1.0000 -0.0000
vn -1.0000 -0.0000 -0.0000
vn -0.0000 -0.0000 1.0000
vn -0.0000 1.0000 -0.0000
vn -0.0000 -0.0000 -1.0000
vn 1.0000 -0.0000 -0.0000
vt 0.130556 0.707143
vt 0.130556 0.750000
vt 0.127348 0.750000
vt 0.125000 0.707143
vt 0.398077 0.994444
vt 0.398077 1.000000
vt 0.384753 1.000000
vt 0.375000 0.994444
vt 0.398077 0.042857
vt 0.375000 0.042857
vt 0.375000 0.018114
vt 0.398077 0.000000
vt 0.601923 0.994444
vt 0.625000 0.994444
vt 0.625000 0.997652
vt 0.601923 1.000000
vt 0.869444 0.707143
vt 0.875000 0.707143
vt 0.875000 0.731886
vt 0.869444 0.750000
vt 0.601923 0.042857
vt 0.601923 0.000000
vt 0.615247 0.000000
vt 0.625000 0.042857
vt 0.130556 0.542857
vt 0.125000 0.542857
vt 0.125000 0.518114
vt 0.130556 0.500000
vt 0.398077 0.207143
vt 0.398077 0.250000
vt 0.379877 0.251174
vt 0.375000 0.207143
vt 0.398077 0.255556
vt 0.375000 0.255556
vt 0.869444 0.542857
vt 0.869444 0.500000
vt 0.872652 0.500000
vt 0.875000 0.542857
vt 0.601923 0.255556
vt 0.601923 0.250000
vt 0.620123 0.240943
vt 0.625000 0.255556
vt 0.601923 0.207143
vt 0.625000 0.207143
vt 0.369444 0.707143
vt 0.375000 0.707143
vt 0.378251 0.744745
vt 0.372222 0.752778
vt 0.398077 0.707143
vt 0.398077 0.750000
vt 0.398077 0.755556
vt 0.630556 0.707143
vt 0.627778 0.752778
vt 0.622532 0.743962
vt 0.625000 0.707143
vt 0.601923 0.755556
vt 0.601923 0.750000
vt 0.601923 0.707143
vt 0.369444 0.542857
vt 0.372222 0.497222
vt 0.377468 0.506038
vt 0.375000 0.542857
vt 0.398077 0.494444
vt 0.398077 0.500000
vt 0.398077 0.542857
vt 0.630556 0.542857
vt 0.625000 0.542857
vt 0.621749 0.505255
vt 0.627778 0.497222
vt 0.601923 0.542857
vt 0.601923 0.500000
vt 0.601923 0.494444
s 0
usemtl MAT_Polymer
f 4597/5768/4369 4600/5769/4369 4601/5770/4369 4603/5771/4369
f 4598/5772/4370 4602/5773/4370 4601/5774/4370 4600/5775/4370
f 4599/5776/4371 4603/5777/4371 4601/5778/4371 4602/5779/4371
f 4604/5780/4372 4607/5781/4372 4608/5782/4372 4610/5783/4372
f 4605/5784/4373 4609/5785/4373 4608/5786/4373 4607/5787/4373
f 4606/5788/4374 4610/5789/4374 4608/5790/4374 4609/5791/4374
f 4611/5792/4375 4614/5793/4375 4615/5794/4375 4617/5795/4375
f 4612/5796/4376 4616/5797/4376 4615/5798/4376 4614/5799/4376
f 4613/5800/4377 4617/5801/4377 4615/5798/4377 4616/5797/4377
f 4618/5802/4378 4621/5803/4378 4622/5804/4378 4624/5805/4378
f 4619/5806/4379 4623/5807/4379 4622/5808/4379 4621/5809/4379
f 4620/5810/4380 4624/5811/4380 4622/5808/4380 4623/5807/4380
f 4625/5812/4381 4628/5813/4381 4629/5814/4381 4631/5815/4381
f 4626/5816/4382 4630/5817/4382 4629/5814/4382 4628/5813/4382
f 4627/5818/4383 4631/5815/4383 4629/5814/4383 4630/5817/4383
f 4632/5819/4384 4635/5820/4384 4636/5821/4384 4638/5822/4384
f 4633/5823/4385 4637/5824/4385 4636/5821/4385 4635/5820/4385
f 4634/5825/4386 4638/5822/4386 4636/5821/4386 4637/5824/4386
f 4639/5826/4387 4642/5827/4387 4643/5828/4387 4645/5829/4387
f 4640/5830/4388 4644/5831/4388 4643/5828/4388 4642/5827/4388
f 4641/5832/4389 4645/5829/4389 4643/5828/4389 4644/5831/4389
f 4646/5833/4390 4649/5834/4390 4650/5835/4390 4652/5836/4390
f 4647/5837/4391 4651/5838/4391 4650/5835/4391 4649/5834/4391
f 4648/5839/4392 4652/5836/4392 4650/5835/4392 4651/5838/4392
f 4611/5792/4393 4597/5768/4393 4603/5771/4393 4614/5793/4393
f 4614/5799/4394 4603/5777/4394 4599/5776/4394 4612/5796/4394
f 4598/5772/4395 4604/5780/4395 4610/5783/4395 4602/5773/4395
f 4602/5779/4396 4610/5789/4396 4606/5788/4396 4599/5776/4396
f 4605/5784/4397 4618/5802/4397 4624/5805/4397 4609/5785/4397
f 4609/5791/4398 4624/5811/4398 4620/5810/4398 4606/5788/4398
f 4619/5806/4399 4613/5800/4399 4616/5797/4399 4623/5807/4399
f 4623/5807/4400 4616/5797/4400 4612/5796/4400 4620/5810/4400
f 4639/5826/4401 4611/5792/4401 4617/5795/4401 4642/5827/4401
f 4642/5827/4402 4617/5801/4402 4613/5800/4402 4640/5830/4402
f 4618/5802/4403 4646/5833/4403 4652/5836/4403 4621/5803/4403
f 4621/5809/4404 4652/5836/4404 4648/5839/4404 4619/5806/4404
f 4647/5837/4405 4641/5832/4405 4644/5831/4405 4651/5838/4405
f 4651/5838/4406 4644/5831/4406 4640/5830/4406 4648/5839/4406
f 4625/5812/4407 4639/5826/4407 4645/5829/4407 4628/5813/4407
f 4628/5813/4408 4645/5829/4408 4641/5832/4408 4626/5816/4408
f 4646/5833/4409 4632/5819/4409 4638/5822/4409 4649/5834/4409
f 4649/5834/4410 4638/5822/4410 4634/5825/4410 4647/5837/4410
f 4633/5823/4411 4627/5818/4411 4630/5817/4411 4637/5824/4411
f 4637/5824/4412 4630/5817/4412 4626/5816/4412 4634/5825/4412
f 4597/5768/4413 4625/5812/4413 4631/5815/4413 4600/5769/4413
f 4600/5775/4414 4631/5815/4414 4627/5818/4414 4598/5772/4414
f 4632/5819/4415 4605/5784/4415 4607/5787/4415 4635/5820/4415
f 4635/5820/4416 4607/5781/4416 4604/5780/4416 4633/5823/4416
f 4611/5792/4417 4639/5826/4417 4625/5812/4417 4597/5768/4417
f 4599/5776/4418 4606/5788/4418 4620/5810/4418 4612/5796/4418
f 4627/5818/4419 4633/5823/4419 4604/5780/4419 4598/5772/4419
f 4646/5833/4420 4618/5802/4420 4605/5784/4420 4632/5819/4420
f 4613/5800/4421 4619/5806/4421 4648/5839/4421 4640/5830/4421
f 4641/5832/4422 4647/5837/4422 4634/5825/4422 4626/5816/4422
o AssaultRifle_Stock
v -0.989000 2.075000 -0.975000
v -0.989000 2.090000 -0.960000
v -1.004000 2.090000 -0.975000
v -0.989000 2.079393 -0.964393
v -0.997660 2.081340 -0.966340
v -0.999607 2.090000 -0.964393
v -0.999607 2.079393 -0.975000
v -0.989000 2.210000 -0.960000
v -0.989000 2.225000 -0.975000
v -1.004000 2.210000 -0.975000
v -0.989000 2.220607 -0.964393
v -0.997660 2.218660 -0.966340
v -0.999607 2.220607 -0.975000
v -0.999607 2.210000 -0.964393
v -0.989000 2.075000 -1.025000
v -1.004000 2.090000 -1.025000
v -0.989000 2.090000 -1.040000
v -0.999607 2.079393 -1.025000
v -0.997660 2.081340 -1.033660
v -0.999607 2.090000 -1.035607
v -0.989000 2.079393 -1.035607
v -0.989000 2.225000 -1.025000
v -0.989000 2.210000 -1.040000
v -1.004000 2.210000 -1.025000
v -0.989000 2.220607 -1.035607
v -0.997660 2.218660 -1.033660
v -0.999607 2.210000 -1.035607
v -0.999607 2.220607 -1.025000
v -0.767000 2.075000 -0.975000
v -0.752000 2.090000 -0.975000
v -0.767000 2.090000 -0.960000
v -0.756393 2.079393 -0.975000
v -0.758340 2.081340 -0.966340
v -0.756393 2.090000 -0.964393
v -0.767000 2.079393 -0.964393
v -0.767000 2.225000 -0.975000
v -0.767000 2.210000 -0.960000
v -0.752000 2.210000 -0.975000
v -0.767000 2.220607 -0.964393
v -0.758340 2.218660 -0.966340
v -0.756393 2.210000 -0.964393
v -0.756393 2.220607 -0.975000
v -0.767000 2.075000 -1.025000
v -0.767000 2.090000 -1.040000
v -0.752000 2.090000 -1.025000
v -0.767000 2.079393 -1.035607
v -0.758340 2.081340 -1.033660
v -0.756393 2.090000 -1.035607
v -0.756393 2.079393 -1.025000
v -0.767000 2.225000 -1.025000
v -0.752000 2.210000 -1.025000
v -0.767000 2.210000 -1.040000
v -0.756393 2.220607 -1.025000
v -0.758340 2.218660 -1.033660
v -0.756393 2.210000 -1.035607
v -0.767000 2.220607 -1.035607
vn -0.3251 -0.8881 0.3251
vn -0.3251 -0.3251 0.8881
vn -0.8881 -0.3251 0.3251
vn -0.3251 0.3251 0.8881
vn -0.3251 0.8881 0.3251
vn -0.8881 0.3251 0.3251
vn -0.3251 -0.8881 -0.3251
vn -0.8881 -0.3251 -0.3251
vn -0.3251 -0.3251 -0.8881
vn -0.3251 0.8881 -0.3251
vn -0.3251 0.3251 -0.8881
vn -0.8881 0.3251 -0.3251
vn 0.3251 -0.8881 0.3251
vn 0.8881 -0.3251 0.3251
vn 0.3251 -0.3251 0.8881
vn 0.3251 0.8881 0.3251
vn 0.3251 0.3251 0.8881
vn 0.8881 0.3251 0.3251
vn 0.3251 -0.8881 -0.3251
vn 0.3251 -0.3251 -0.8881
vn 0.8881 -0.3251 -0.3251
vn 0.3251 0.8881 -0.3251
vn 0.8881 0.3251 -0.3251
vn 0.3251 0.3251 -0.8881
vn -0.3827 -0.9239 -0.0000
vn -0.9239 -0.3827 -0.0000
vn -0.3827 -0.0000 0.9239
vn -0.9239 -0.0000 0.3827
vn -0.3827 0.9239 -0.0000
vn -0.9239 0.3827 -0.0000
vn -0.3827 -0.0000 -0.9239
vn -0.9239 -0.0000 -0.3827
vn -0.0000 -0.9239 -0.3827
vn -0.0000 -0.3827 -0.9239
vn -0.0000 0.9239 -0.3827
vn -0.0000 0.3827 -0.9239
vn 0.9239 -0.0000 -0.3827
vn 0.3827 -0.0000 -0.9239
vn 0.3827 -0.9239 -0.0000
vn 0.9239 -0.3827 -0.0000
vn 0.3827 0.9239 -0.0000
vn 0.9239 0.3827 -0.0000
vn 0.3827 -0.0000 0.9239
vn 0.9239 -0.0000 0.3827
vn -0.0000 -0.9239 0.3827
vn -0.0000 -0.3827 0.9239
vn -0.0000 0.9239 0.3827
vn -0.0000 0.3827 0.9239
vn -0.0000 -1.0000 -0.0000
vn -1.0000 -0.0000 -0.0000
vn -0.0000 -0.0000 1.0000
vn -0.0000 1.0000 -0.0000
vn -0.0000 -0.0000 -1.0000
vn 1.0000 -0.0000 -0.0000
vt 0.139881 0.703125
vt 0.139881 0.750000
vt 0.131289 0.750000
vt 0.125000 0.703125
vt 0.400000 0.985119
vt 0.400000 1.000000
vt 0.385566 1.000000
vt 0.375000 0.985119
vt 0.400000 0.046875
vt 0.375000 0.046875
vt 0.375000 0.019812
vt 0.400000 0.000000
vt 0.600000 0.985119
vt 0.625000 0.985119
vt 0.625000 0.993711
vt 0.600000 1.000000
vt 0.860119 0.703125
vt 0.875000 0.703125
vt 0.875000 0.730188
vt 0.860119 0.750000
vt 0.600000 0.046875
vt 0.600000 0.000000
vt 0.614434 0.000000
vt 0.625000 0.046875
vt 0.139881 0.546875
vt 0.125000 0.546875
vt 0.125000 0.519812
vt 0.139881 0.500000
vt 0.400000 0.203125
vt 0.400000 0.250000
vt 0.380283 0.253145
vt 0.375000 0.203125
vt 0.400000 0.264881
vt 0.375000 0.264881
vt 0.860119 0.546875
vt 0.860119 0.500000
vt 0.868711 0.500000
vt 0.875000 0.546875
vt 0.600000 0.264881
vt 0.600000 0.250000
vt 0.619717 0.240094
vt 0.625000 0.264881
vt 0.600000 0.203125
vt 0.625000 0.203125
vt 0.360119 0.703125
vt 0.375000 0.703125
vt 0.378522 0.745493
vt 0.367559 0.757440
vt 0.400000 0.703125
vt 0.400000 0.750000
vt 0.400000 0.764881
vt 0.639881 0.703125
vt 0.632441 0.757440
vt 0.623574 0.743396
vt 0.625000 0.703125
vt 0.600000 0.764881
vt 0.600000 0.750000
vt 0.600000 0.703125
vt 0.360119 0.546875
vt 0.367559 0.492560
vt 0.376426 0.506604
vt 0.375000 0.546875
vt 0.400000 0.485119
vt 0.400000 0.500000
vt 0.400000 0.546875
vt 0.639881 0.546875
vt 0.625000 0.546875
vt 0.621478 0.504507
vt 0.632440 0.492560
vt 0.600000 0.546875
vt 0.600000 0.500000
vt 0.600000 0.485119
s 0
usemtl MAT_Polymer
f 4653/5840/4423 4656/5841/4423 4657/5842/4423 4659/5843/4423
f 4654/5844/4424 4658/5845/4424 4657/5846/4424 4656/5847/4424
f 4655/5848/4425 4659/5849/4425 4657/5850/4425 4658/5851/4425
f 4660/5852/4426 4663/5853/4426 4664/5854/4426 4666/5855/4426
f 4661/5856/4427 4665/5857/4427 4664/5858/4427 4663/5859/4427
f 4662/5860/4428 4666/5861/4428 4664/5862/4428 4665/5863/4428
f 4667/5864/4429 4670/5865/4429 4671/5866/4429 4673/5867/4429
f 4668/5868/4430 4672/5869/4430 4671/5870/4430 4670/5871/4430
f 4669/5872/4431 4673/5873/4431 4671/5870/4431 4672/5869/4431
f 4674/5874/4432 4677/5875/4432 4678/5876/4432 4680/5877/4432
f 4675/5878/4433 4679/5879/4433 4678/5880/4433 4677/5881/4433
f 4676/5882/4434 4680/5883/4434 4678/5880/4434 4679/5879/4434
f 4681/5884/4435 4684/5885/4435 4685/5886/4435 4687/5887/4435
f 4682/5888/4436 4686/5889/4436 4685/5886/4436 4684/5885/4436
f 4683/5890/4437 4687/5887/4437 4685/5886/4437 4686/5889/4437
f 4688/5891/4438 4691/5892/4438 4692/5893/4438 4694/5894/4438
f 4689/5895/4439 4693/5896/4439 4692/5893/4439 4691/5892/4439
f 4690/5897/4440 4694/5894/4440 4692/5893/4440 4693/5896/4440
f 4695/5898/4441 4698/5899/4441 4699/5900/4441 4701/5901/4441
f 4696/5902/4442 4700/5903/4442 4699/5900/4442 4698/5899/4442
f 4697/5904/4443 4701/5901/4443 4699/5900/4443 4700/5903/4443
f 4702/5905/4444 4705/5906/4444 4706/5907/4444 4708/5908/4444
f 4703/5909/4445 4707/5910/4445 4706/5907/4445 4705/5906/4445
f 4704/5911/4446 4708/5908/4446 4706/5907/4446 4707/5910/4446
f 4667/5864/4447 4653/5840/4447 4659/5843/4447 4670/5865/4447
f 4670/5871/4448 4659/5849/4448 4655/5848/4448 4668/5868/4448
f 4654/5844/4449 4660/5852/4449 4666/5855/4449 4658/5845/4449
f 4658/5851/4450 4666/5861/4450 4662/5860/4450 4655/5848/4450
f 4661/5856/4451 4674/5874/4451 4680/5877/4451 4665/5857/4451
f 4665/5863/4452 4680/5883/4452 4676/5882/4452 4662/5860/4452
f 4675/5878/4453 4669/5872/4453 4672/5869/4453 4679/5879/4453
f 4679/5879/4454 4672/5869/4454 4668/5868/4454 4676/5882/4454
f 4695/5898/4455 4667/5864/4455 4673/5867/4455 4698/5899/4455
f 4698/5899/4456 4673/5873/4456 4669/5872/4456 4696/5902/4456
f 4674/5874/4457 4702/5905/4457 4708/5908/4457 4677/5875/4457
f 4677/5881/4458 4708/5908/4458 4704/5911/4458 4675/5878/4458
f 4703/5909/4459 4697/5904/4459 4700/5903/4459 4707/5910/4459
f 4707/5910/4460 4700/5903/4460 4696/5902/4460 4704/5911/4460
f 4681/5884/4461 4695/5898/4461 4701/5901/4461 4684/5885/4461
f 4684/5885/4462 4701/5901/4462 4697/5904/4462 4682/5888/4462
f 4702/5905/4463 4688/5891/4463 4694/5894/4463 4705/5906/4463
f 4705/5906/4464 4694/5894/4464 4690/5897/4464 4703/5909/4464
f 4689/5895/4465 4683/5890/4465 4686/5889/4465 4693/5896/4465
f 4693/5896/4466 4686/5889/4466 4682/5888/4466 4690/5897/4466
f 4653/5840/4467 4681/5884/4467 4687/5887/4467 4656/5841/4467
f 4656/5847/4468 4687/5887/4468 4683/5890/4468 4654/5844/4468
f 4688/5891/4469 4661/5856/4469 4663/5859/4469 4691/5892/4469
f 4691/5892/4470 4663/5853/4470 4660/5852/4470 4689/5895/4470
f 4667/5864/4471 4695/5898/4471 4681/5884/4471 4653/5840/4471
f 4655/5848/4472 4662/5860/4472 4676/5882/4472 4668/5868/4472
f 4683/5890/4473 4689/5895/4473 4660/5852/4473 4654/5844/4473
f 4702/5905/4474 4674/5874/4474 4661/5856/4474 4688/5891/4474
f 4669/5872/4475 4675/5878/4475 4704/5911/4475 4696/5902/4475
f 4697/5904/4476 4703/5909/4476 4690/5897/4476 4682/5888/4476
o AssaultRifle_Barrel
v -0.238000 2.150000 -1.000000
v -0.226231 2.150000 -1.012000
v -0.234553 2.150000 -1.008485
v 0.012000 2.150000 -1.000000
v 0.000231 2.150000 -1.012000
v 0.008553 2.150000 -1.008485
v -0.238000 2.150000 -1.000000
v -0.226231 2.145408 -1.011087
v -0.234553 2.146753 -1.007839
v 0.012000 2.150000 -1.000000
v 0.000231 2.145408 -1.011087
v 0.008553 2.146753 -1.007839
v -0.238000 2.150000 -1.000000
v -0.226231 2.141515 -1.008485
v -0.234553 2.144000 -1.006000
v 0.012000 2.150000 -1.000000
v 0.000231 2.141515 -1.008485
v 0.008553 2.144000 -1.006000
v -0.238000 2.150000 -1.000000
v -0.226231 2.138914 -1.004592
v -0.234553 2.142161 -1.003247
v 0.012000 2.150000 -1.000000
v 0.000231 2.138914 -1.004592
v 0.008553 2.142161 -1.003247
v -0.238000 2.150000 -1.000000
v -0.226231 2.138000 -1.000000
v -0.234553 2.141515 -1.000000
v 0.012000 2.150000 -1.000000
v 0.000231 2.138000 -1.000000
v 0.008553 2.141515 -1.000000
v -0.238000 2.150000 -1.000000
v -0.226231 2.138914 -0.995408
v -0.234553 2.142161 -0.996753
v 0.012000 2.150000 -1.000000
v 0.000231 2.138914 -0.995408
v 0.008553 2.142161 -0.996753
v -0.238000 2.150000 -1.000000
v -0.226231 2.141515 -0.991515
v -0.234553 2.144000 -0.994000
v 0.012000 2.150000 -1.000000
v 0.000231 2.141515 -0.991515
v 0.008553 2.144000 -0.994000
v -0.238000 2.150000 -1.000000
v -0.226231 2.145408 -0.988913
v -0.234553 2.146753 -0.992161
v 0.012000 2.150000 -1.000000
v 0.000231 2.145408 -0.988913
v 0.008553 2.146753 -0.992161
v -0.238000 2.150000 -1.000000
v -0.226231 2.150000 -0.988000
v -0.234553 2.150000 -0.991515
v 0.012000 2.150000 -1.000000
v 0.000231 2.150000 -0.988000
v 0.008553 2.150000 -0.991515
v -0.238000 2.150000 -1.000000
v -0.226231 2.154592 -0.988913
v -0.234553 2.153247 -0.992161
v 0.012000 2.150000 -1.000000
v 0.000231 2.154592 -0.988913
v 0.008553 2.153247 -0.992161
v -0.238000 2.150000 -1.000000
v -0.226231 2.158485 -0.991515
v -0.234553 2.156000 -0.994000
v 0.012000 2.150000 -1.000000
v 0.000231 2.158485 -0.991515
v 0.008553 2.156000 -0.994000
v -0.238000 2.150000 -1.000000
v -0.226231 2.161087 -0.995408
v -0.234553 2.157840 -0.996753
v 0.012000 2.150000 -1.000000
v 0.000231 2.161087 -0.995408
v 0.008553 2.157840 -0.996753
v -0.238000 2.150000 -1.000000
v -0.226231 2.162000 -1.000000
v -0.234553 2.158485 -1.000000
v 0.012000 2.150000 -1.000000
v 0.000231 2.162000 -1.000000
v 0.008553 2.158485 -1.000000
v -0.238000 2.150000 -1.000000
v -0.226231 2.161087 -1.004592
v -0.234553 2.157840 -1.003247
v 0.012000 2.150000 -1.000000
v 0.000231 2.161087 -1.004592
v 0.008553 2.157840 -1.003247
v -0.238000 2.150000 -1.000000
v -0.226231 2.158485 -1.008485
v -0.234553 2.156000 -1.006000
v 0.012000 2.150000 -1.000000
v 0.000231 2.158485 -1.008485
v 0.008553 2.156000 -1.006000
v -0.238000 2.150000 -1.000000
v -0.226231 2.154592 -1.011087
v -0.234553 2.153247 -1.007839
v 0.012000 2.150000 -1.000000
v 0.000231 2.154592 -1.011087
v 0.008553 2.153247 -1.007839
vn -0.3827 -0.1802 -0.9061
vn -0.9239 -0.0747 -0.3753
vn 0.3827 -0.1802 -0.9061
vn 0.9239 -0.0747 -0.3753
vn -0.3827 -0.5133 -0.7682
vn -0.9239 -0.2126 -0.3182
vn 0.3827 -0.5133 -0.7682
vn 0.9239 -0.2126 -0.3182
vn -0.3827 -0.7682 -0.5133
vn -0.9239 -0.3182 -0.2126
vn 0.3827 -0.7682 -0.5133
vn 0.9239 -0.3182 -0.2126
vn -0.3827 -0.9061 -0.1802
vn -0.9239 -0.3753 -0.0747
vn 0.3827 -0.9061 -0.1802
vn 0.9239 -0.3753 -0.0747
vn -0.3827 -0.9061 0.1802
vn -0.9239 -0.3753 0.0747
vn 0.3827 -0.9061 0.1802
vn 0.9239 -0.3753 0.0747
vn -0.3827 -0.7682 0.5133
vn -0.9239 -0.3182 0.2126
vn 0.3827 -0.7682 0.5133
vn 0.9239 -0.3182 0.2126
vn -0.3827 -0.5133 0.7682
vn -0.9239 -0.2126 0.3182
vn 0.3827 -0.5133 0.7682
vn 0.9239 -0.2126 0.3182
vn -0.3827 -0.1802 0.9061
vn -0.9239 -0.0747 0.3753
vn 0.3827 -0.1802 0.9061
vn 0.9239 -0.0747 0.3753
vn -0.3827 0.1802 0.9061
vn -0.9239 0.0747 0.3753
vn 0.3827 0.1802 0.9061
vn 0.9239 0.0747 0.3753
vn -0.3827 0.5133 0.7682
vn -0.9239 0.2126 0.3182
vn 0.3827 0.5133 0.7682
vn 0.9239 0.2126 0.3182
vn -0.3827 0.7682 0.5133
vn -0.9239 0.3182 0.2126
vn 0.3827 0.7682 0.5133
vn 0.9239 0.3182 0.2126
vn -0.3827 0.9061 0.1802
vn -0.9239 0.3753 0.0747
vn 0.3827 0.9061 0.1802
vn 0.9239 0.3753 0.0747
vn -0.3827 0.9061 -0.1802
vn -0.9239 0.3753 -0.0747
vn 0.3827 0.9061 -0.1802
vn 0.9239 0.3753 -0.0747
vn -0.3827 0.7682 -0.5133
vn -0.9239 0.3182 -0.2126
vn 0.3827 0.7682 -0.5133
vn 0.9239 0.3182 -0.2126
vn -0.3827 0.5133 -0.7682
vn -0.9239 0.2126 -0.3182
vn 0.3827 0.5133 -0.7682
vn 0.9239 0.2126 -0.3182
vn -0.3827 0.1802 -0.9061
vn -0.9239 0.0747 -0.3753
vn 0.3827 0.1802 -0.9061
vn 0.9239 0.0747 -0.3753
vn -1.0000 -0.0000 -0.0000
vn -0.0000 -0.1951 -0.9808
vn -0.0000 0.1951 -0.9808
vn 1.0000 -0.0000 -0.0000
vn -0.0000 -0.5556 -0.8315
vn -0.0000 -0.8315 -0.5556
vn -0.0000 -0.9808 -0.1951
vn -0.0000 -0.9808 0.1951
vn -0.0000 -0.8315 0.5556
vn -0.0000 -0.5556 0.8315
vn -0.0000 -0.1951 0.9808
vn -0.0000 0.1951 0.9808
vn -0.0000 0.5556 0.8315
vn -0.0000 0.8315 0.5556
vn -0.0000 0.9808 0.1951
vn -0.0000 0.9808 -0.1951
vn -0.0000 0.8315 -0.5556
vn -0.0000 0.5556 -0.8315
vt 1.000000 0.523539
vt 0.937500 0.523539
vt 0.937500 0.500000
vt 0.990847 0.500000
vt 0.750000 0.487325
vt 0.840820 0.469259
vt 0.750000 0.250000
vt 0.750000 0.250000
vt 0.937500 0.976461
vt 1.000000 0.976461
vt 0.990847 1.000000
vt 0.937500 1.000000
vt 0.340820 0.469259
vt 0.250000 0.487325
vt 0.250000 0.250000
vt 0.250000 0.250000
vt 0.875000 0.523539
vt 0.875000 0.500000
vt 0.917814 0.417814
vt 0.750000 0.250000
vt 0.875000 0.976461
vt 0.875000 1.000000
vt 0.417814 0.417814
vt 0.250000 0.250000
vt 0.812500 0.523539
vt 0.812500 0.500000
vt 0.969259 0.340820
vt 0.812500 0.976461
vt 0.812500 1.000000
vt 0.469259 0.340820
vt 0.250000 0.250000
vt 0.750000 0.523539
vt 0.750000 0.500000
vt 0.987325 0.250000
vt 0.750000 0.976461
vt 0.750000 1.000000
vt 0.487325 0.250000
vt 0.250000 0.250000
vt 0.687500 0.523539
vt 0.687500 0.500000
vt 0.969259 0.159180
vt 0.750000 0.250000
vt 0.687500 0.976461
vt 0.687500 1.000000
vt 0.469259 0.159180
vt 0.250000 0.250000
vt 0.625000 0.523539
vt 0.625000 0.500000
vt 0.917814 0.082186
vt 0.750000 0.250000
vt 0.625000 0.976461
vt 0.625000 1.000000
vt 0.417814 0.082186
vt 0.250000 0.250000
vt 0.562500 0.523539
vt 0.562500 0.500000
vt 0.840820 0.030741
vt 0.562500 0.976461
vt 0.562500 1.000000
vt 0.340820 0.030741
vt 0.500000 0.523539
vt 0.500000 0.500000
vt 0.750000 0.012675
vt 0.750000 0.250000
vt 0.500000 0.976461
vt 0.500000 1.000000
vt 0.250000 0.012675
vt 0.250000 0.250000
vt 0.437500 0.523539
vt 0.437500 0.500000
vt 0.659180 0.030741
vt 0.750000 0.250000
vt 0.437500 0.976461
vt 0.437500 1.000000
vt 0.159180 0.030741
vt 0.250000 0.250000
vt 0.375000 0.523539
vt 0.375000 0.500000
vt 0.582186 0.082186
vt 0.750000 0.250000
vt 0.375000 0.976461
vt 0.375000 1.000000
vt 0.082186 0.082186
vt 0.312500 0.523539
vt 0.312500 0.500000
vt 0.530741 0.159180
vt 0.750000 0.250000
vt 0.312500 0.976461
vt 0.312500 1.000000
vt 0.030741 0.159180
vt 0.250000 0.523539
vt 0.250000 0.500000
vt 0.512675 0.250000
vt 0.750000 0.250000
vt 0.250000 0.976461
vt 0.250000 1.000000
vt 0.012675 0.250000
vt 0.250000 0.250000
vt 0.187500 0.523539
vt 0.187500 0.500000
vt 0.530741 0.340820
vt 0.750000 0.250000
vt 0.187500 0.976461
vt 0.187500 1.000000
vt 0.030741 0.340820
vt 0.250000 0.250000
vt 0.125000 0.523539
vt 0.125000 0.500000
vt 0.582186 0.417814
vt 0.750000 0.250000
vt 0.125000 0.976461
vt 0.125000 1.000000
vt 0.082186 0.417814
vt 0.250000 0.250000
vt 0.062500 0.523539
vt 0.062500 0.500000
vt 0.659180 0.469259
vt 0.062500 0.976461
vt 0.062500 1.000000
vt 0.159180 0.469259
vt 0.250000 0.250000
vt 0.000000 0.523539
vt 0.009153 0.500000
vt 0.000000 0.976461
vt 0.009153 1.000000
s 0
usemtl MAT_PaintedMetal
f 4710/5912/4477 4716/5913/4477 4717/5914/4477 4711/5915/4477
f 4711/5916/4478 4717/5917/4478 4715/5918/4478 4709/5919/4478
f 4719/5920/4479 4713/5921/4479 4714/5922/4479 4720/5923/4479
f 4720/5924/4480 4714/5925/4480 4712/5926/4480 4718/5927/4480
f 4716/5913/4481 4722/5928/4481 4723/5929/4481 4717/5914/4481
f 4717/5917/4482 4723/5930/4482 4721/5931/4482 4715/5918/4482
f 4725/5932/4483 4719/5920/4483 4720/5923/4483 4726/5933/4483
f 4726/5934/4484 4720/5924/4484 4718/5927/4484 4724/5935/4484
f 4722/5928/4485 4728/5936/4485 4729/5937/4485 4723/5929/4485
f 4723/5930/4486 4729/5938/4486 4727/5919/4486 4721/5931/4486
f 4731/5939/4487 4725/5932/4487 4726/5933/4487 4732/5940/4487
f 4732/5941/4488 4726/5934/4488 4724/5935/4488 4730/5942/4488
f 4728/5936/4489 4734/5943/4489 4735/5944/4489 4729/5937/4489
f 4729/5938/4490 4735/5945/4490 4733/5931/4490 4727/5919/4490
f 4737/5946/4491 4731/5939/4491 4732/5940/4491 4738/5947/4491
f 4738/5948/4492 4732/5941/4492 4730/5942/4492 4736/5949/4492
f 4734/5943/4493 4740/5950/4493 4741/5951/4493 4735/5944/4493
f 4735/5945/4494 4741/5952/4494 4739/5953/4494 4733/5931/4494
f 4743/5954/4495 4737/5946/4495 4738/5947/4495 4744/5955/4495
f 4744/5956/4496 4738/5948/4496 4736/5949/4496 4742/5957/4496
f 4740/5950/4497 4746/5958/4497 4747/5959/4497 4741/5951/4497
f 4741/5952/4498 4747/5960/4498 4745/5961/4498 4739/5953/4498
f 4749/5962/4499 4743/5954/4499 4744/5955/4499 4750/5963/4499
f 4750/5964/4500 4744/5956/4500 4742/5957/4500 4748/5965/4500
f 4746/5958/4501 4752/5966/4501 4753/5967/4501 4747/5959/4501
f 4747/5960/4502 4753/5968/4502 4751/5961/4502 4745/5961/4502
f 4755/5969/4503 4749/5962/4503 4750/5963/4503 4756/5970/4503
f 4756/5971/4504 4750/5964/4504 4748/5965/4504 4754/5965/4504
f 4752/5966/4505 4758/5972/4505 4759/5973/4505 4753/5967/4505
f 4753/5968/4506 4759/5974/4506 4757/5975/4506 4751/5961/4506
f 4761/5976/4507 4755/5969/4507 4756/5970/4507 4762/5977/4507
f 4762/5978/4508 4756/5971/4508 4754/5965/4508 4760/5979/4508
f 4758/5972/4509 4764/5980/4509 4765/5981/4509 4759/5973/4509
f 4759/5974/4510 4765/5982/4510 4763/5983/4510 4757/5975/4510
f 4767/5984/4511 4761/5976/4511 4762/5977/4511 4768/5985/4511
f 4768/5986/4512 4762/5978/4512 4760/5979/4512 4766/5987/4512
f 4764/5980/4513 4770/5988/4513 4771/5989/4513 4765/5981/4513
f 4765/5982/4514 4771/5990/4514 4769/5991/4514 4763/5983/4514
f 4773/5992/4515 4767/5984/4515 4768/5985/4515 4774/5993/4515
f 4774/5994/4516 4768/5986/4516 4766/5987/4516 4772/5979/4516
f 4770/5988/4517 4776/5995/4517 4777/5996/4517 4771/5989/4517
f 4771/5990/4518 4777/5997/4518 4775/5998/4518 4769/5991/4518
f 4779/5999/4519 4773/5992/4519 4774/5993/4519 4780/6000/4519
f 4780/6001/4520 4774/5994/4520 4772/5979/4520 4778/5979/4520
f 4776/5995/4521 4782/6002/4521 4783/6003/4521 4777/5996/4521
f 4777/5997/4522 4783/6004/4522 4781/6005/4522 4775/5998/4522
f 4785/6006/4523 4779/5999/4523 4780/6000/4523 4786/6007/4523
f 4786/6008/4524 4780/6001/4524 4778/5979/4524 4784/6009/4524
f 4782/6002/4525 4788/6010/4525 4789/6011/4525 4783/6003/4525
f 4783/6004/4526 4789/6012/4526 4787/6013/4526 4781/6005/4526
f 4791/6014/4527 4785/6006/4527 4786/6007/4527 4792/6015/4527
f 4792/6016/4528 4786/6008/4528 4784/6009/4528 4790/6017/4528
f 4788/6010/4529 4794/6018/4529 4795/6019/4529 4789/6011/4529
f 4789/6012/4530 4795/6020/4530 4793/6021/4530 4787/6013/4530
f 4797/6022/4531 4791/6014/4531 4792/6015/4531 4798/6023/4531
f 4798/6024/4532 4792/6016/4532 4790/6017/4532 4796/6025/4532
f 4794/6018/4533 4800/6026/4533 4801/6027/4533 4795/6019/4533
f 4795/6020/4534 4801/6028/4534 4799/5983/4534 4793/6021/4534
f 4803/6029/4535 4797/6022/4535 4798/6023/4535 4804/6030/4535
f 4804/6031/4536 4798/6024/4536 4796/6025/4536 4802/6032/4536
f 4800/6026/4537 4710/6033/4537 4711/6034/4537 4801/6027/4537
f 4801/6028/4538 4711/5916/4538 4709/5919/4538 4799/5983/4538
f 4713/6035/4539 4803/6029/4539 4804/6030/4539 4714/6036/4539
f 4714/5925/4540 4804/6031/4540 4802/6032/4540 4712/5926/4540
f 4709/5919/4541 4715/5918/4541 4721/5931/4541 4727/5919/4541 4733/5931/4541 4739/5953/4541 4745/5961/4541 4751/5961/4541 4757/5975/4541 4763/5983/4541 4769/5991/4541 4775/5998/4541 4781/6005/4541 4787/6013/4541 4793/6021/4541 4799/5983/4541
f 4710/5912/4542 4713/5921/4542 4719/5920/4542 4716/5913/4542
f 4800/6026/4543 4803/6029/4543 4713/6035/4543 4710/6033/4543
f 4718/5927/4544 4712/5926/4544 4802/6032/4544 4796/6025/4544 4790/6017/4544 4784/6009/4544 4778/5979/4544 4772/5979/4544 4766/5987/4544 4760/5979/4544 4754/5965/4544 4748/5965/4544 4742/5957/4544 4736/5949/4544 4730/5942/4544 4724/5935/4544
f 4716/5913/4545 4719/5920/4545 4725/5932/4545 4722/5928/4545
f 4722/5928/4546 4725/5932/4546 4731/5939/4546 4728/5936/4546
f 4728/5936/4547 4731/5939/4547 4737/5946/4547 4734/5943/4547
f 4734/5943/4548 4737/5946/4548 4743/5954/4548 4740/5950/4548
f 4740/5950/4549 4743/5954/4549 4749/5962/4549 4746/5958/4549
f 4746/5958/4550 4749/5962/4550 4755/5969/4550 4752/5966/4550
f 4752/5966/4551 4755/5969/4551 4761/5976/4551 4758/5972/4551
f 4758/5972/4552 4761/5976/4552 4767/5984/4552 4764/5980/4552
f 4764/5980/4553 4767/5984/4553 4773/5992/4553 4770/5988/4553
f 4770/5988/4554 4773/5992/4554 4779/5999/4554 4776/5995/4554
f 4776/5995/4555 4779/5999/4555 4785/6006/4555 4782/6002/4555
f 4782/6002/4556 4785/6006/4556 4791/6014/4556 4788/6010/4556
f 4788/6010/4557 4791/6014/4557 4797/6022/4557 4794/6018/4557
f 4794/6018/4558 4797/6022/4558 4803/6029/4558 4800/6026/4558
o AssaultRifle_Magazine
v -0.523000 1.970000 -0.982000
v -0.523000 1.982000 -0.970000
v -0.535000 1.982000 -0.982000
v -0.523000 1.973515 -0.973515
v -0.529928 1.975072 -0.975072
v -0.531485 1.982000 -0.973515
v -0.531485 1.973515 -0.982000
v -0.523000 2.138000 -0.970000
v -0.523000 2.150000 -0.982000
v -0.535000 2.138000 -0.982000
v -0.523000 2.146485 -0.973515
v -0.529928 2.144928 -0.975072
v -0.531485 2.146485 -0.982000
v -0.531485 2.138000 -0.973515
v -0.523000 1.970000 -1.018000
v -0.535000 1.982000 -1.018000
v -0.523000 1.982000 -1.030000
v -0.531485 1.973515 -1.018000
v -0.529928 1.975072 -1.024928
v -0.531485 1.982000 -1.026485
v -0.523000 1.973515 -1.026485
v -0.523000 2.150000 -1.018000
v -0.523000 2.138000 -1.030000
v -0.535000 2.138000 -1.018000
v -0.523000 2.146485 -1.026485
v -0.529928 2.144928 -1.024928
v -0.531485 2.138000 -1.026485
v -0.531485 2.146485 -1.018000
v -0.477000 1.970000 -0.982000
v -0.465000 1.982000 -0.982000
v -0.477000 1.982000 -0.970000
v -0.468515 1.973515 -0.982000
v -0.470072 1.975072 -0.975072
v -0.468515 1.982000 -0.973515
v -0.477000 1.973515 -0.973515
v -0.477000 2.150000 -0.982000
v -0.477000 2.138000 -0.970000
v -0.465000 2.138000 -0.982000
v -0.477000 2.146485 -0.973515
v -0.470072 2.144928 -0.975072
v -0.468515 2.138000 -0.973515
v -0.468515 2.146485 -0.982000
v -0.477000 1.970000 -1.018000
v -0.477000 1.982000 -1.030000
v -0.465000 1.982000 -1.018000
v -0.477000 1.973515 -1.026485
v -0.470072 1.975072 -1.024928
v -0.468515 1.982000 -1.026485
v -0.468515 1.973515 -1.018000
v -0.477000 2.150000 -1.018000
v -0.465000 2.138000 -1.018000
v -0.477000 2.138000 -1.030000
v -0.468515 2.146485 -1.018000
v -0.470072 2.144928 -1.024928
v -0.468515 2.138000 -1.026485
v -0.477000 2.146485 -1.026485
vn -0.3251 -0.8881 0.3251
vn -0.3251 -0.3251 0.8881
vn -0.8881 -0.3251 0.3251
vn -0.3251 0.3251 0.8881
vn -0.3251 0.8881 0.3251
vn -0.8881 0.3251 0.3251
vn -0.3251 -0.8881 -0.3251
vn -0.8881 -0.3251 -0.3251
vn -0.3251 -0.3251 -0.8881
vn -0.3251 0.8881 -0.3251
vn -0.3251 0.3251 -0.8881
vn -0.8881 0.3251 -0.3251
vn 0.3251 -0.8881 0.3251
vn 0.8881 -0.3251 0.3251
vn 0.3251 -0.3251 0.8881
vn 0.3251 0.8881 0.3251
vn 0.3251 0.3251 0.8881
vn 0.8881 0.3251 0.3251
vn 0.3251 -0.8881 -0.3251
vn 0.3251 -0.3251 -0.8881
vn 0.8881 -0.3251 -0.3251
vn 0.3251 0.8881 -0.3251
vn 0.8881 0.3251 -0.3251
vn 0.3251 0.3251 -0.8881
vn -0.3827 -0.9239 -0.0000
vn -0.9239 -0.3827 -0.0000
vn -0.3827 -0.0000 0.9239
vn -0.9239 -0.0000 0.3827
vn -0.3827 0.9239 -0.0000
vn -0.9239 0.3827 -0.0000
vn -0.3827 -0.0000 -0.9239
vn -0.9239 -0.0000 -0.3827
vn -0.0000 -0.9239 -0.3827
vn -0.0000 -0.3827 -0.9239
vn -0.0000 0.9239 -0.3827
vn -0.0000 0.3827 -0.9239
vn 0.9239 -0.0000 -0.3827
vn 0.3827 -0.0000 -0.9239
vn 0.3827 -0.9239 -0.0000
vn 0.9239 -0.3827 -0.0000
vn 0.3827 0.9239 -0.0000
vn 0.9239 0.3827 -0.0000
vn 0.3827 -0.0000 0.9239
vn 0.9239 -0.0000 0.3827
vn -0.0000 -0.9239 0.3827
vn -0.0000 -0.3827 0.9239
vn -0.0000 0.9239 0.3827
vn -0.0000 0.3827 0.9239
vn -0.0000 -1.0000 -0.0000
vn -1.0000 -0.0000 -0.0000
vn -0.0000 -0.0000 1.0000
vn -0.0000 1.0000 -0.0000
vn -0.0000 -0.0000 -1.0000
vn 1.0000 -0.0000 -0.0000
vt 0.167857 0.700000
vt 0.167857 0.750000
vt 0.143114 0.750000
vt 0.125000 0.700000
vt 0.391667 0.957143
vt 0.391667 1.000000
vt 0.382044 1.000000
vt 0.375000 0.957143
vt 0.391667 0.050000
vt 0.375000 0.050000
vt 0.375000 0.021132
vt 0.391667 0.000000
vt 0.608333 0.957143
vt 0.625000 0.957143
vt 0.625000 0.981886
vt 0.608333 1.000000
vt 0.832143 0.700000
vt 0.875000 0.700000
vt 0.875000 0.728868
vt 0.832143 0.750000
vt 0.608333 0.050000
vt 0.608333 0.000000
vt 0.617956 0.000000
vt 0.625000 0.050000
vt 0.167857 0.550000
vt 0.125000 0.550000
vt 0.125000 0.521132
vt 0.167857 0.500000
vt 0.391667 0.200000
vt 0.391667 0.250000
vt 0.378522 0.259057
vt 0.375000 0.200000
vt 0.391667 0.292857
vt 0.375000 0.292857
vt 0.832143 0.550000
vt 0.832143 0.500000
vt 0.856887 0.500000
vt 0.875000 0.550000
vt 0.608333 0.292857
vt 0.608333 0.250000
vt 0.621478 0.239434
vt 0.625000 0.292857
vt 0.608333 0.200000
vt 0.625000 0.200000
vt 0.332143 0.700000
vt 0.375000 0.700000
vt 0.377348 0.748994
vt 0.353571 0.771429
vt 0.391667 0.700000
vt 0.391667 0.750000
vt 0.391667 0.792857
vt 0.667857 0.700000
vt 0.646429 0.771429
vt 0.628690 0.742956
vt 0.625000 0.700000
vt 0.608333 0.792857
vt 0.608333 0.750000
vt 0.608333 0.700000
vt 0.332143 0.550000
vt 0.353571 0.478571
vt 0.371310 0.507044
vt 0.375000 0.550000
vt 0.391667 0.457143
vt 0.391667 0.500000
vt 0.391667 0.550000
vt 0.667857 0.550000
vt 0.625000 0.550000
vt 0.622652 0.501006
vt 0.646429 0.478571
vt 0.608333 0.550000
vt 0.608333 0.500000
vt 0.608333 0.457143
s 0
usemtl MAT_Polymer
f 4805/6037/4559 4808/6038/4559 4809/6039/4559 4811/6040/4559
f 4806/6041/4560 4810/6042/4560 4809/6043/4560 4808/6044/4560
f 4807/6045/4561 4811/6046/4561 4809/6047/4561 4810/6048/4561
f 4812/6049/4562 4815/6050/4562 4816/6051/4562 4818/6052/4562
f 4813/6053/4563 4817/6054/4563 4816/6055/4563 4815/6056/4563
f 4814/6057/4564 4818/6058/4564 4816/6059/4564 4817/6060/4564
f 4819/6061/4565 4822/6062/4565 4823/6063/4565 4825/6064/4565
f 4820/6065/4566 4824/6066/4566 4823/6067/4566 4822/6068/4566
f 4821/6069/4567 4825/6070/4567 4823/6067/4567 4824/6066/4567
f 4826/6071/4568 4829/6072/4568 4830/6073/4568 4832/6074/4568
f 4827/6075/4569 4831/6076/4569 4830/6077/4569 4829/6078/4569
f 4828/6079/4570 4832/6080/4570 4830/6077/4570 4831/6076/4570
f 4833/6081/4571 4836/6082/4571 4837/6083/4571 4839/6084/4571
f 4834/6085/4572 4838/6086/4572 4837/6083/4572 4836/6082/4572
f 4835/6087/4573 4839/6084/4573 4837/6083/4573 4838/6086/4573
f 4840/6088/4574 4843/6089/4574 4844/6090/4574 4846/6091/4574
f 4841/6092/4575 4845/6093/4575 4844/6090/4575 4843/6089/4575
f 4842/6094/4576 4846/6091/4576 4844/6090/4576 4845/6093/4576
f 4847/6095/4577 4850/6096/4577 4851/6097/4577 4853/6098/4577
f 4848/6099/4578 4852/6100/4578 4851/6097/4578 4850/6096/4578
f 4849/6101/4579 4853/6098/4579 4851/6097/4579 4852/6100/4579
f 4854/6102/4580 4857/6103/4580 4858/6104/4580 4860/6105/4580
f 4855/6106/4581 4859/6107/4581 4858/6104/4581 4857/6103/4581
f 4856/6108/4582 4860/6105/4582 4858/6104/4582 4859/6107/4582
f 4819/6061/4583 4805/6037/4583 4811/6040/4583 4822/6062/4583
f 4822/6068/4584 4811/6046/4584 4807/6045/4584 4820/6065/4584
f 4806/6041/4585 4812/6049/4585 4818/6052/4585 4810/6042/4585
f 4810/6048/4586 4818/6058/4586 4814/6057/4586 4807/6045/4586
f 4813/6053/4587 4826/6071/4587 4832/6074/4587 4817/6054/4587
f 4817/6060/4588 4832/6080/4588 4828/6079/4588 4814/6057/4588
f 4827/6075/4589 4821/6069/4589 4824/6066/4589 4831/6076/4589
f 4831/6076/4590 4824/6066/4590 4820/6065/4590 4828/6079/4590
f 4847/6095/4591 4819/6061/4591 4825/6064/4591 4850/6096/4591
f 4850/6096/4592 4825/6070/4592 4821/6069/4592 4848/6099/4592
f 4826/6071/4593 4854/6102/4593 4860/6105/4593 4829/6072/4593
f 4829/6078/4594 4860/6105/4594 4856/6108/4594 4827/6075/4594
f 4855/6106/4595 4849/6101/4595 4852/6100/4595 4859/6107/4595
f 4859/6107/4596 4852/6100/4596 4848/6099/4596 4856/6108/4596
f 4833/6081/4597 4847/6095/4597 4853/6098/4597 4836/6082/4597
f 4836/6082/4598 4853/6098/4598 4849/6101/4598 4834/6085/4598
f 4854/6102/4599 4840/6088/4599 4846/6091/4599 4857/6103/4599
f 4857/6103/4600 4846/6091/4600 4842/6094/4600 4855/6106/4600
f 4841/6092/4601 4835/6087/4601 4838/6086/4601 4845/6093/4601
f 4845/6093/4602 4838/6086/4602 4834/6085/4602 4842/6094/4602
f 4805/6037/4603 4833/6081/4603 4839/6084/4603 4808/6038/4603
f 4808/6044/4604 4839/6084/4604 4835/6087/4604 4806/6041/4604
f 4840/6088/4605 4813/6053/4605 4815/6056/4605 4843/6089/4605
f 4843/6089/4606 4815/6050/4606 4812/6049/4606 4841/6092/4606
f 4819/6061/4607 4847/6095/4607 4833/6081/4607 4805/6037/4607
f 4807/6045/4608 4814/6057/4608 4828/6079/4608 4820/6065/4608
f 4835/6087/4609 4841/6092/4609 4812/6049/4609 4806/6041/4609
f 4854/6102/4610 4826/6071/4610 4813/6053/4610 4840/6088/4610
f 4821/6069/4611 4827/6075/4611 4856/6108/4611 4848/6099/4611
f 4849/6101/4612 4855/6106/4612 4842/6094/4612 4834/6085/4612
o Shotgun_Body
v 0.206000 2.100000 -0.977000
v 0.206000 2.112000 -0.965000
v 0.194000 2.112000 -0.977000
v 0.206000 2.103515 -0.968515
v 0.199072 2.105072 -0.970072
v 0.197515 2.112000 -0.968515
v 0.197515 2.103515 -0.977000
v 0.206000 2.188000 -0.965000
v 0.206000 2.200000 -0.977000
v 0.194000 2.188000 -0.977000
v 0.206000 2.196485 -0.968515
v 0.199072 2.194928 -0.970072
v 0.197515 2.196485 -0.977000
v 0.197515 2.188000 -0.968515
v 0.206000 2.100000 -1.023000
v 0.194000 2.112000 -1.023000
v 0.206000 2.112000 -1.035000
v 0.197515 2.103515 -1.023000
v 0.199072 2.105072 -1.029928
v 0.197515 2.112000 -1.031485
v 0.206000 2.103515 -1.031485
v 0.206000 2.200000 -1.023000
v 0.206000 2.188000 -1.035000
v 0.194000 2.188000 -1.023000
v 0.206000 2.196485 -1.031485
v 0.199072 2.194928 -1.029928
v 0.197515 2.188000 -1.031485
v 0.197515 2.196485 -1.023000
v 0.794000 2.100000 -0.977000
v 0.806000 2.112000 -0.977000
v 0.794000 2.112000 -0.965000
v 0.802485 2.103515 -0.977000
v 0.800928 2.105072 -0.970072
v 0.802485 2.112000 -0.968515
v 0.794000 2.103515 -0.968515
v 0.794000 2.200000 -0.977000
v 0.794000 2.188000 -0.965000
v 0.806000 2.188000 -0.977000
v 0.794000 2.196485 -0.968515
v 0.800928 2.194928 -0.970072
v 0.802485 2.188000 -0.968515
v 0.802485 2.196485 -0.977000
v 0.794000 2.100000 -1.023000
v 0.794000 2.112000 -1.035000
v 0.806000 2.112000 -1.023000
v 0.794000 2.103515 -1.031485
v 0.800928 2.105072 -1.029928
v 0.802485 2.112000 -1.031485
v 0.802485 2.103515 -1.023000
v 0.794000 2.200000 -1.023000
v 0.806000 2.188000 -1.023000
v 0.794000 2.188000 -1.035000
v 0.802485 2.196485 -1.023000
v 0.800928 2.194928 -1.029928
v 0.802485 2.188000 -1.031485
v 0.794000 2.196485 -1.031485
vn -0.3251 -0.8881 0.3251
vn -0.3251 -0.3251 0.8881
vn -0.8881 -0.3251 0.3251
vn -0.3251 0.3251 0.8881
vn -0.3251 0.8881 0.3251
vn -0.8881 0.3251 0.3251
vn -0.3251 -0.8881 -0.3251
vn -0.8881 -0.3251 -0.3251
vn -0.3251 -0.3251 -0.8881
vn -0.3251 0.8881 -0.3251
vn -0.3251 0.3251 -0.8881
vn -0.8881 0.3251 -0.3251
vn 0.3251 -0.8881 0.3251
vn 0.8881 -0.3251 0.3251
vn 0.3251 -0.3251 0.8881
vn 0.3251 0.8881 0.3251
vn 0.3251 0.3251 0.8881
vn 0.8881 0.3251 0.3251
vn 0.3251 -0.8881 -0.3251
vn 0.3251 -0.3251 -0.8881
vn 0.8881 -0.3251 -0.3251
vn 0.3251 0.8881 -0.3251
vn 0.8881 0.3251 -0.3251
vn 0.3251 0.3251 -0.8881
vn -0.3827 -0.9239 -0.0000
vn -0.9239 -0.3827 -0.0000
vn -0.3827 -0.0000 0.9239
vn -0.9239 -0.0000 0.3827
vn -0.3827 0.9239 -0.0000
vn -0.9239 0.3827 -0.0000
vn -0.3827 -0.0000 -0.9239
vn -0.9239 -0.0000 -0.3827
vn -0.0000 -0.9239 -0.3827
vn -0.0000 -0.3827 -0.9239
vn -0.0000 0.9239 -0.3827
vn -0.0000 0.3827 -0.9239
vn 0.9239 -0.0000 -0.3827
vn 0.3827 -0.0000 -0.9239
vn 0.3827 -0.9239 -0.0000
vn 0.9239 -0.3827 -0.0000
vn 0.3827 0.9239 -0.0000
vn 0.9239 0.3827 -0.0000
vn 0.3827 -0.0000 0.9239
vn 0.9239 -0.0000 0.3827
vn -0.0000 -0.9239 0.3827
vn -0.0000 -0.3827 0.9239
vn -0.0000 0.9239 0.3827
vn -0.0000 0.3827 0.9239
vn -0.0000 -1.0000 -0.0000
vn -1.0000 -0.0000 -0.0000
vn -0.0000 -0.0000 1.0000
vn -0.0000 1.0000 -0.0000
vn -0.0000 -0.0000 -1.0000
vn 1.0000 -0.0000 -0.0000
vt 0.129902 0.707143
vt 0.129902 0.750000
vt 0.127072 0.750000
vt 0.125000 0.707143
vt 0.405000 0.995098
vt 0.405000 1.000000
vt 0.387679 1.000000
vt 0.375000 0.995098
vt 0.405000 0.042857
vt 0.375000 0.042857
vt 0.375000 0.018114
vt 0.405000 0.000000
vt 0.595000 0.995098
vt 0.625000 0.995098
vt 0.625000 0.997928
vt 0.595000 1.000000
vt 0.870098 0.707143
vt 0.875000 0.707143
vt 0.875000 0.731886
vt 0.870098 0.750000
vt 0.595000 0.042857
vt 0.595000 0.000000
vt 0.612321 0.000000
vt 0.625000 0.042857
vt 0.129902 0.542857
vt 0.125000 0.542857
vt 0.125000 0.518114
vt 0.129902 0.500000
vt 0.405000 0.207143
vt 0.405000 0.250000
vt 0.381340 0.251036
vt 0.375000 0.207143
vt 0.405000 0.254902
vt 0.375000 0.254902
vt 0.870098 0.542857
vt 0.870098 0.500000
vt 0.872928 0.500000
vt 0.875000 0.542857
vt 0.595000 0.254902
vt 0.595000 0.250000
vt 0.618660 0.240943
vt 0.625000 0.254902
vt 0.595000 0.207143
vt 0.625000 0.207143
vt 0.370098 0.707143
vt 0.375000 0.707143
vt 0.379227 0.744653
vt 0.372549 0.752451
vt 0.405000 0.707143
vt 0.405000 0.750000
vt 0.405000 0.754902
vt 0.629902 0.707143
vt 0.627451 0.752451
vt 0.621464 0.743962
vt 0.625000 0.707143
vt 0.595000 0.754902
vt 0.595000 0.750000
vt 0.595000 0.707143
vt 0.370098 0.542857
vt 0.372549 0.497549
vt 0.378536 0.506038
vt 0.375000 0.542857
vt 0.405000 0.495098
vt 0.405000 0.500000
vt 0.405000 0.542857
vt 0.629902 0.542857
vt 0.625000 0.542857
vt 0.620774 0.505347
vt 0.627451 0.497549
vt 0.595000 0.542857
vt 0.595000 0.500000
vt 0.595000 0.495098
s 0
usemtl MAT_Polymer
f 4861/6109/4613 4864/6110/4613 4865/6111/4613 4867/6112/4613
f 4862/6113/4614 4866/6114/4614 4865/6115/4614 4864/6116/4614
f 4863/6117/4615 4867/6118/4615 4865/6119/4615 4866/6120/4615
f 4868/6121/4616 4871/6122/4616 4872/6123/4616 4874/6124/4616
f 4869/6125/4617 4873/6126/4617 4872/6127/4617 4871/6128/4617
f 4870/6129/4618 4874/6130/4618 4872/6131/4618 4873/6132/4618
f 4875/6133/4619 4878/6134/4619 4879/6135/4619 4881/6136/4619
f 4876/6137/4620 4880/6138/4620 4879/6139/4620 4878/6140/4620
f 4877/6141/4621 4881/6142/4621 4879/6139/4621 4880/6138/4621
f 4882/6143/4622 4885/6144/4622 4886/6145/4622 4888/6146/4622
f 4883/6147/4623 4887/6148/4623 4886/6149/4623 4885/6150/4623
f 4884/6151/4624 4888/6152/4624 4886/6149/4624 4887/6148/4624
f 4889/6153/4625 4892/6154/4625 4893/6155/4625 4895/6156/4625
f 4890/6157/4626 4894/6158/4626 4893/6155/4626 4892/6154/4626
f 4891/6159/4627 4895/6156/4627 4893/6155/4627 4894/6158/4627
f 4896/6160/4628 4899/6161/4628 4900/6162/4628 4902/6163/4628
f 4897/6164/4629 4901/6165/4629 4900/6162/4629 4899/6161/4629
f 4898/6166/4630 4902/6163/4630 4900/6162/4630 4901/6165/4630
f 4903/6167/4631 4906/6168/4631 4907/6169/4631 4909/6170/4631
f 4904/6171/4632 4908/6172/4632 4907/6169/4632 4906/6168/4632
f 4905/6173/4633 4909/6170/4633 4907/6169/4633 4908/6172/4633
f 4910/6174/4634 4913/6175/4634 4914/6176/4634 4916/6177/4634
f 4911/6178/4635 4915/6179/4635 4914/6176/4635 4913/6175/4635
f 4912/6180/4636 4916/6177/4636 4914/6176/4636 4915/6179/4636
f 4875/6133/4637 4861/6109/4637 4867/6112/4637 4878/6134/4637
f 4878/6140/4638 4867/6118/4638 4863/6117/4638 4876/6137/4638
f 4862/6113/4639 4868/6121/4639 4874/6124/4639 4866/6114/4639
f 4866/6120/4640 4874/6130/4640 4870/6129/4640 4863/6117/4640
f 4869/6125/4641 4882/6143/4641 4888/6146/4641 4873/6126/4641
f 4873/6132/4642 4888/6152/4642 4884/6151/4642 4870/6129/4642
f 4883/6147/4643 4877/6141/4643 4880/6138/4643 4887/6148/4643
f 4887/6148/4644 4880/6138/4644 4876/6137/4644 4884/6151/4644
f 4903/6167/4645 4875/6133/4645 4881/6136/4645 4906/6168/4645
f 4906/6168/4646 4881/6142/4646 4877/6141/4646 4904/6171/4646
f 4882/6143/4647 4910/6174/4647 4916/6177/4647 4885/6144/4647
f 4885/6150/4648 4916/6177/4648 4912/6180/4648 4883/6147/4648
f 4911/6178/4649 4905/6173/4649 4908/6172/4649 4915/6179/4649
f 4915/6179/4650 4908/6172/4650 4904/6171/4650 4912/6180/4650
f 4889/6153/4651 4903/6167/4651 4909/6170/4651 4892/6154/4651
f 4892/6154/4652 4909/6170/4652 4905/6173/4652 4890/6157/4652
f 4910/6174/4653 4896/6160/4653 4902/6163/4653 4913/6175/4653
f 4913/6175/4654 4902/6163/4654 4898/6166/4654 4911/6178/4654
f 4897/6164/4655 4891/6159/4655 4894/6158/4655 4901/6165/4655
f 4901/6165/4656 4894/6158/4656 4890/6157/4656 4898/6166/4656
f 4861/6109/4657 4889/6153/4657 4895/6156/4657 4864/6110/4657
f 4864/6116/4658 4895/6156/4658 4891/6159/4658 4862/6113/4658
f 4896/6160/4659 4869/6125/4659 4871/6128/4659 4899/6161/4659
f 4899/6161/4660 4871/6122/4660 4868/6121/4660 4897/6164/4660
f 4875/6133/4661 4903/6167/4661 4889/6153/4661 4861/6109/4661
f 4863/6117/4662 4870/6129/4662 4884/6151/4662 4876/6137/4662
f 4891/6159/4663 4897/6164/4663 4868/6121/4663 4862/6113/4663
f 4910/6174/4664 4882/6143/4664 4869/6125/4664 4896/6160/4664
f 4877/6141/4665 4883/6147/4665 4912/6180/4665 4904/6171/4665
f 4905/6173/4666 4911/6178/4666 4898/6166/4666 4890/6157/4666
o Shotgun_Stock
v -0.056200 2.085000 -0.975000
v -0.056200 2.100000 -0.960000
v -0.071200 2.100000 -0.975000
v -0.056200 2.089394 -0.964393
v -0.064860 2.091340 -0.966340
v -0.066807 2.100000 -0.964393
v -0.066807 2.089394 -0.975000
v -0.056200 2.200000 -0.960000
v -0.056200 2.215000 -0.975000
v -0.071200 2.200000 -0.975000
v -0.056200 2.210607 -0.964393
v -0.064860 2.208660 -0.966340
v -0.066807 2.210607 -0.975000
v -0.066807 2.200000 -0.964393
v -0.056200 2.085000 -1.025000
v -0.071200 2.100000 -1.025000
v -0.056200 2.100000 -1.040000
v -0.066807 2.089394 -1.025000
v -0.064860 2.091340 -1.033660
v -0.066807 2.100000 -1.035607
v -0.056200 2.089394 -1.035607
v -0.056200 2.215000 -1.025000
v -0.056200 2.200000 -1.040000
v -0.071200 2.200000 -1.025000
v -0.056200 2.210607 -1.035607
v -0.064860 2.208660 -1.033660
v -0.066807 2.200000 -1.035607
v -0.066807 2.210607 -1.025000
v 0.199400 2.085000 -0.975000
v 0.214400 2.100000 -0.975000
v 0.199400 2.100000 -0.960000
v 0.210007 2.089394 -0.975000
v 0.208060 2.091340 -0.966340
v 0.210007 2.100000 -0.964393
v 0.199400 2.089394 -0.964393
v 0.199400 2.215000 -0.975000
v 0.199400 2.200000 -0.960000
v 0.214400 2.200000 -0.975000
v 0.199400 2.210607 -0.964393
v 0.208060 2.208660 -0.966340
v 0.210007 2.200000 -0.964393
v 0.210007 2.210607 -0.975000
v 0.199400 2.085000 -1.025000
v 0.199400 2.100000 -1.040000
v 0.214400 2.100000 -1.025000
v 0.199400 2.089394 -1.035607
v 0.208060 2.091340 -1.033660
v 0.210007 2.100000 -1.035607
v 0.210007 2.089394 -1.025000
v 0.199400 2.215000 -1.025000
v 0.214400 2.200000 -1.025000
v 0.199400 2.200000 -1.040000
v 0.210007 2.210607 -1.025000
v 0.208060 2.208660 -1.033660
v 0.210007 2.200000 -1.035607
v 0.199400 2.210607 -1.035607
vn -0.3251 -0.8881 0.3251
vn -0.3251 -0.3251 0.8881
vn -0.8881 -0.3251 0.3251
vn -0.3251 0.3251 0.8881
vn -0.3251 0.8881 0.3251
vn -0.8881 0.3251 0.3251
vn -0.3251 -0.8881 -0.3251
vn -0.8881 -0.3251 -0.3251
vn -0.3251 -0.3251 -0.8881
vn -0.3251 0.8881 -0.3251
vn -0.3251 0.3251 -0.8881
vn -0.8881 0.3251 -0.3251
vn 0.3251 -0.8881 0.3251
vn 0.8881 -0.3251 0.3251
vn 0.3251 -0.3251 0.8881
vn 0.3251 0.8881 0.3251
vn 0.3251 0.3251 0.8881
vn 0.8881 0.3251 0.3251
vn 0.3251 -0.8881 -0.3251
vn 0.3251 -0.3251 -0.8881
vn 0.8881 -0.3251 -0.3251
vn 0.3251 0.8881 -0.3251
vn 0.8881 0.3251 -0.3251
vn 0.3251 0.3251 -0.8881
vn -0.3827 -0.9239 -0.0000
vn -0.9239 -0.3827 -0.0000
vn -0.3827 -0.0000 0.9239
vn -0.9239 -0.0000 0.3827
vn -0.3827 0.9239 -0.0000
vn -0.9239 0.3827 -0.0000
vn -0.3827 -0.0000 -0.9239
vn -0.9239 -0.0000 -0.3827
vn -0.0000 -0.9239 -0.3827
vn -0.0000 -0.3827 -0.9239
vn -0.0000 0.9239 -0.3827
vn -0.0000 0.3827 -0.9239
vn 0.9239 -0.0000 -0.3827
vn 0.3827 -0.0000 -0.9239
vn 0.3827 -0.9239 -0.0000
vn 0.9239 -0.3827 -0.0000
vn 0.3827 0.9239 -0.0000
vn 0.9239 0.3827 -0.0000
vn 0.3827 -0.0000 0.9239
vn 0.9239 -0.0000 0.3827
vn -0.0000 -0.9239 0.3827
vn -0.0000 -0.3827 0.9239
vn -0.0000 0.9239 0.3827
vn -0.0000 0.3827 0.9239
vn -0.0000 -1.0000 -0.0000
vn -1.0000 -0.0000 -0.0000
vn -0.0000 -0.0000 1.0000
vn -0.0000 1.0000 -0.0000
vn -0.0000 -0.0000 -1.0000
vn 1.0000 -0.0000 -0.0000
vt 0.138130 0.703125
vt 0.138130 0.750000
vt 0.130549 0.750000
vt 0.125000 0.703125
vt 0.403846 0.986870
vt 0.403846 1.000000
vt 0.387192 1.000000
vt 0.375000 0.986870
vt 0.403846 0.046875
vt 0.375000 0.046875
vt 0.375000 0.019812
vt 0.403846 0.000000
vt 0.596154 0.986870
vt 0.625000 0.986870
vt 0.625000 0.994451
vt 0.596154 1.000000
vt 0.861870 0.703125
vt 0.875000 0.703125
vt 0.875000 0.730188
vt 0.861870 0.750000
vt 0.596154 0.046875
vt 0.596154 0.000000
vt 0.612808 0.000000
vt 0.625000 0.046875
vt 0.138130 0.546875
vt 0.125000 0.546875
vt 0.125000 0.519812
vt 0.138130 0.500000
vt 0.403846 0.203125
vt 0.403846 0.250000
vt 0.381096 0.252775
vt 0.375000 0.203125
vt 0.403846 0.263130
vt 0.375000 0.263130
vt 0.861870 0.546875
vt 0.861870 0.500000
vt 0.869451 0.500000
vt 0.875000 0.546875
vt 0.596154 0.263130
vt 0.596154 0.250000
vt 0.618904 0.240094
vt 0.625000 0.263130
vt 0.596154 0.203125
vt 0.625000 0.203125
vt 0.361870 0.703125
vt 0.375000 0.703125
vt 0.379064 0.745246
vt 0.368435 0.756565
vt 0.403846 0.703125
vt 0.403846 0.750000
vt 0.403846 0.763130
vt 0.638130 0.703125
vt 0.631565 0.756565
vt 0.622786 0.743396
vt 0.625000 0.703125
vt 0.596154 0.763130
vt 0.596154 0.750000
vt 0.596154 0.703125
vt 0.361870 0.546875
vt 0.368435 0.493435
vt 0.377214 0.506604
vt 0.375000 0.546875
vt 0.403846 0.486870
vt 0.403846 0.500000
vt 0.403846 0.546875
vt 0.638130 0.546875
vt 0.625000 0.546875
vt 0.620936 0.504754
vt 0.631565 0.493435
vt 0.596154 0.546875
vt 0.596154 0.500000
vt 0.596154 0.486870
s 0
usemtl MAT_Polymer
f 4917/6181/4667 4920/6182/4667 4921/6183/4667 4923/6184/4667
f 4918/6185/4668 4922/6186/4668 4921/6187/4668 4920/6188/4668
f 4919/6189/4669 4923/6190/4669 4921/6191/4669 4922/6192/4669
f 4924/6193/4670 4927/6194/4670 4928/6195/4670 4930/6196/4670
f 4925/6197/4671 4929/6198/4671 4928/6199/4671 4927/6200/4671
f 4926/6201/4672 4930/6202/4672 4928/6203/4672 4929/6204/4672
f 4931/6205/4673 4934/6206/4673 4935/6207/4673 4937/6208/4673
f 4932/6209/4674 4936/6210/4674 4935/6211/4674 4934/6212/4674
f 4933/6213/4675 4937/6214/4675 4935/6211/4675 4936/6210/4675
f 4938/6215/4676 4941/6216/4676 4942/6217/4676 4944/6218/4676
f 4939/6219/4677 4943/6220/4677 4942/6221/4677 4941/6222/4677
f 4940/6223/4678 4944/6224/4678 4942/6221/4678 4943/6220/4678
f 4945/6225/4679 4948/6226/4679 4949/6227/4679 4951/6228/4679
f 4946/6229/4680 4950/6230/4680 4949/6227/4680 4948/6226/4680
f 4947/6231/4681 4951/6228/4681 4949/6227/4681 4950/6230/4681
f 4952/6232/4682 4955/6233/4682 4956/6234/4682 4958/6235/4682
f 4953/6236/4683 4957/6237/4683 4956/6234/4683 4955/6233/4683
f 4954/6238/4684 4958/6235/4684 4956/6234/4684 4957/6237/4684
f 4959/6239/4685 4962/6240/4685 4963/6241/4685 4965/6242/4685
f 4960/6243/4686 4964/6244/4686 4963/6241/4686 4962/6240/4686
f 4961/6245/4687 4965/6242/4687 4963/6241/4687 4964/6244/4687
f 4966/6246/4688 4969/6247/4688 4970/6248/4688 4972/6249/4688
f 4967/6250/4689 4971/6251/4689 4970/6248/4689 4969/6247/4689
f 4968/6252/4690 4972/6249/4690 4970/6248/4690 4971/6251/4690
f 4931/6205/4691 4917/6181/4691 4923/6184/4691 4934/6206/4691
f 4934/6212/4692 4923/6190/4692 4919/6189/4692 4932/6209/4692
f 4918/6185/4693 4924/6193/4693 4930/6196/4693 4922/6186/4693
f 4922/6192/4694 4930/6202/4694 4926/6201/4694 4919/6189/4694
f 4925/6197/4695 4938/6215/4695 4944/6218/4695 4929/6198/4695
f 4929/6204/4696 4944/6224/4696 4940/6223/4696 4926/6201/4696
f 4939/6219/4697 4933/6213/4697 4936/6210/4697 4943/6220/4697
f 4943/6220/4698 4936/6210/4698 4932/6209/4698 4940/6223/4698
f 4959/6239/4699 4931/6205/4699 4937/6208/4699 4962/6240/4699
f 4962/6240/4700 4937/6214/4700 4933/6213/4700 4960/6243/4700
f 4938/6215/4701 4966/6246/4701 4972/6249/4701 4941/6216/4701
f 4941/6222/4702 4972/6249/4702 4968/6252/4702 4939/6219/4702
f 4967/6250/4703 4961/6245/4703 4964/6244/4703 4971/6251/4703
f 4971/6251/4704 4964/6244/4704 4960/6243/4704 4968/6252/4704
f 4945/6225/4705 4959/6239/4705 4965/6242/4705 4948/6226/4705
f 4948/6226/4706 4965/6242/4706 4961/6245/4706 4946/6229/4706
f 4966/6246/4707 4952/6232/4707 4958/6235/4707 4969/6247/4707
f 4969/6247/4708 4958/6235/4708 4954/6238/4708 4967/6250/4708
f 4953/6236/4709 4947/6231/4709 4950/6230/4709 4957/6237/4709
f 4957/6237/4710 4950/6230/4710 4946/6229/4710 4954/6238/4710
f 4917/6181/4711 4945/6225/4711 4951/6228/4711 4920/6182/4711
f 4920/6188/4712 4951/6228/4712 4947/6231/4712 4918/6185/4712
f 4952/6232/4713 4925/6197/4713 4927/6200/4713 4955/6233/4713
f 4955/6233/4714 4927/6194/4714 4924/6193/4714 4953/6236/4714
f 4931/6205/4715 4959/6239/4715 4945/6225/4715 4917/6181/4715
f 4919/6189/4716 4926/6201/4716 4940/6223/4716 4932/6209/4716
f 4947/6231/4717 4953/6236/4717 4924/6193/4717 4918/6185/4717
f 4966/6246/4718 4938/6215/4718 4925/6197/4718 4952/6232/4718
f 4933/6213/4719 4939/6219/4719 4968/6252/4719 4960/6243/4719
f 4961/6245/4720 4967/6250/4720 4954/6238/4720 4946/6229/4720
o Shotgun_Barrel
v 0.738600 2.150000 -1.000000
v 0.750369 2.150000 -1.012000
v 0.742047 2.150000 -1.008485
v 1.138600 2.150000 -1.000000
v 1.126831 2.150000 -1.012000
v 1.135153 2.150000 -1.008485
v 0.738600 2.150000 -1.000000
v 0.750369 2.145408 -1.011087
v 0.742047 2.146753 -1.007839
v 1.138600 2.150000 -1.000000
v 1.126831 2.145408 -1.011087
v 1.135153 2.146753 -1.007839
v 0.738600 2.150000 -1.000000
v 0.750369 2.141515 -1.008485
v 0.742047 2.144000 -1.006000
v 1.138600 2.150000 -1.000000
v 1.126831 2.141515 -1.008485
v 1.135153 2.144000 -1.006000
v 0.738600 2.150000 -1.000000
v 0.750369 2.138914 -1.004592
v 0.742047 2.142161 -1.003247
v 1.138600 2.150000 -1.000000
v 1.126831 2.138914 -1.004592
v 1.135153 2.142161 -1.003247
v 0.738600 2.150000 -1.000000
v 0.750369 2.138000 -1.000000
v 0.742047 2.141515 -1.000000
v 1.138600 2.150000 -1.000000
v 1.126831 2.138000 -1.000000
v 1.135153 2.141515 -1.000000
v 0.738600 2.150000 -1.000000
v 0.750369 2.138914 -0.995408
v 0.742047 2.142161 -0.996753
v 1.138600 2.150000 -1.000000
v 1.126831 2.138914 -0.995408
v 1.135153 2.142161 -0.996753
v 0.738600 2.150000 -1.000000
v 0.750369 2.141515 -0.991515
v 0.742047 2.144000 -0.994000
v 1.138600 2.150000 -1.000000
v 1.126831 2.141515 -0.991515
v 1.135153 2.144000 -0.994000
v 0.738600 2.150000 -1.000000
v 0.750369 2.145408 -0.988913
v 0.742047 2.146753 -0.992161
v 1.138600 2.150000 -1.000000
v 1.126831 2.145408 -0.988913
v 1.135153 2.146753 -0.992161
v 0.738600 2.150000 -1.000000
v 0.750369 2.150000 -0.988000
v 0.742047 2.150000 -0.991515
v 1.138600 2.150000 -1.000000
v 1.126831 2.150000 -0.988000
v 1.135153 2.150000 -0.991515
v 0.738600 2.150000 -1.000000
v 0.750369 2.154592 -0.988913
v 0.742047 2.153247 -0.992161
v 1.138600 2.150000 -1.000000
v 1.126831 2.154592 -0.988913
v 1.135153 2.153247 -0.992161
v 0.738600 2.150000 -1.000000
v 0.750369 2.158485 -0.991515
v 0.742047 2.156000 -0.994000
v 1.138600 2.150000 -1.000000
v 1.126831 2.158485 -0.991515
v 1.135153 2.156000 -0.994000
v 0.738600 2.150000 -1.000000
v 0.750369 2.161087 -0.995408
v 0.742047 2.157840 -0.996753
v 1.138600 2.150000 -1.000000
v 1.126831 2.161087 -0.995408
v 1.135153 2.157840 -0.996753
v 0.738600 2.150000 -1.000000
v 0.750369 2.162000 -1.000000
v 0.742047 2.158485 -1.000000
v 1.138600 2.150000 -1.000000
v 1.126831 2.162000 -1.000000
v 1.135153 2.158485 -1.000000
v 0.738600 2.150000 -1.000000
v 0.750369 2.161087 -1.004592
v 0.742047 2.157840 -1.003247
v 1.138600 2.150000 -1.000000
v 1.126831 2.161087 -1.004592
v 1.135153 2.157840 -1.003247
v 0.738600 2.150000 -1.000000
v 0.750369 2.158485 -1.008485
v 0.742047 2.156000 -1.006000
v 1.138600 2.150000 -1.000000
v 1.126831 2.158485 -1.008485
v 1.135153 2.156000 -1.006000
v 0.738600 2.150000 -1.000000
v 0.750369 2.154592 -1.011087
v 0.742047 2.153247 -1.007839
v 1.138600 2.150000 -1.000000
v 1.126831 2.154592 -1.011087
v 1.135153 2.153247 -1.007839
vn -0.3827 -0.1802 -0.9061
vn -0.9239 -0.0747 -0.3753
vn 0.3827 -0.1802 -0.9061
vn 0.9239 -0.0747 -0.3753
vn -0.3827 -0.5133 -0.7682
vn -0.9239 -0.2126 -0.3182
vn 0.3827 -0.5133 -0.7682
vn 0.9239 -0.2126 -0.3182
vn -0.3827 -0.7682 -0.5133
vn -0.9239 -0.3182 -0.2126
vn 0.3827 -0.7682 -0.5133
vn 0.9239 -0.3182 -0.2126
vn -0.3827 -0.9061 -0.1802
vn -0.9239 -0.3753 -0.0747
vn 0.3827 -0.9061 -0.1802
vn 0.9239 -0.3753 -0.0747
vn -0.3827 -0.9061 0.1802
vn -0.9239 -0.3753 0.0747
vn 0.3827 -0.9061 0.1802
vn 0.9239 -0.3753 0.0747
vn -0.3827 -0.7682 0.5133
vn -0.9239 -0.3182 0.2126
vn 0.3827 -0.7682 0.5133
vn 0.9239 -0.3182 0.2126
vn -0.3827 -0.5133 0.7682
vn -0.9239 -0.2126 0.3182
vn 0.3827 -0.5133 0.7682
vn 0.9239 -0.2126 0.3182
vn -0.3827 -0.1802 0.9061
vn -0.9239 -0.0747 0.3753
vn 0.3827 -0.1802 0.9061
vn 0.9239 -0.0747 0.3753
vn -0.3827 0.1802 0.9061
vn -0.9239 0.0747 0.3753
vn 0.3827 0.1802 0.9061
vn 0.9239 0.0747 0.3753
vn -0.3827 0.5133 0.7682
vn -0.9239 0.2126 0.3182
vn 0.3827 0.5133 0.7682
vn 0.9239 0.2126 0.3182
vn -0.3827 0.7682 0.5133
vn -0.9239 0.3182 0.2126
vn 0.3827 0.7682 0.5133
vn 0.9239 0.3182 0.2126
vn -0.3827 0.9061 0.1802
vn -0.9239 0.3753 0.0747
vn 0.3827 0.9061 0.1802
vn 0.9239 0.3753 0.0747
vn -0.3827 0.9061 -0.1802
vn -0.9239 0.3753 -0.0747
vn 0.3827 0.9061 -0.1802
vn 0.9239 0.3753 -0.0747
vn -0.3827 0.7682 -0.5133
vn -0.9239 0.3182 -0.2126
vn 0.3827 0.7682 -0.5133
vn 0.9239 0.3182 -0.2126
vn -0.3827 0.5133 -0.7682
vn -0.9239 0.2126 -0.3182
vn 0.3827 0.5133 -0.7682
vn 0.9239 0.2126 -0.3182
vn -0.3827 0.1802 -0.9061
vn -0.9239 0.0747 -0.3753
vn 0.3827 0.1802 -0.9061
vn 0.9239 0.0747 -0.3753
vn -0.4712 -0.8820 -0.0000
vn -0.0000 -0.1951 -0.9808
vn -0.0000 0.1951 -0.9808
vn 0.2580 0.9661 -0.0000
vn -0.0000 -0.5556 -0.8315
vn -0.0000 -0.8315 -0.5556
vn -0.0000 -0.9808 -0.1951
vn -0.0000 -0.9808 0.1951
vn -0.0000 -0.8315 0.5556
vn -0.0000 -0.5556 0.8315
vn -0.0000 -0.1951 0.9808
vn -0.0000 0.1951 0.9808
vn -0.0000 0.5556 0.8315
vn -0.0000 0.8315 0.5556
vn -0.0000 0.9808 0.1951
vn -0.0000 0.9808 -0.1951
vn -0.0000 0.8315 -0.5556
vn -0.0000 0.5556 -0.8315
vt 1.000000 0.514712
vt 0.937500 0.514712
vt 0.937500 0.500000
vt 0.990847 0.500000
vt 0.750000 0.487325
vt 0.840820 0.469259
vt 0.750000 0.250000
vt 0.750000 0.250000
vt 0.937500 0.985288
vt 1.000000 0.985288
vt 0.990847 1.000000
vt 0.937500 1.000000
vt 0.340820 0.469259
vt 0.250000 0.487325
vt 0.250000 0.250000
vt 0.250000 0.250000
vt 0.875000 0.514712
vt 0.875000 0.500000
vt 0.917814 0.417814
vt 0.750000 0.250000
vt 0.875000 0.985288
vt 0.875000 1.000000
vt 0.417814 0.417814
vt 0.250000 0.250000
vt 0.812500 0.514712
vt 0.812500 0.500000
vt 0.969259 0.340820
vt 0.812500 0.985288
vt 0.812500 1.000000
vt 0.469259 0.340820
vt 0.250000 0.250000
vt 0.750000 0.514712
vt 0.750000 0.500000
vt 0.987325 0.250000
vt 0.750000 0.985288
vt 0.750000 1.000000
vt 0.487325 0.250000
vt 0.250000 0.250000
vt 0.687500 0.514712
vt 0.687500 0.500000
vt 0.969259 0.159180
vt 0.750000 0.250000
vt 0.687500 0.985288
vt 0.687500 1.000000
vt 0.469259 0.159180
vt 0.250000 0.250000
vt 0.625000 0.514712
vt 0.625000 0.500000
vt 0.917814 0.082186
vt 0.750000 0.250000
vt 0.625000 0.985288
vt 0.625000 1.000000
vt 0.417814 0.082186
vt 0.250000 0.250000
vt 0.562500 0.514712
vt 0.562500 0.500000
vt 0.840820 0.030741
vt 0.562500 0.985288
vt 0.562500 1.000000
vt 0.340820 0.030741
vt 0.500000 0.514712
vt 0.500000 0.500000
vt 0.750000 0.012675
vt 0.750000 0.250000
vt 0.500000 0.985288
vt 0.500000 1.000000
vt 0.250000 0.012675
vt 0.250000 0.250000
vt 0.437500 0.514712
vt 0.437500 0.500000
vt 0.659180 0.030741
vt 0.750000 0.250000
vt 0.437500 0.985288
vt 0.437500 1.000000
vt 0.159180 0.030741
vt 0.250000 0.250000
vt 0.375000 0.514712
vt 0.375000 0.500000
vt 0.582186 0.082186
vt 0.750000 0.250000
vt 0.375000 0.985288
vt 0.375000 1.000000
vt 0.082186 0.082186
vt 0.312500 0.514712
vt 0.312500 0.500000
vt 0.530741 0.159180
vt 0.750000 0.250000
vt 0.312500 0.985288
vt 0.312500 1.000000
vt 0.030741 0.159180
vt 0.250000 0.514712
vt 0.250000 0.500000
vt 0.512675 0.250000
vt 0.750000 0.250000
vt 0.250000 0.985288
vt 0.250000 1.000000
vt 0.012675 0.250000
vt 0.250000 0.250000
vt 0.187500 0.514712
vt 0.187500 0.500000
vt 0.530741 0.340820
vt 0.750000 0.250000
vt 0.187500 0.985288
vt 0.187500 1.000000
vt 0.030741 0.340820
vt 0.250000 0.250000
vt 0.125000 0.514712
vt 0.125000 0.500000
vt 0.582186 0.417814
vt 0.750000 0.250000
vt 0.125000 0.985288
vt 0.125000 1.000000
vt 0.082186 0.417814
vt 0.250000 0.250000
vt 0.062500 0.514712
vt 0.062500 0.500000
vt 0.659180 0.469259
vt 0.062500 0.985288
vt 0.062500 1.000000
vt 0.159180 0.469259
vt 0.250000 0.250000
vt 0.000000 0.514712
vt 0.009153 0.500000
vt 0.000000 0.985288
vt 0.009153 1.000000
s 0
usemtl MAT_PaintedMetal
f 4974/6253/4721 4980/6254/4721 4981/6255/4721 4975/6256/4721
f 4975/6257/4722 4981/6258/4722 4979/6259/4722 4973/6260/4722
f 4983/6261/4723 4977/6262/4723 4978/6263/4723 4984/6264/4723
f 4984/6265/4724 4978/6266/4724 4976/6267/4724 4982/6268/4724
f 4980/6254/4725 4986/6269/4725 4987/6270/4725 4981/6255/4725
f 4981/6258/4726 4987/6271/4726 4985/6272/4726 4979/6259/4726
f 4989/6273/4727 4983/6261/4727 4984/6264/4727 4990/6274/4727
f 4990/6275/4728 4984/6265/4728 4982/6268/4728 4988/6276/4728
f 4986/6269/4729 4992/6277/4729 4993/6278/4729 4987/6270/4729
f 4987/6271/4730 4993/6279/4730 4991/6260/4730 4985/6272/4730
f 4995/6280/4731 4989/6273/4731 4990/6274/4731 4996/6281/4731
f 4996/6282/4732 4990/6275/4732 4988/6276/4732 4994/6283/4732
f 4992/6277/4733 4998/6284/4733 4999/6285/4733 4993/6278/4733
f 4993/6279/4734 4999/6286/4734 4997/6272/4734 4991/6260/4734
f 5001/6287/4735 4995/6280/4735 4996/6281/4735 5002/6288/4735
f 5002/6289/4736 4996/6282/4736 4994/6283/4736 5000/6290/4736
f 4998/6284/4737 5004/6291/4737 5005/6292/4737 4999/6285/4737
f 4999/6286/4738 5005/6293/4738 5003/6294/4738 4997/6272/4738
f 5007/6295/4739 5001/6287/4739 5002/6288/4739 5008/6296/4739
f 5008/6297/4740 5002/6289/4740 5000/6290/4740 5006/6298/4740
f 5004/6291/4741 5010/6299/4741 5011/6300/4741 5005/6292/4741
f 5005/6293/4742 5011/6301/4742 5009/6302/4742 5003/6294/4742
f 5013/6303/4743 5007/6295/4743 5008/6296/4743 5014/6304/4743
f 5014/6305/4744 5008/6297/4744 5006/6298/4744 5012/6306/4744
f 5010/6299/4745 5016/6307/4745 5017/6308/4745 5011/6300/4745
f 5011/6301/4746 5017/6309/4746 5015/6302/4746 5009/6302/4746
f 5019/6310/4747 5013/6303/4747 5014/6304/4747 5020/6311/4747
f 5020/6312/4748 5014/6305/4748 5012/6306/4748 5018/6306/4748
f 5016/6307/4749 5022/6313/4749 5023/6314/4749 5017/6308/4749
f 5017/6309/4750 5023/6315/4750 5021/6316/4750 5015/6302/4750
f 5025/6317/4751 5019/6310/4751 5020/6311/4751 5026/6318/4751
f 5026/6319/4752 5020/6312/4752 5018/6306/4752 5024/6320/4752
f 5022/6313/4753 5028/6321/4753 5029/6322/4753 5023/6314/4753
f 5023/6315/4754 5029/6323/4754 5027/6324/4754 5021/6316/4754
f 5031/6325/4755 5025/6317/4755 5026/6318/4755 5032/6326/4755
f 5032/6327/4756 5026/6319/4756 5024/6320/4756 5030/6328/4756
f 5028/6321/4757 5034/6329/4757 5035/6330/4757 5029/6322/4757
f 5029/6323/4758 5035/6331/4758 5033/6332/4758 5027/6324/4758
f 5037/6333/4759 5031/6325/4759 5032/6326/4759 5038/6334/4759
f 5038/6335/4760 5032/6327/4760 5030/6328/4760 5036/6320/4760
f 5034/6329/4761 5040/6336/4761 5041/6337/4761 5035/6330/4761
f 5035/6331/4762 5041/6338/4762 5039/6339/4762 5033/6332/4762
f 5043/6340/4763 5037/6333/4763 5038/6334/4763 5044/6341/4763
f 5044/6342/4764 5038/6335/4764 5036/6320/4764 5042/6320/4764
f 5040/6336/4765 5046/6343/4765 5047/6344/4765 5041/6337/4765
f 5041/6338/4766 5047/6345/4766 5045/6346/4766 5039/6339/4766
f 5049/6347/4767 5043/6340/4767 5044/6341/4767 5050/6348/4767
f 5050/6349/4768 5044/6342/4768 5042/6320/4768 5048/6350/4768
f 5046/6343/4769 5052/6351/4769 5053/6352/4769 5047/6344/4769
f 5047/6345/4770 5053/6353/4770 5051/6354/4770 5045/6346/4770
f 5055/6355/4771 5049/6347/4771 5050/6348/4771 5056/6356/4771
f 5056/6357/4772 5050/6349/4772 5048/6350/4772 5054/6358/4772
f 5052/6351/4773 5058/6359/4773 5059/6360/4773 5053/6352/4773
f 5053/6353/4774 5059/6361/4774 5057/6362/4774 5051/6354/4774
f 5061/6363/4775 5055/6355/4775 5056/6356/4775 5062/6364/4775
f 5062/6365/4776 5056/6357/4776 5054/6358/4776 5060/6366/4776
f 5058/6359/4777 5064/6367/4777 5065/6368/4777 5059/6360/4777
f 5059/6361/4778 5065/6369/4778 5063/6324/4778 5057/6362/4778
f 5067/6370/4779 5061/6363/4779 5062/6364/4779 5068/6371/4779
f 5068/6372/4780 5062/6365/4780 5060/6366/4780 5066/6373/4780
f 5064/6367/4781 4974/6374/4781 4975/6375/4781 5065/6368/4781
f 5065/6369/4782 4975/6257/4782 4973/6260/4782 5063/6324/4782
f 4977/6376/4783 5067/6370/4783 5068/6371/4783 4978/6377/4783
f 4978/6266/4784 5068/6372/4784 5066/6373/4784 4976/6267/4784
f 4973/6260/4785 4979/6259/4785 4985/6272/4785 4991/6260/4785 4997/6272/4785 5003/6294/4785 5009/6302/4785 5015/6302/4785 5021/6316/4785 5027/6324/4785 5033/6332/4785 5039/6339/4785 5045/6346/4785 5051/6354/4785 5057/6362/4785 5063/6324/4785
f 4974/6253/4786 4977/6262/4786 4983/6261/4786 4980/6254/4786
f 5064/6367/4787 5067/6370/4787 4977/6376/4787 4974/6374/4787
f 4982/6268/4788 4976/6267/4788 5066/6373/4788 5060/6366/4788 5054/6358/4788 5048/6350/4788 5042/6320/4788 5036/6320/4788 5030/6328/4788 5024/6320/4788 5018/6306/4788 5012/6306/4788 5006/6298/4788 5000/6290/4788 4994/6283/4788 4988/6276/4788
f 4980/6254/4789 4983/6261/4789 4989/6273/4789 4986/6269/4789
f 4986/6269/4790 4989/6273/4790 4995/6280/4790 4992/6277/4790
f 4992/6277/4791 4995/6280/4791 5001/6287/4791 4998/6284/4791
f 4998/6284/4792 5001/6287/4792 5007/6295/4792 5004/6291/4792
f 5004/6291/4793 5007/6295/4793 5013/6303/4793 5010/6299/4793
f 5010/6299/4794 5013/6303/4794 5019/6310/4794 5016/6307/4794
f 5016/6307/4795 5019/6310/4795 5025/6317/4795 5022/6313/4795
f 5022/6313/4796 5025/6317/4796 5031/6325/4796 5028/6321/4796
f 5028/6321/4797 5031/6325/4797 5037/6333/4797 5034/6329/4797
f 5034/6329/4798 5037/6333/4798 5043/6340/4798 5040/6336/4798
f 5040/6336/4799 5043/6340/4799 5049/6347/4799 5046/6343/4799
f 5046/6343/4800 5049/6347/4800 5055/6355/4800 5052/6351/4800
f 5052/6351/4801 5055/6355/4801 5061/6363/4801 5058/6359/4801
f 5058/6359/4802 5061/6363/4802 5067/6370/4802 5064/6367/4802
o DMR_Body
v 1.182000 2.095000 -0.977000
v 1.182000 2.107000 -0.965000
v 1.170000 2.107000 -0.977000
v 1.182000 2.098515 -0.968515
v 1.175072 2.100072 -0.970072
v 1.173515 2.107000 -0.968515
v 1.173515 2.098515 -0.977000
v 1.182000 2.193000 -0.965000
v 1.182000 2.205000 -0.977000
v 1.170000 2.193000 -0.977000
v 1.182000 2.201485 -0.968515
v 1.175072 2.199928 -0.970072
v 1.173515 2.201485 -0.977000
v 1.173515 2.193000 -0.968515
v 1.182000 2.095000 -1.023000
v 1.170000 2.107000 -1.023000
v 1.182000 2.107000 -1.035000
v 1.173515 2.098515 -1.023000
v 1.175072 2.100072 -1.029928
v 1.173515 2.107000 -1.031485
v 1.182000 2.098515 -1.031485
v 1.182000 2.205000 -1.023000
v 1.182000 2.193000 -1.035000
v 1.170000 2.193000 -1.023000
v 1.182000 2.201485 -1.031485
v 1.175072 2.199928 -1.029928
v 1.173515 2.193000 -1.031485
v 1.173515 2.201485 -1.023000
v 1.818000 2.095000 -0.977000
v 1.830000 2.107000 -0.977000
v 1.818000 2.107000 -0.965000
v 1.826485 2.098515 -0.977000
v 1.824928 2.100072 -0.970072
v 1.826485 2.107000 -0.968515
v 1.818000 2.098515 -0.968515
v 1.818000 2.205000 -0.977000
v 1.818000 2.193000 -0.965000
v 1.830000 2.193000 -0.977000
v 1.818000 2.201485 -0.968515
v 1.824928 2.199928 -0.970072
v 1.826485 2.193000 -0.968515
v 1.826485 2.201485 -0.977000
v 1.818000 2.095000 -1.023000
v 1.818000 2.107000 -1.035000
v 1.830000 2.107000 -1.023000
v 1.818000 2.098515 -1.031485
v 1.824928 2.100072 -1.029928
v 1.826485 2.107000 -1.031485
v 1.826485 2.098515 -1.023000
v 1.818000 2.205000 -1.023000
v 1.830000 2.193000 -1.023000
v 1.818000 2.193000 -1.035000
v 1.826485 2.201485 -1.023000
v 1.824928 2.199928 -1.029928
v 1.826485 2.193000 -1.031485
v 1.818000 2.201485 -1.031485
vn -0.3251 -0.8881 0.3251
vn -0.3251 -0.3251 0.8881
vn -0.8881 -0.3251 0.3251
vn -0.3251 0.3251 0.8881
vn -0.3251 0.8881 0.3251
vn -0.8881 0.3251 0.3251
vn -0.3251 -0.8881 -0.3251
vn -0.8881 -0.3251 -0.3251
vn -0.3251 -0.3251 -0.8881
vn -0.3251 0.8881 -0.3251
vn -0.3251 0.3251 -0.8881
vn -0.8881 0.3251 -0.3251
vn 0.3251 -0.8881 0.3251
vn 0.8881 -0.3251 0.3251
vn 0.3251 -0.3251 0.8881
vn 0.3251 0.8881 0.3251
vn 0.3251 0.3251 0.8881
vn 0.8881 0.3251 0.3251
vn 0.3251 -0.8881 -0.3251
vn 0.3251 -0.3251 -0.8881
vn 0.8881 -0.3251 -0.3251
vn 0.3251 0.8881 -0.3251
vn 0.8881 0.3251 -0.3251
vn 0.3251 0.3251 -0.8881
vn -0.3827 -0.9239 -0.0000
vn -0.9239 -0.3827 -0.0000
vn -0.3827 -0.0000 0.9239
vn -0.9239 -0.0000 0.3827
vn -0.3827 0.9239 -0.0000
vn -0.9239 0.3827 -0.0000
vn -0.3827 -0.0000 -0.9239
vn -0.9239 -0.0000 -0.3827
vn -0.0000 -0.9239 -0.3827
vn -0.0000 -0.3827 -0.9239
vn -0.0000 0.9239 -0.3827
vn -0.0000 0.3827 -0.9239
vn 0.9239 -0.0000 -0.3827
vn 0.3827 -0.0000 -0.9239
vn 0.3827 -0.9239 -0.0000
vn 0.9239 -0.3827 -0.0000
vn 0.3827 0.9239 -0.0000
vn 0.9239 0.3827 -0.0000
vn 0.3827 -0.0000 0.9239
vn 0.9239 -0.0000 0.3827
vn -0.0000 -0.9239 0.3827
vn -0.0000 -0.3827 0.9239
vn -0.0000 0.9239 0.3827
vn -0.0000 0.3827 0.9239
vn -0.0000 -1.0000 -0.0000
vn -1.0000 -0.0000 -0.0000
vn -0.0000 -0.0000 1.0000
vn -0.0000 1.0000 -0.0000
vn -0.0000 -0.0000 -1.0000
vn 1.0000 -0.0000 -0.0000
vt 0.129545 0.707143
vt 0.129545 0.750000
vt 0.126921 0.750000
vt 0.125000 0.707143
vt 0.402273 0.995454
vt 0.402273 1.000000
vt 0.386527 1.000000
vt 0.375000 0.995455
vt 0.402273 0.042857
vt 0.375000 0.042857
vt 0.375000 0.018114
vt 0.402273 0.000000
vt 0.597727 0.995454
vt 0.625000 0.995455
vt 0.625000 0.998079
vt 0.597727 1.000000
vt 0.870455 0.707143
vt 0.875000 0.707143
vt 0.875000 0.731886
vt 0.870455 0.750000
vt 0.597727 0.042857
vt 0.597727 0.000000
vt 0.613473 0.000000
vt 0.625000 0.042857
vt 0.129545 0.542857
vt 0.125000 0.542857
vt 0.125000 0.518114
vt 0.129545 0.500000
vt 0.402273 0.207143
vt 0.402273 0.250000
vt 0.380763 0.250961
vt 0.375000 0.207143
vt 0.402273 0.254545
vt 0.375000 0.254545
vt 0.870455 0.542857
vt 0.870455 0.500000
vt 0.873079 0.500000
vt 0.875000 0.542857
vt 0.597727 0.254545
vt 0.597727 0.250000
vt 0.619237 0.240943
vt 0.625000 0.254545
vt 0.597727 0.207143
vt 0.625000 0.207143
vt 0.370455 0.707143
vt 0.375000 0.707143
vt 0.378842 0.744603
vt 0.372727 0.752273
vt 0.402273 0.707143
vt 0.402273 0.750000
vt 0.402273 0.754545
vt 0.629546 0.707143
vt 0.627273 0.752273
vt 0.621798 0.743962
vt 0.625000 0.707143
vt 0.597727 0.754545
vt 0.597727 0.750000
vt 0.597727 0.707143
vt 0.370455 0.542857
vt 0.372727 0.497727
vt 0.378202 0.506038
vt 0.375000 0.542857
vt 0.402273 0.495455
vt 0.402273 0.500000
vt 0.402273 0.542857
vt 0.629545 0.542857
vt 0.625000 0.542857
vt 0.621158 0.505397
vt 0.627273 0.497727
vt 0.597727 0.542857
vt 0.597727 0.500000
vt 0.597727 0.495455
s 0
usemtl MAT_Polymer
f 5069/6378/4803 5072/6379/4803 5073/6380/4803 5075/6381/4803
f 5070/6382/4804 5074/6383/4804 5073/6384/4804 5072/6385/4804
f 5071/6386/4805 5075/6387/4805 5073/6388/4805 5074/6389/4805
f 5076/6390/4806 5079/6391/4806 5080/6392/4806 5082/6393/4806
f 5077/6394/4807 5081/6395/4807 5080/6396/4807 5079/6397/4807
f 5078/6398/4808 5082/6399/4808 5080/6400/4808 5081/6401/4808
f 5083/6402/4809 5086/6403/4809 5087/6404/4809 5089/6405/4809
f 5084/6406/4810 5088/6407/4810 5087/6408/4810 5086/6409/4810
f 5085/6410/4811 5089/6411/4811 5087/6408/4811 5088/6407/4811
f 5090/6412/4812 5093/6413/4812 5094/6414/4812 5096/6415/4812
f 5091/6416/4813 5095/6417/4813 5094/6418/4813 5093/6419/4813
f 5092/6420/4814 5096/6421/4814 5094/6418/4814 5095/6417/4814
f 5097/6422/4815 5100/6423/4815 5101/6424/4815 5103/6425/4815
f 5098/6426/4816 5102/6427/4816 5101/6424/4816 5100/6423/4816
f 5099/6428/4817 5103/6425/4817 5101/6424/4817 5102/6427/4817
f 5104/6429/4818 5107/6430/4818 5108/6431/4818 5110/6432/4818
f 5105/6433/4819 5109/6434/4819 5108/6431/4819 5107/6430/4819
f 5106/6435/4820 5110/6432/4820 5108/6431/4820 5109/6434/4820
f 5111/6436/4821 5114/6437/4821 5115/6438/4821 5117/6439/4821
f 5112/6440/4822 5116/6441/4822 5115/6438/4822 5114/6437/4822
f 5113/6442/4823 5117/6439/4823 5115/6438/4823 5116/6441/4823
f 5118/6443/4824 5121/6444/4824 5122/6445/4824 5124/6446/4824
f 5119/6447/4825 5123/6448/4825 5122/6445/4825 5121/6444/4825
f 5120/6449/4826 5124/6446/4826 5122/6445/4826 5123/6448/4826
f 5083/6402/4827 5069/6378/4827 5075/6381/4827 5086/6403/4827
f 5086/6409/4828 5075/6387/4828 5071/6386/4828 5084/6406/4828
f 5070/6382/4829 5076/6390/4829 5082/6393/4829 5074/6383/4829
f 5074/6389/4830 5082/6399/4830 5078/6398/4830 5071/6386/4830
f 5077/6394/4831 5090/6412/4831 5096/6415/4831 5081/6395/4831
f 5081/6401/4832 5096/6421/4832 5092/6420/4832 5078/6398/4832
f 5091/6416/4833 5085/6410/4833 5088/6407/4833 5095/6417/4833
f 5095/6417/4834 5088/6407/4834 5084/6406/4834 5092/6420/4834
f 5111/6436/4835 5083/6402/4835 5089/6405/4835 5114/6437/4835
f 5114/6437/4836 5089/6411/4836 5085/6410/4836 5112/6440/4836
f 5090/6412/4837 5118/6443/4837 5124/6446/4837 5093/6413/4837
f 5093/6419/4838 5124/6446/4838 5120/6449/4838 5091/6416/4838
f 5119/6447/4839 5113/6442/4839 5116/6441/4839 5123/6448/4839
f 5123/6448/4840 5116/6441/4840 5112/6440/4840 5120/6449/4840
f 5097/6422/4841 5111/6436/4841 5117/6439/4841 5100/6423/4841
f 5100/6423/4842 5117/6439/4842 5113/6442/4842 5098/6426/4842
f 5118/6443/4843 5104/6429/4843 5110/6432/4843 5121/6444/4843
f 5121/6444/4844 5110/6432/4844 5106/6435/4844 5119/6447/4844
f 5105/6433/4845 5099/6428/4845 5102/6427/4845 5109/6434/4845
f 5109/6434/4846 5102/6427/4846 5098/6426/4846 5106/6435/4846
f 5069/6378/4847 5097/6422/4847 5103/6425/4847 5072/6379/4847
f 5072/6385/4848 5103/6425/4848 5099/6428/4848 5070/6382/4848
f 5104/6429/4849 5077/6394/4849 5079/6397/4849 5107/6430/4849
f 5107/6430/4850 5079/6391/4850 5076/6390/4850 5105/6433/4850
f 5083/6402/4851 5111/6436/4851 5097/6422/4851 5069/6378/4851
f 5071/6386/4852 5078/6398/4852 5092/6420/4852 5084/6406/4852
f 5099/6428/4853 5105/6433/4853 5076/6390/4853 5070/6382/4853
f 5118/6443/4854 5090/6412/4854 5077/6394/4854 5104/6429/4854
f 5085/6410/4855 5091/6416/4855 5120/6449/4855 5112/6440/4855
f 5113/6442/4856 5119/6447/4856 5106/6435/4856 5098/6426/4856
o DMR_Stock
v 0.899000 2.080000 -0.975000
v 0.899000 2.095000 -0.960000
v 0.884000 2.095000 -0.975000
v 0.899000 2.084394 -0.964393
v 0.890340 2.086340 -0.966340
v 0.888393 2.095000 -0.964393
v 0.888393 2.084394 -0.975000
v 0.899000 2.205000 -0.960000
v 0.899000 2.220000 -0.975000
v 0.884000 2.205000 -0.975000
v 0.899000 2.215607 -0.964393
v 0.890340 2.213660 -0.966340
v 0.888393 2.215607 -0.975000
v 0.888393 2.205000 -0.964393
v 0.899000 2.080000 -1.025000
v 0.884000 2.095000 -1.025000
v 0.899000 2.095000 -1.040000
v 0.888393 2.084394 -1.025000
v 0.890340 2.086340 -1.033660
v 0.888393 2.095000 -1.035607
v 0.899000 2.084394 -1.035607
v 0.899000 2.220000 -1.025000
v 0.899000 2.205000 -1.040000
v 0.884000 2.205000 -1.025000
v 0.899000 2.215607 -1.035607
v 0.890340 2.213660 -1.033660
v 0.888393 2.205000 -1.035607
v 0.888393 2.215607 -1.025000
v 1.177000 2.080000 -0.975000
v 1.192000 2.095000 -0.975000
v 1.177000 2.095000 -0.960000
v 1.187607 2.084394 -0.975000
v 1.185660 2.086340 -0.966340
v 1.187607 2.095000 -0.964393
v 1.177000 2.084394 -0.964393
v 1.177000 2.220000 -0.975000
v 1.177000 2.205000 -0.960000
v 1.192000 2.205000 -0.975000
v 1.177000 2.215607 -0.964393
v 1.185660 2.213660 -0.966340
v 1.187607 2.205000 -0.964393
v 1.187607 2.215607 -0.975000
v 1.177000 2.080000 -1.025000
v 1.177000 2.095000 -1.040000
v 1.192000 2.095000 -1.025000
v 1.177000 2.084394 -1.035607
v 1.185660 2.086340 -1.033660
v 1.187607 2.095000 -1.035607
v 1.187607 2.084394 -1.025000
v 1.177000 2.220000 -1.025000
v 1.192000 2.205000 -1.025000
v 1.177000 2.205000 -1.040000
v 1.187607 2.215607 -1.025000
v 1.185660 2.213660 -1.033660
v 1.187607 2.205000 -1.035607
v 1.177000 2.215607 -1.035607
vn -0.3251 -0.8881 0.3251
vn -0.3251 -0.3251 0.8881
vn -0.8881 -0.3251 0.3251
vn -0.3251 0.3251 0.8881
vn -0.3251 0.8881 0.3251
vn -0.8881 0.3251 0.3251
vn -0.3251 -0.8881 -0.3251
vn -0.8881 -0.3251 -0.3251
vn -0.3251 -0.3251 -0.8881
vn -0.3251 0.8881 -0.3251
vn -0.3251 0.3251 -0.8881
vn -0.8881 0.3251 -0.3251
vn 0.3251 -0.8881 0.3251
vn 0.8881 -0.3251 0.3251
vn 0.3251 -0.3251 0.8881
vn 0.3251 0.8881 0.3251
vn 0.3251 0.3251 0.8881
vn 0.8881 0.3251 0.3251
vn 0.3251 -0.8881 -0.3251
vn 0.3251 -0.3251 -0.8881
vn 0.8881 -0.3251 -0.3251
vn 0.3251 0.8881 -0.3251
vn 0.8881 0.3251 -0.3251
vn 0.3251 0.3251 -0.8881
vn -0.3827 -0.9239 -0.0000
vn -0.9239 -0.3827 -0.0000
vn -0.3827 -0.0000 0.9239
vn -0.9239 -0.0000 0.3827
vn -0.3827 0.9239 -0.0000
vn -0.9239 0.3827 -0.0000
vn -0.3827 -0.0000 -0.9239
vn -0.9239 -0.0000 -0.3827
vn -0.0000 -0.9239 -0.3827
vn -0.0000 -0.3827 -0.9239
vn -0.0000 0.9239 -0.3827
vn -0.0000 0.3827 -0.9239
vn 0.9239 -0.0000 -0.3827
vn 0.3827 -0.0000 -0.9239
vn 0.3827 -0.9239 -0.0000
vn 0.9239 -0.3827 -0.0000
vn 0.3827 0.9239 -0.0000
vn 0.9239 0.3827 -0.0000
vn 0.3827 -0.0000 0.9239
vn 0.9239 -0.0000 0.3827
vn -0.0000 -0.9239 0.3827
vn -0.0000 -0.3827 0.9239
vn -0.0000 0.9239 0.3827
vn -0.0000 0.3827 0.9239
vn -0.0000 -1.0000 -0.0000
vn -1.0000 -0.0000 -0.0000
vn -0.0000 -0.0000 1.0000
vn -0.0000 1.0000 -0.0000
vn -0.0000 -0.0000 -1.0000
vn 1.0000 -0.0000 -0.0000
vt 0.137175 0.703125
vt 0.137175 0.750000
vt 0.130146 0.750000
vt 0.125000 0.703125
vt 0.401786 0.987825
vt 0.401786 1.000000
vt 0.386321 1.000000
vt 0.375000 0.987825
vt 0.401786 0.046875
vt 0.375000 0.046875
vt 0.375000 0.019812
vt 0.401786 0.000000
vt 0.598214 0.987825
vt 0.625000 0.987825
vt 0.625000 0.994854
vt 0.598214 1.000000
vt 0.862825 0.703125
vt 0.875000 0.703125
vt 0.875000 0.730188
vt 0.862825 0.750000
vt 0.598214 0.046875
vt 0.598214 0.000000
vt 0.613679 0.000000
vt 0.625000 0.046875
vt 0.137175 0.546875
vt 0.125000 0.546875
vt 0.125000 0.519812
vt 0.137175 0.500000
vt 0.401786 0.203125
vt 0.401786 0.250000
vt 0.380660 0.252573
vt 0.375000 0.203125
vt 0.401786 0.262175
vt 0.375000 0.262175
vt 0.862825 0.546875
vt 0.862825 0.500000
vt 0.869854 0.500000
vt 0.875000 0.546875
vt 0.598214 0.262175
vt 0.598214 0.250000
vt 0.619339 0.240094
vt 0.625000 0.262175
vt 0.598214 0.203125
vt 0.625000 0.203125
vt 0.362825 0.703125
vt 0.375000 0.703125
vt 0.378774 0.745111
vt 0.368912 0.756088
vt 0.401786 0.703125
vt 0.401786 0.750000
vt 0.401786 0.762175
vt 0.637175 0.703125
vt 0.631088 0.756088
vt 0.622942 0.743396
vt 0.625000 0.703125
vt 0.598214 0.762175
vt 0.598214 0.750000
vt 0.598214 0.703125
vt 0.362825 0.546875
vt 0.368912 0.493912
vt 0.377058 0.506604
vt 0.375000 0.546875
vt 0.401786 0.487825
vt 0.401786 0.500000
vt 0.401786 0.546875
vt 0.637175 0.546875
vt 0.625000 0.546875
vt 0.621226 0.504889
vt 0.631088 0.493912
vt 0.598214 0.546875
vt 0.598214 0.500000
vt 0.598214 0.487825
s 0
usemtl MAT_Polymer
f 5125/6450/4857 5128/6451/4857 5129/6452/4857 5131/6453/4857
f 5126/6454/4858 5130/6455/4858 5129/6456/4858 5128/6457/4858
f 5127/6458/4859 5131/6459/4859 5129/6460/4859 5130/6461/4859
f 5132/6462/4860 5135/6463/4860 5136/6464/4860 5138/6465/4860
f 5133/6466/4861 5137/6467/4861 5136/6468/4861 5135/6469/4861
f 5134/6470/4862 5138/6471/4862 5136/6472/4862 5137/6473/4862
f 5139/6474/4863 5142/6475/4863 5143/6476/4863 5145/6477/4863
f 5140/6478/4864 5144/6479/4864 5143/6480/4864 5142/6481/4864
f 5141/6482/4865 5145/6483/4865 5143/6480/4865 5144/6479/4865
f 5146/6484/4866 5149/6485/4866 5150/6486/4866 5152/6487/4866
f 5147/6488/4867 5151/6489/4867 5150/6490/4867 5149/6491/4867
f 5148/6492/4868 5152/6493/4868 5150/6490/4868 5151/6489/4868
f 5153/6494/4869 5156/6495/4869 5157/6496/4869 5159/6497/4869
f 5154/6498/4870 5158/6499/4870 5157/6496/4870 5156/6495/4870
f 5155/6500/4871 5159/6497/4871 5157/6496/4871 5158/6499/4871
f 5160/6501/4872 5163/6502/4872 5164/6503/4872 5166/6504/4872
f 5161/6505/4873 5165/6506/4873 5164/6503/4873 5163/6502/4873
f 5162/6507/4874 5166/6504/4874 5164/6503/4874 5165/6506/4874
f 5167/6508/4875 5170/6509/4875 5171/6510/4875 5173/6511/4875
f 5168/6512/4876 5172/6513/4876 5171/6510/4876 5170/6509/4876
f 5169/6514/4877 5173/6511/4877 5171/6510/4877 5172/6513/4877
f 5174/6515/4878 5177/6516/4878 5178/6517/4878 5180/6518/4878
f 5175/6519/4879 5179/6520/4879 5178/6517/4879 5177/6516/4879
f 5176/6521/4880 5180/6518/4880 5178/6517/4880 5179/6520/4880
f 5139/6474/4881 5125/6450/4881 5131/6453/4881 5142/6475/4881
f 5142/6481/4882 5131/6459/4882 5127/6458/4882 5140/6478/4882
f 5126/6454/4883 5132/6462/4883 5138/6465/4883 5130/6455/4883
f 5130/6461/4884 5138/6471/4884 5134/6470/4884 5127/6458/4884
f 5133/6466/4885 5146/6484/4885 5152/6487/4885 5137/6467/4885
f 5137/6473/4886 5152/6493/4886 5148/6492/4886 5134/6470/4886
f 5147/6488/4887 5141/6482/4887 5144/6479/4887 5151/6489/4887
f 5151/6489/4888 5144/6479/4888 5140/6478/4888 5148/6492/4888
f 5167/6508/4889 5139/6474/4889 5145/6477/4889 5170/6509/4889
f 5170/6509/4890 5145/6483/4890 5141/6482/4890 5168/6512/4890
f 5146/6484/4891 5174/6515/4891 5180/6518/4891 5149/6485/4891
f 5149/6491/4892 5180/6518/4892 5176/6521/4892 5147/6488/4892
f 5175/6519/4893 5169/6514/4893 5172/6513/4893 5179/6520/4893
f 5179/6520/4894 5172/6513/4894 5168/6512/4894 5176/6521/4894
f 5153/6494/4895 5167/6508/4895 5173/6511/4895 5156/6495/4895
f 5156/6495/4896 5173/6511/4896 5169/6514/4896 5154/6498/4896
f 5174/6515/4897 5160/6501/4897 5166/6504/4897 5177/6516/4897
f 5177/6516/4898 5166/6504/4898 5162/6507/4898 5175/6519/4898
f 5161/6505/4899 5155/6500/4899 5158/6499/4899 5165/6506/4899
f 5165/6506/4900 5158/6499/4900 5154/6498/4900 5162/6507/4900
f 5125/6450/4901 5153/6494/4901 5159/6497/4901 5128/6451/4901
f 5128/6457/4902 5159/6497/4902 5155/6500/4902 5126/6454/4902
f 5160/6501/4903 5133/6466/4903 5135/6469/4903 5163/6502/4903
f 5163/6502/4904 5135/6463/4904 5132/6462/4904 5161/6505/4904
f 5139/6474/4905 5167/6508/4905 5153/6494/4905 5125/6450/4905
f 5127/6458/4906 5134/6470/4906 5148/6492/4906 5140/6478/4906
f 5155/6500/4907 5161/6505/4907 5132/6462/4907 5126/6454/4907
f 5174/6515/4908 5146/6484/4908 5133/6466/4908 5160/6501/4908
f 5141/6482/4909 5147/6488/4909 5176/6521/4909 5168/6512/4909
f 5169/6514/4910 5175/6519/4910 5162/6507/4910 5154/6498/4910
o DMR_Barrel
v 1.783000 2.150000 -1.000000
v 1.794770 2.150000 -1.012000
v 1.786447 2.150000 -1.008485
v 2.163000 2.150000 -1.000000
v 2.151231 2.150000 -1.012000
v 2.159553 2.150000 -1.008485
v 1.783000 2.150000 -1.000000
v 1.794770 2.145408 -1.011087
v 1.786447 2.146753 -1.007839
v 2.163000 2.150000 -1.000000
v 2.151231 2.145408 -1.011087
v 2.159553 2.146753 -1.007839
v 1.783000 2.150000 -1.000000
v 1.794770 2.141515 -1.008485
v 1.786447 2.144000 -1.006000
v 2.163000 2.150000 -1.000000
v 2.151231 2.141515 -1.008485
v 2.159553 2.144000 -1.006000
v 1.783000 2.150000 -1.000000
v 1.794770 2.138914 -1.004592
v 1.786447 2.142161 -1.003247
v 2.163000 2.150000 -1.000000
v 2.151231 2.138914 -1.004592
v 2.159553 2.142161 -1.003247
v 1.783000 2.150000 -1.000000
v 1.794770 2.138000 -1.000000
v 1.786447 2.141515 -1.000000
v 2.163000 2.150000 -1.000000
v 2.151231 2.138000 -1.000000
v 2.159553 2.141515 -1.000000
v 1.783000 2.150000 -1.000000
v 1.794770 2.138914 -0.995408
v 1.786447 2.142161 -0.996753
v 2.163000 2.150000 -1.000000
v 2.151231 2.138914 -0.995408
v 2.159553 2.142161 -0.996753
v 1.783000 2.150000 -1.000000
v 1.794770 2.141515 -0.991515
v 1.786447 2.144000 -0.994000
v 2.163000 2.150000 -1.000000
v 2.151231 2.141515 -0.991515
v 2.159553 2.144000 -0.994000
v 1.783000 2.150000 -1.000000
v 1.794770 2.145408 -0.988913
v 1.786447 2.146753 -0.992161
v 2.163000 2.150000 -1.000000
v 2.151231 2.145408 -0.988913
v 2.159553 2.146753 -0.992161
v 1.783000 2.150000 -1.000000
v 1.794770 2.150000 -0.988000
v 1.786447 2.150000 -0.991515
v 2.163000 2.150000 -1.000000
v 2.151231 2.150000 -0.988000
v 2.159553 2.150000 -0.991515
v 1.783000 2.150000 -1.000000
v 1.794770 2.154592 -0.988913
v 1.786447 2.153247 -0.992161
v 2.163000 2.150000 -1.000000
v 2.151231 2.154592 -0.988913
v 2.159553 2.153247 -0.992161
v 1.783000 2.150000 -1.000000
v 1.794770 2.158485 -0.991515
v 1.786447 2.156000 -0.994000
v 2.163000 2.150000 -1.000000
v 2.151231 2.158485 -0.991515
v 2.159553 2.156000 -0.994000
v 1.783000 2.150000 -1.000000
v 1.794770 2.161087 -0.995408
v 1.786447 2.157840 -0.996753
v 2.163000 2.150000 -1.000000
v 2.151231 2.161087 -0.995408
v 2.159553 2.157840 -0.996753
v 1.783000 2.150000 -1.000000
v 1.794770 2.162000 -1.000000
v 1.786447 2.158485 -1.000000
v 2.163000 2.150000 -1.000000
v 2.151231 2.162000 -1.000000
v 2.159553 2.158485 -1.000000
v 1.783000 2.150000 -1.000000
v 1.794770 2.161087 -1.004592
v 1.786447 2.157840 -1.003247
v 2.163000 2.150000 -1.000000
v 2.151231 2.161087 -1.004592
v 2.159553 2.157840 -1.003247
v 1.783000 2.150000 -1.000000
v 1.794770 2.158485 -1.008485
v 1.786447 2.156000 -1.006000
v 2.163000 2.150000 -1.000000
v 2.151231 2.158485 -1.008485
v 2.159553 2.156000 -1.006000
v 1.783000 2.150000 -1.000000
v 1.794770 2.154592 -1.011087
v 1.786447 2.153247 -1.007839
v 2.163000 2.150000 -1.000000
v 2.151231 2.154592 -1.011087
v 2.159553 2.153247 -1.007839
vn -0.3827 -0.1802 -0.9061
vn -0.9239 -0.0747 -0.3753
vn 0.3827 -0.1802 -0.9061
vn 0.9239 -0.0747 -0.3753
vn -0.3827 -0.5133 -0.7682
vn -0.9239 -0.2126 -0.3182
vn 0.3827 -0.5133 -0.7682
vn 0.9239 -0.2126 -0.3182
vn -0.3827 -0.7682 -0.5133
vn -0.9239 -0.3182 -0.2126
vn 0.3827 -0.7682 -0.5133
vn 0.9239 -0.3182 -0.2126
vn -0.3827 -0.9061 -0.1802
vn -0.9239 -0.3753 -0.0747
vn 0.3827 -0.9061 -0.1802
vn 0.9239 -0.3753 -0.0747
vn -0.3827 -0.9061 0.1802
vn -0.9239 -0.3753 0.0747
vn 0.3827 -0.9061 0.1802
vn 0.9239 -0.3753 0.0747
vn -0.3827 -0.7682 0.5133
vn -0.9239 -0.3182 0.2126
vn 0.3827 -0.7682 0.5133
vn 0.9239 -0.3182 0.2126
vn -0.3827 -0.5133 0.7682
vn -0.9239 -0.2126 0.3182
vn 0.3827 -0.5133 0.7682
vn 0.9239 -0.2126 0.3182
vn -0.3827 -0.1802 0.9061
vn -0.9239 -0.0747 0.3753
vn 0.3827 -0.1802 0.9061
vn 0.9239 -0.0747 0.3753
vn -0.3827 0.1802 0.9061
vn -0.9239 0.0747 0.3753
vn 0.3827 0.1802 0.9061
vn 0.9239 0.0747 0.3753
vn -0.3827 0.5133 0.7682
vn -0.9239 0.2126 0.3182
vn 0.3827 0.5133 0.7682
vn 0.9239 0.2126 0.3182
vn -0.3827 0.7682 0.5133
vn -0.9239 0.3182 0.2126
vn 0.3827 0.7682 0.5133
vn 0.9239 0.3182 0.2126
vn -0.3827 0.9061 0.1802
vn -0.9239 0.3753 0.0747
vn 0.3827 0.9061 0.1802
vn 0.9239 0.3753 0.0747
vn -0.3827 0.9061 -0.1802
vn -0.9239 0.3753 -0.0747
vn 0.3827 0.9061 -0.1802
vn 0.9239 0.3753 -0.0747
vn -0.3827 0.7682 -0.5133
vn -0.9239 0.3182 -0.2126
vn 0.3827 0.7682 -0.5133
vn 0.9239 0.3182 -0.2126
vn -0.3827 0.5133 -0.7682
vn -0.9239 0.2126 -0.3182
vn 0.3827 0.5133 -0.7682
vn 0.9239 0.2126 -0.3182
vn -0.3827 0.1802 -0.9061
vn -0.9239 0.0747 -0.3753
vn 0.3827 0.1802 -0.9061
vn 0.9239 0.0747 -0.3753
vn -1.0000 -0.0000 -0.0000
vn -0.0000 -0.1951 -0.9808
vn -0.0000 0.1951 -0.9808
vn 0.1509 0.9886 -0.0000
vn -0.0000 -0.5556 -0.8315
vn -0.0000 -0.8315 -0.5556
vn -0.0000 -0.9808 -0.1951
vn -0.0000 -0.9808 0.1951
vn -0.0000 -0.8315 0.5556
vn -0.0000 -0.5556 0.8315
vn -0.0000 -0.1951 0.9808
vn -0.0000 0.1951 0.9808
vn -0.0000 0.5556 0.8315
vn -0.0000 0.8315 0.5556
vn -0.0000 0.9808 0.1951
vn -0.0000 0.9808 -0.1951
vn -0.0000 0.8315 -0.5556
vn -0.0000 0.5556 -0.8315
vt 1.000000 0.515486
vt 0.937500 0.515486
vt 0.937500 0.500000
vt 0.990847 0.500000
vt 0.750000 0.487325
vt 0.840820 0.469259
vt 0.750000 0.250000
vt 0.750000 0.250000
vt 0.937500 0.984514
vt 1.000000 0.984514
vt 0.990847 1.000000
vt 0.937500 1.000000
vt 0.340820 0.469259
vt 0.250000 0.487325
vt 0.250000 0.250000
vt 0.250000 0.250000
vt 0.875000 0.515486
vt 0.875000 0.500000
vt 0.917814 0.417814
vt 0.750000 0.250000
vt 0.875000 0.984514
vt 0.875000 1.000000
vt 0.417814 0.417814
vt 0.250000 0.250000
vt 0.812500 0.515486
vt 0.812500 0.500000
vt 0.969259 0.340820
vt 0.812500 0.984514
vt 0.812500 1.000000
vt 0.469259 0.340820
vt 0.250000 0.250000
vt 0.750000 0.515486
vt 0.750000 0.500000
vt 0.987325 0.250000
vt 0.750000 0.984514
vt 0.750000 1.000000
vt 0.487325 0.250000
vt 0.250000 0.250000
vt 0.687500 0.515486
vt 0.687500 0.500000
vt 0.969259 0.159180
vt 0.750000 0.250000
vt 0.687500 0.984514
vt 0.687500 1.000000
vt 0.469259 0.159180
vt 0.250000 0.250000
vt 0.625000 0.515486
vt 0.625000 0.500000
vt 0.917814 0.082186
vt 0.750000 0.250000
vt 0.625000 0.984514
vt 0.625000 1.000000
vt 0.417814 0.082186
vt 0.250000 0.250000
vt 0.562500 0.515486
vt 0.562500 0.500000
vt 0.840820 0.030741
vt 0.562500 0.984514
vt 0.562500 1.000000
vt 0.340820 0.030741
vt 0.500000 0.515486
vt 0.500000 0.500000
vt 0.750000 0.012675
vt 0.750000 0.250000
vt 0.500000 0.984514
vt 0.500000 1.000000
vt 0.250000 0.012675
vt 0.250000 0.250000
vt 0.437500 0.515486
vt 0.437500 0.500000
vt 0.659180 0.030741
vt 0.750000 0.250000
vt 0.437500 0.984514
vt 0.437500 1.000000
vt 0.159180 0.030741
vt 0.250000 0.250000
vt 0.375000 0.515486
vt 0.375000 0.500000
vt 0.582186 0.082186
vt 0.750000 0.250000
vt 0.375000 0.984514
vt 0.375000 1.000000
vt 0.082186 0.082186
vt 0.312500 0.515486
vt 0.312500 0.500000
vt 0.530741 0.159180
vt 0.750000 0.250000
vt 0.312500 0.984514
vt 0.312500 1.000000
vt 0.030741 0.159180
vt 0.250000 0.515486
vt 0.250000 0.500000
vt 0.512675 0.250000
vt 0.750000 0.250000
vt 0.250000 0.984514
vt 0.250000 1.000000
vt 0.012675 0.250000
vt 0.250000 0.250000
vt 0.187500 0.515486
vt 0.187500 0.500000
vt 0.530741 0.340820
vt 0.750000 0.250000
vt 0.187500 0.984514
vt 0.187500 1.000000
vt 0.030741 0.340820
vt 0.250000 0.250000
vt 0.125000 0.515486
vt 0.125000 0.500000
vt 0.582186 0.417814
vt 0.750000 0.250000
vt 0.125000 0.984514
vt 0.125000 1.000000
vt 0.082186 0.417814
vt 0.250000 0.250000
vt 0.062500 0.515486
vt 0.062500 0.500000
vt 0.659180 0.469259
vt 0.062500 0.984514
vt 0.062500 1.000000
vt 0.159180 0.469259
vt 0.250000 0.250000
vt 0.000000 0.515486
vt 0.009153 0.500000
vt 0.000000 0.984514
vt 0.009153 1.000000
s 0
usemtl MAT_PaintedMetal
f 5182/6522/4911 5188/6523/4911 5189/6524/4911 5183/6525/4911
f 5183/6526/4912 5189/6527/4912 5187/6528/4912 5181/6529/4912
f 5191/6530/4913 5185/6531/4913 5186/6532/4913 5192/6533/4913
f 5192/6534/4914 5186/6535/4914 5184/6536/4914 5190/6537/4914
f 5188/6523/4915 5194/6538/4915 5195/6539/4915 5189/6524/4915
f 5189/6527/4916 5195/6540/4916 5193/6541/4916 5187/6528/4916
f 5197/6542/4917 5191/6530/4917 5192/6533/4917 5198/6543/4917
f 5198/6544/4918 5192/6534/4918 5190/6537/4918 5196/6545/4918
f 5194/6538/4919 5200/6546/4919 5201/6547/4919 5195/6539/4919
f 5195/6540/4920 5201/6548/4920 5199/6529/4920 5193/6541/4920
f 5203/6549/4921 5197/6542/4921 5198/6543/4921 5204/6550/4921
f 5204/6551/4922 5198/6544/4922 5196/6545/4922 5202/6552/4922
f 5200/6546/4923 5206/6553/4923 5207/6554/4923 5201/6547/4923
f 5201/6548/4924 5207/6555/4924 5205/6541/4924 5199/6529/4924
f 5209/6556/4925 5203/6549/4925 5204/6550/4925 5210/6557/4925
f 5210/6558/4926 5204/6551/4926 5202/6552/4926 5208/6559/4926
f 5206/6553/4927 5212/6560/4927 5213/6561/4927 5207/6554/4927
f 5207/6555/4928 5213/6562/4928 5211/6563/4928 5205/6541/4928
f 5215/6564/4929 5209/6556/4929 5210/6557/4929 5216/6565/4929
f 5216/6566/4930 5210/6558/4930 5208/6559/4930 5214/6567/4930
f 5212/6560/4931 5218/6568/4931 5219/6569/4931 5213/6561/4931
f 5213/6562/4932 5219/6570/4932 5217/6571/4932 5211/6563/4932
f 5221/6572/4933 5215/6564/4933 5216/6565/4933 5222/6573/4933
f 5222/6574/4934 5216/6566/4934 5214/6567/4934 5220/6575/4934
f 5218/6568/4935 5224/6576/4935 5225/6577/4935 5219/6569/4935
f 5219/6570/4936 5225/6578/4936 5223/6571/4936 5217/6571/4936
f 5227/6579/4937 5221/6572/4937 5222/6573/4937 5228/6580/4937
f 5228/6581/4938 5222/6574/4938 5220/6575/4938 5226/6575/4938
f 5224/6576/4939 5230/6582/4939 5231/6583/4939 5225/6577/4939
f 5225/6578/4940 5231/6584/4940 5229/6585/4940 5223/6571/4940
f 5233/6586/4941 5227/6579/4941 5228/6580/4941 5234/6587/4941
f 5234/6588/4942 5228/6581/4942 5226/6575/4942 5232/6589/4942
f 5230/6582/4943 5236/6590/4943 5237/6591/4943 5231/6583/4943
f 5231/6584/4944 5237/6592/4944 5235/6593/4944 5229/6585/4944
f 5239/6594/4945 5233/6586/4945 5234/6587/4945 5240/6595/4945
f 5240/6596/4946 5234/6588/4946 5232/6589/4946 5238/6597/4946
f 5236/6590/4947 5242/6598/4947 5243/6599/4947 5237/6591/4947
f 5237/6592/4948 5243/6600/4948 5241/6601/4948 5235/6593/4948
f 5245/6602/4949 5239/6594/4949 5240/6595/4949 5246/6603/4949
f 5246/6604/4950 5240/6596/4950 5238/6597/4950 5244/6589/4950
f 5242/6598/4951 5248/6605/4951 5249/6606/4951 5243/6599/4951
f 5243/6600/4952 5249/6607/4952 5247/6608/4952 5241/6601/4952
f 5251/6609/4953 5245/6602/4953 5246/6603/4953 5252/6610/4953
f 5252/6611/4954 5246/6604/4954 5244/6589/4954 5250/6589/4954
f 5248/6605/4955 5254/6612/4955 5255/6613/4955 5249/6606/4955
f 5249/6607/4956 5255/6614/4956 5253/6615/4956 5247/6608/4956
f 5257/6616/4957 5251/6609/4957 5252/6610/4957 5258/6617/4957
f 5258/6618/4958 5252/6611/4958 5250/6589/4958 5256/6619/4958
f 5254/6612/4959 5260/6620/4959 5261/6621/4959 5255/6613/4959
f 5255/6614/4960 5261/6622/4960 5259/6623/4960 5253/6615/4960
f 5263/6624/4961 5257/6616/4961 5258/6617/4961 5264/6625/4961
f 5264/6626/4962 5258/6618/4962 5256/6619/4962 5262/6627/4962
f 5260/6620/4963 5266/6628/4963 5267/6629/4963 5261/6621/4963
f 5261/6622/4964 5267/6630/4964 5265/6631/4964 5259/6623/4964
f 5269/6632/4965 5263/6624/4965 5264/6625/4965 5270/6633/4965
f 5270/6634/4966 5264/6626/4966 5262/6627/4966 5268/6635/4966
f 5266/6628/4967 5272/6636/4967 5273/6637/4967 5267/6629/4967
f 5267/6630/4968 5273/6638/4968 5271/6593/4968 5265/6631/4968
f 5275/6639/4969 5269/6632/4969 5270/6633/4969 5276/6640/4969
f 5276/6641/4970 5270/6634/4970 5268/6635/4970 5274/6642/4970
f 5272/6636/4971 5182/6643/4971 5183/6644/4971 5273/6637/4971
f 5273/6638/4972 5183/6526/4972 5181/6529/4972 5271/6593/4972
f 5185/6645/4973 5275/6639/4973 5276/6640/4973 5186/6646/4973
f 5186/6535/4974 5276/6641/4974 5274/6642/4974 5184/6536/4974
f 5181/6529/4975 5187/6528/4975 5193/6541/4975 5199/6529/4975 5205/6541/4975 5211/6563/4975 5217/6571/4975 5223/6571/4975 5229/6585/4975 5235/6593/4975 5241/6601/4975 5247/6608/4975 5253/6615/4975 5259/6623/4975 5265/6631/4975 5271/6593/4975
f 5182/6522/4976 5185/6531/4976 5191/6530/4976 5188/6523/4976
f 5272/6636/4977 5275/6639/4977 5185/6645/4977 5182/6643/4977
f 5190/6537/4978 5184/6536/4978 5274/6642/4978 5268/6635/4978 5262/6627/4978 5256/6619/4978 5250/6589/4978 5244/6589/4978 5238/6597/4978 5232/6589/4978 5226/6575/4978 5220/6575/4978 5214/6567/4978 5208/6559/4978 5202/6552/4978 5196/6545/4978
f 5188/6523/4979 5191/6530/4979 5197/6542/4979 5194/6538/4979
f 5194/6538/4980 5197/6542/4980 5203/6549/4980 5200/6546/4980
f 5200/6546/4981 5203/6549/4981 5209/6556/4981 5206/6553/4981
f 5206/6553/4982 5209/6556/4982 5215/6564/4982 5212/6560/4982
f 5212/6560/4983 5215/6564/4983 5221/6572/4983 5218/6568/4983
f 5218/6568/4984 5221/6572/4984 5227/6579/4984 5224/6576/4984
f 5224/6576/4985 5227/6579/4985 5233/6586/4985 5230/6582/4985
f 5230/6582/4986 5233/6586/4986 5239/6594/4986 5236/6590/4986
f 5236/6590/4987 5239/6594/4987 5245/6602/4987 5242/6598/4987
f 5242/6598/4988 5245/6602/4988 5251/6609/4988 5248/6605/4988
f 5248/6605/4989 5251/6609/4989 5257/6616/4989 5254/6612/4989
f 5254/6612/4990 5257/6616/4990 5263/6624/4990 5260/6620/4990
f 5260/6620/4991 5263/6624/4991 5269/6632/4991 5266/6628/4991
f 5266/6628/4992 5269/6632/4992 5275/6639/4992 5272/6636/4992
o DMR_Magazine
v 1.477000 1.970000 -0.982000
v 1.477000 1.982000 -0.970000
v 1.465000 1.982000 -0.982000
v 1.477000 1.973515 -0.973515
v 1.470072 1.975072 -0.975072
v 1.468515 1.982000 -0.973515
v 1.468515 1.973515 -0.982000
v 1.477000 2.138000 -0.970000
v 1.477000 2.150000 -0.982000
v 1.465000 2.138000 -0.982000
v 1.477000 2.146485 -0.973515
v 1.470072 2.144928 -0.975072
v 1.468515 2.146485 -0.982000
v 1.468515 2.138000 -0.973515
v 1.477000 1.970000 -1.018000
v 1.465000 1.982000 -1.018000
v 1.477000 1.982000 -1.030000
v 1.468515 1.973515 -1.018000
v 1.470072 1.975072 -1.024928
v 1.468515 1.982000 -1.026485
v 1.477000 1.973515 -1.026485
v 1.477000 2.150000 -1.018000
v 1.477000 2.138000 -1.030000
v 1.465000 2.138000 -1.018000
v 1.477000 2.146485 -1.026485
v 1.470072 2.144928 -1.024928
v 1.468515 2.138000 -1.026485
v 1.468515 2.146485 -1.018000
v 1.523000 1.970000 -0.982000
v 1.535000 1.982000 -0.982000
v 1.523000 1.982000 -0.970000
v 1.531485 1.973515 -0.982000
v 1.529928 1.975072 -0.975072
v 1.531485 1.982000 -0.973515
v 1.523000 1.973515 -0.973515
v 1.523000 2.150000 -0.982000
v 1.523000 2.138000 -0.970000
v 1.535000 2.138000 -0.982000
v 1.523000 2.146485 -0.973515
v 1.529928 2.144928 -0.975072
v 1.531485 2.138000 -0.973515
v 1.531485 2.146485 -0.982000
v 1.523000 1.970000 -1.018000
v 1.523000 1.982000 -1.030000
v 1.535000 1.982000 -1.018000
v 1.523000 1.973515 -1.026485
v 1.529928 1.975072 -1.024928
v 1.531485 1.982000 -1.026485
v 1.531485 1.973515 -1.018000
v 1.523000 2.150000 -1.018000
v 1.535000 2.138000 -1.018000
v 1.523000 2.138000 -1.030000
v 1.531485 2.146485 -1.018000
v 1.529928 2.144928 -1.024928
v 1.531485 2.138000 -1.026485
v 1.523000 2.146485 -1.026485
vn -0.3251 -0.8881 0.3251
vn -0.3251 -0.3251 0.8881
vn -0.8881 -0.3251 0.3251
vn -0.3251 0.3251 0.8881
vn -0.3251 0.8881 0.3251
vn -0.8881 0.3251 0.3251
vn -0.3251 -0.8881 -0.3251
vn -0.8881 -0.3251 -0.3251
vn -0.3251 -0.3251 -0.8881
vn -0.3251 0.8881 -0.3251
vn -0.3251 0.3251 -0.8881
vn -0.8881 0.3251 -0.3251
vn 0.3251 -0.8881 0.3251
vn 0.8881 -0.3251 0.3251
vn 0.3251 -0.3251 0.8881
vn 0.3251 0.8881 0.3251
vn 0.3251 0.3251 0.8881
vn 0.8881 0.3251 0.3251
vn 0.3251 -0.8881 -0.3251
vn 0.3251 -0.3251 -0.8881
vn 0.8881 -0.3251 -0.3251
vn 0.3251 0.8881 -0.3251
vn 0.8881 0.3251 -0.3251
vn 0.3251 0.3251 -0.8881
vn -0.3827 -0.9239 -0.0000
vn -0.9239 -0.3827 -0.0000
vn -0.3827 -0.0000 0.9239
vn -0.9239 -0.0000 0.3827
vn -0.3827 0.9239 -0.0000
vn -0.9239 0.3827 -0.0000
vn -0.3827 -0.0000 -0.9239
vn -0.9239 -0.0000 -0.3827
vn -0.0000 -0.9239 -0.3827
vn -0.0000 -0.3827 -0.9239
vn -0.0000 0.9239 -0.3827
vn -0.0000 0.3827 -0.9239
vn 0.9239 -0.0000 -0.3827
vn 0.3827 -0.0000 -0.9239
vn 0.3827 -0.9239 -0.0000
vn 0.9239 -0.3827 -0.0000
vn 0.3827 0.9239 -0.0000
vn 0.9239 0.3827 -0.0000
vn 0.3827 -0.0000 0.9239
vn 0.9239 -0.0000 0.3827
vn -0.0000 -0.9239 0.3827
vn -0.0000 -0.3827 0.9239
vn -0.0000 0.9239 0.3827
vn -0.0000 0.3827 0.9239
vn -0.0000 -1.0000 -0.0000
vn -1.0000 -0.0000 -0.0000
vn -0.0000 -0.0000 1.0000
vn -0.0000 1.0000 -0.0000
vn -0.0000 -0.0000 -1.0000
vn 1.0000 -0.0000 -0.0000
vt 0.167857 0.700000
vt 0.167857 0.750000
vt 0.143114 0.750000
vt 0.125000 0.700000
vt 0.391667 0.957143
vt 0.391667 1.000000
vt 0.382044 1.000000
vt 0.375000 0.957143
vt 0.391667 0.050000
vt 0.375000 0.050000
vt 0.375000 0.021132
vt 0.391667 0.000000
vt 0.608333 0.957143
vt 0.625000 0.957143
vt 0.625000 0.981886
vt 0.608333 1.000000
vt 0.832143 0.700000
vt 0.875000 0.700000
vt 0.875000 0.728868
vt 0.832143 0.750000
vt 0.608333 0.050000
vt 0.608333 0.000000
vt 0.617956 0.000000
vt 0.625000 0.050000
vt 0.167857 0.550000
vt 0.125000 0.550000
vt 0.125000 0.521132
vt 0.167857 0.500000
vt 0.391667 0.200000
vt 0.391667 0.250000
vt 0.378522 0.259057
vt 0.375000 0.200000
vt 0.391667 0.292857
vt 0.375000 0.292857
vt 0.832143 0.550000
vt 0.832143 0.500000
vt 0.856887 0.500000
vt 0.875000 0.550000
vt 0.608333 0.292857
vt 0.608333 0.250000
vt 0.621478 0.239434
vt 0.625000 0.292857
vt 0.608333 0.200000
vt 0.625000 0.200000
vt 0.332143 0.700000
vt 0.375000 0.700000
vt 0.377348 0.748994
vt 0.353571 0.771429
vt 0.391667 0.700000
vt 0.391667 0.750000
vt 0.391667 0.792857
vt 0.667857 0.700000
vt 0.646429 0.771429
vt 0.628690 0.742956
vt 0.625000 0.700000
vt 0.608333 0.792857
vt 0.608333 0.750000
vt 0.608333 0.700000
vt 0.332143 0.550000
vt 0.353571 0.478571
vt 0.371310 0.507044
vt 0.375000 0.550000
vt 0.391667 0.457143
vt 0.391667 0.500000
vt 0.391667 0.550000
vt 0.667857 0.550000
vt 0.625000 0.550000
vt 0.622652 0.501006
vt 0.646429 0.478571
vt 0.608333 0.550000
vt 0.608333 0.500000
vt 0.608333 0.457143
s 0
usemtl MAT_Polymer
f 5277/6647/4993 5280/6648/4993 5281/6649/4993 5283/6650/4993
f 5278/6651/4994 5282/6652/4994 5281/6653/4994 5280/6654/4994
f 5279/6655/4995 5283/6656/4995 5281/6657/4995 5282/6658/4995
f 5284/6659/4996 5287/6660/4996 5288/6661/4996 5290/6662/4996
f 5285/6663/4997 5289/6664/4997 5288/6665/4997 5287/6666/4997
f 5286/6667/4998 5290/6668/4998 5288/6669/4998 5289/6670/4998
f 5291/6671/4999 5294/6672/4999 5295/6673/4999 5297/6674/4999
f 5292/6675/5000 5296/6676/5000 5295/6677/5000 5294/6678/5000
f 5293/6679/5001 5297/6680/5001 5295/6677/5001 5296/6676/5001
f 5298/6681/5002 5301/6682/5002 5302/6683/5002 5304/6684/5002
f 5299/6685/5003 5303/6686/5003 5302/6687/5003 5301/6688/5003
f 5300/6689/5004 5304/6690/5004 5302/6687/5004 5303/6686/5004
f 5305/6691/5005 5308/6692/5005 5309/6693/5005 5311/6694/5005
f 5306/6695/5006 5310/6696/5006 5309/6693/5006 5308/6692/5006
f 5307/6697/5007 5311/6694/5007 5309/6693/5007 5310/6696/5007
f 5312/6698/5008 5315/6699/5008 5316/6700/5008 5318/6701/5008
f 5313/6702/5009 5317/6703/5009 5316/6700/5009 5315/6699/5009
f 5314/6704/5010 5318/6701/5010 5316/6700/5010 5317/6703/5010
f 5319/6705/5011 5322/6706/5011 5323/6707/5011 5325/6708/5011
f 5320/6709/5012 5324/6710/5012 5323/6707/5012 5322/6706/5012
f 5321/6711/5013 5325/6708/5013 5323/6707/5013 5324/6710/5013
f 5326/6712/5014 5329/6713/5014 5330/6714/5014 5332/6715/5014
f 5327/6716/5015 5331/6717/5015 5330/6714/5015 5329/6713/5015
f 5328/6718/5016 5332/6715/5016 5330/6714/5016 5331/6717/5016
f 5291/6671/5017 5277/6647/5017 5283/6650/5017 5294/6672/5017
f 5294/6678/5018 5283/6656/5018 5279/6655/5018 5292/6675/5018
f 5278/6651/5019 5284/6659/5019 5290/6662/5019 5282/6652/5019
f 5282/6658/5020 5290/6668/5020 5286/6667/5020 5279/6655/5020
f 5285/6663/5021 5298/6681/5021 5304/6684/5021 5289/6664/5021
f 5289/6670/5022 5304/6690/5022 5300/6689/5022 5286/6667/5022
f 5299/6685/5023 5293/6679/5023 5296/6676/5023 5303/6686/5023
f 5303/6686/5024 5296/6676/5024 5292/6675/5024 5300/6689/5024
f 5319/6705/5025 5291/6671/5025 5297/6674/5025 5322/6706/5025
f 5322/6706/5026 5297/6680/5026 5293/6679/5026 5320/6709/5026
f 5298/6681/5027 5326/6712/5027 5332/6715/5027 5301/6682/5027
f 5301/6688/5028 5332/6715/5028 5328/6718/5028 5299/6685/5028
f 5327/6716/5029 5321/6711/5029 5324/6710/5029 5331/6717/5029
f 5331/6717/5030 5324/6710/5030 5320/6709/5030 5328/6718/5030
f 5305/6691/5031 5319/6705/5031 5325/6708/5031 5308/6692/5031
f 5308/6692/5032 5325/6708/5032 5321/6711/5032 5306/6695/5032
f 5326/6712/5033 5312/6698/5033 5318/6701/5033 5329/6713/5033
f 5329/6713/5034 5318/6701/5034 5314/6704/5034 5327/6716/5034
f 5313/6702/5035 5307/6697/5035 5310/6696/5035 5317/6703/5035
f 5317/6703/5036 5310/6696/5036 5306/6695/5036 5314/6704/5036
f 5277/6647/5037 5305/6691/5037 5311/6694/5037 5280/6648/5037
f 5280/6654/5038 5311/6694/5038 5307/6697/5038 5278/6651/5038
f 5312/6698/5039 5285/6663/5039 5287/6666/5039 5315/6699/5039
f 5315/6699/5040 5287/6660/5040 5284/6659/5040 5313/6702/5040
f 5291/6671/5041 5319/6705/5041 5305/6691/5041 5277/6647/5041
f 5279/6655/5042 5286/6667/5042 5300/6689/5042 5292/6675/5042
f 5307/6697/5043 5313/6702/5043 5284/6659/5043 5278/6651/5043
f 5326/6712/5044 5298/6681/5044 5285/6663/5044 5312/6698/5044
f 5293/6679/5045 5299/6685/5045 5328/6718/5045 5320/6709/5045
f 5321/6711/5046 5327/6716/5046 5314/6704/5046 5306/6695/5046
o SniperRifle_Body
v 2.137000 2.100000 -0.977000
v 2.137000 2.112000 -0.965000
v 2.125000 2.112000 -0.977000
v 2.137000 2.103515 -0.968515
v 2.130072 2.105072 -0.970072
v 2.128515 2.112000 -0.968515
v 2.128515 2.103515 -0.977000
v 2.137000 2.188000 -0.965000
v 2.137000 2.200000 -0.977000
v 2.125000 2.188000 -0.977000
v 2.137000 2.196485 -0.968515
v 2.130072 2.194928 -0.970072
v 2.128515 2.196485 -0.977000
v 2.128515 2.188000 -0.968515
v 2.137000 2.100000 -1.023000
v 2.125000 2.112000 -1.023000
v 2.137000 2.112000 -1.035000
v 2.128515 2.103515 -1.023000
v 2.130072 2.105072 -1.029928
v 2.128515 2.112000 -1.031485
v 2.137000 2.103515 -1.031485
v 2.137000 2.200000 -1.023000
v 2.137000 2.188000 -1.035000
v 2.125000 2.188000 -1.023000
v 2.137000 2.196485 -1.031485
v 2.130072 2.194928 -1.029928
v 2.128515 2.188000 -1.031485
v 2.128515 2.196485 -1.023000
v 2.863000 2.100000 -0.977000
v 2.875000 2.112000 -0.977000
v 2.863000 2.112000 -0.965000
v 2.871485 2.103515 -0.977000
v 2.869928 2.105072 -0.970072
v 2.871485 2.112000 -0.968515
v 2.863000 2.103515 -0.968515
v 2.863000 2.200000 -0.977000
v 2.863000 2.188000 -0.965000
v 2.875000 2.188000 -0.977000
v 2.863000 2.196485 -0.968515
v 2.869928 2.194928 -0.970072
v 2.871485 2.188000 -0.968515
v 2.871485 2.196485 -0.977000
v 2.863000 2.100000 -1.023000
v 2.863000 2.112000 -1.035000
v 2.875000 2.112000 -1.023000
v 2.863000 2.103515 -1.031485
v 2.869928 2.105072 -1.029928
v 2.871485 2.112000 -1.031485
v 2.871485 2.103515 -1.023000
v 2.863000 2.200000 -1.023000
v 2.875000 2.188000 -1.023000
v 2.863000 2.188000 -1.035000
v 2.871485 2.196485 -1.023000
v 2.869928 2.194928 -1.029928
v 2.871485 2.188000 -1.031485
v 2.863000 2.196485 -1.031485
vn -0.3251 -0.8881 0.3251
vn -0.3251 -0.3251 0.8881
vn -0.8881 -0.3251 0.3251
vn -0.3251 0.3251 0.8881
vn -0.3251 0.8881 0.3251
vn -0.8881 0.3251 0.3251
vn -0.3251 -0.8881 -0.3251
vn -0.8881 -0.3251 -0.3251
vn -0.3251 -0.3251 -0.8881
vn -0.3251 0.8881 -0.3251
vn -0.3251 0.3251 -0.8881
vn -0.8881 0.3251 -0.3251
vn 0.3251 -0.8881 0.3251
vn 0.8881 -0.3251 0.3251
vn 0.3251 -0.3251 0.8881
vn 0.3251 0.8881 0.3251
vn 0.3251 0.3251 0.8881
vn 0.8881 0.3251 0.3251
vn 0.3251 -0.8881 -0.3251
vn 0.3251 -0.3251 -0.8881
vn 0.8881 -0.3251 -0.3251
vn 0.3251 0.8881 -0.3251
vn 0.8881 0.3251 -0.3251
vn 0.3251 0.3251 -0.8881
vn -0.3827 -0.9239 -0.0000
vn -0.9239 -0.3827 -0.0000
vn -0.3827 -0.0000 0.9239
vn -0.9239 -0.0000 0.3827
vn -0.3827 0.9239 -0.0000
vn -0.9239 0.3827 -0.0000
vn -0.3827 -0.0000 -0.9239
vn -0.9239 -0.0000 -0.3827
vn -0.0000 -0.9239 -0.3827
vn -0.0000 -0.3827 -0.9239
vn -0.0000 0.9239 -0.3827
vn -0.0000 0.3827 -0.9239
vn 0.9239 -0.0000 -0.3827
vn 0.3827 -0.0000 -0.9239
vn 0.3827 -0.9239 -0.0000
vn 0.9239 -0.3827 -0.0000
vn 0.3827 0.9239 -0.0000
vn 0.9239 0.3827 -0.0000
vn 0.3827 -0.0000 0.9239
vn 0.9239 -0.0000 0.3827
vn -0.0000 -0.9239 0.3827
vn -0.0000 -0.3827 0.9239
vn -0.0000 0.9239 0.3827
vn -0.0000 0.3827 0.9239
vn -0.0000 -1.0000 -0.0000
vn -1.0000 -0.0000 -0.0000
vn -0.0000 -0.0000 1.0000
vn -0.0000 1.0000 -0.0000
vn -0.0000 -0.0000 -1.0000
vn 1.0000 -0.0000 -0.0000
vt 0.129000 0.707143
vt 0.129000 0.750000
vt 0.126691 0.750000
vt 0.125000 0.707143
vt 0.405000 0.996000
vt 0.405000 1.000000
vt 0.387679 1.000000
vt 0.375000 0.996000
vt 0.405000 0.042857
vt 0.375000 0.042857
vt 0.375000 0.018114
vt 0.405000 0.000000
vt 0.595000 0.996000
vt 0.625000 0.996000
vt 0.625000 0.998309
vt 0.595000 1.000000
vt 0.871000 0.707143
vt 0.875000 0.707143
vt 0.875000 0.731886
vt 0.871000 0.750000
vt 0.595000 0.042857
vt 0.595000 0.000000
vt 0.612321 0.000000
vt 0.625000 0.042857
vt 0.129000 0.542857
vt 0.125000 0.542857
vt 0.125000 0.518114
vt 0.129000 0.500000
vt 0.405000 0.207143
vt 0.405000 0.250000
vt 0.381340 0.250845
vt 0.375000 0.207143
vt 0.405000 0.254000
vt 0.375000 0.254000
vt 0.871000 0.542857
vt 0.871000 0.500000
vt 0.873309 0.500000
vt 0.875000 0.542857
vt 0.595000 0.254000
vt 0.595000 0.250000
vt 0.618660 0.240943
vt 0.625000 0.254000
vt 0.595000 0.207143
vt 0.625000 0.207143
vt 0.371000 0.707143
vt 0.375000 0.707143
vt 0.379227 0.744526
vt 0.373000 0.752000
vt 0.405000 0.707143
vt 0.405000 0.750000
vt 0.405000 0.754000
vt 0.629000 0.707143
vt 0.627000 0.752000
vt 0.621337 0.743962
vt 0.625000 0.707143
vt 0.595000 0.754000
vt 0.595000 0.750000
vt 0.595000 0.707143
vt 0.371000 0.542857
vt 0.373000 0.498000
vt 0.378663 0.506038
vt 0.375000 0.542857
vt 0.405000 0.496000
vt 0.405000 0.500000
vt 0.405000 0.542857
vt 0.629000 0.542857
vt 0.625000 0.542857
vt 0.620774 0.505474
vt 0.627000 0.498000
vt 0.595000 0.542857
vt 0.595000 0.500000
vt 0.595000 0.496000
s 0
usemtl MAT_Polymer
f 5333/6719/5047 5336/6720/5047 5337/6721/5047 5339/6722/5047
f 5334/6723/5048 5338/6724/5048 5337/6725/5048 5336/6726/5048
f 5335/6727/5049 5339/6728/5049 5337/6729/5049 5338/6730/5049
f 5340/6731/5050 5343/6732/5050 5344/6733/5050 5346/6734/5050
f 5341/6735/5051 5345/6736/5051 5344/6737/5051 5343/6738/5051
f 5342/6739/5052 5346/6740/5052 5344/6741/5052 5345/6742/5052
f 5347/6743/5053 5350/6744/5053 5351/6745/5053 5353/6746/5053
f 5348/6747/5054 5352/6748/5054 5351/6749/5054 5350/6750/5054
f 5349/6751/5055 5353/6752/5055 5351/6749/5055 5352/6748/5055
f 5354/6753/5056 5357/6754/5056 5358/6755/5056 5360/6756/5056
f 5355/6757/5057 5359/6758/5057 5358/6759/5057 5357/6760/5057
f 5356/6761/5058 5360/6762/5058 5358/6759/5058 5359/6758/5058
f 5361/6763/5059 5364/6764/5059 5365/6765/5059 5367/6766/5059
f 5362/6767/5060 5366/6768/5060 5365/6765/5060 5364/6764/5060
f 5363/6769/5061 5367/6766/5061 5365/6765/5061 5366/6768/5061
f 5368/6770/5062 5371/6771/5062 5372/6772/5062 5374/6773/5062
f 5369/6774/5063 5373/6775/5063 5372/6772/5063 5371/6771/5063
f 5370/6776/5064 5374/6773/5064 5372/6772/5064 5373/6775/5064
f 5375/6777/5065 5378/6778/5065 5379/6779/5065 5381/6780/5065
f 5376/6781/5066 5380/6782/5066 5379/6779/5066 5378/6778/5066
f 5377/6783/5067 5381/6780/5067 5379/6779/5067 5380/6782/5067
f 5382/6784/5068 5385/6785/5068 5386/6786/5068 5388/6787/5068
f 5383/6788/5069 5387/6789/5069 5386/6786/5069 5385/6785/5069
f 5384/6790/5070 5388/6787/5070 5386/6786/5070 5387/6789/5070
f 5347/6743/5071 5333/6719/5071 5339/6722/5071 5350/6744/5071
f 5350/6750/5072 5339/6728/5072 5335/6727/5072 5348/6747/5072
f 5334/6723/5073 5340/6731/5073 5346/6734/5073 5338/6724/5073
f 5338/6730/5074 5346/6740/5074 5342/6739/5074 5335/6727/5074
f 5341/6735/5075 5354/6753/5075 5360/6756/5075 5345/6736/5075
f 5345/6742/5076 5360/6762/5076 5356/6761/5076 5342/6739/5076
f 5355/6757/5077 5349/6751/5077 5352/6748/5077 5359/6758/5077
f 5359/6758/5078 5352/6748/5078 5348/6747/5078 5356/6761/5078
f 5375/6777/5079 5347/6743/5079 5353/6746/5079 5378/6778/5079
f 5378/6778/5080 5353/6752/5080 5349/6751/5080 5376/6781/5080
f 5354/6753/5081 5382/6784/5081 5388/6787/5081 5357/6754/5081
f 5357/6760/5082 5388/6787/5082 5384/6790/5082 5355/6757/5082
f 5383/6788/5083 5377/6783/5083 5380/6782/5083 5387/6789/5083
f 5387/6789/5084 5380/6782/5084 5376/6781/5084 5384/6790/5084
f 5361/6763/5085 5375/6777/5085 5381/6780/5085 5364/6764/5085
f 5364/6764/5086 5381/6780/5086 5377/6783/5086 5362/6767/5086
f 5382/6784/5087 5368/6770/5087 5374/6773/5087 5385/6785/5087
f 5385/6785/5088 5374/6773/5088 5370/6776/5088 5383/6788/5088
f 5369/6774/5089 5363/6769/5089 5366/6768/5089 5373/6775/5089
f 5373/6775/5090 5366/6768/5090 5362/6767/5090 5370/6776/5090
f 5333/6719/5091 5361/6763/5091 5367/6766/5091 5336/6720/5091
f 5336/6726/5092 5367/6766/5092 5363/6769/5092 5334/6723/5092
f 5368/6770/5093 5341/6735/5093 5343/6738/5093 5371/6771/5093
f 5371/6771/5094 5343/6732/5094 5340/6731/5094 5369/6774/5094
f 5347/6743/5095 5375/6777/5095 5361/6763/5095 5333/6719/5095
f 5335/6727/5096 5342/6739/5096 5356/6761/5096 5348/6747/5096
f 5363/6769/5097 5369/6774/5097 5340/6731/5097 5334/6723/5097
f 5382/6784/5098 5354/6753/5098 5341/6735/5098 5368/6770/5098
f 5349/6751/5099 5355/6757/5099 5384/6790/5099 5376/6781/5099
f 5377/6783/5100 5383/6788/5100 5370/6776/5100 5362/6767/5100
o SniperRifle_Stock
v 1.815000 2.075000 -0.975000
v 1.815000 2.090000 -0.960000
v 1.800000 2.090000 -0.975000
v 1.815000 2.079393 -0.964393
v 1.806340 2.081340 -0.966340
v 1.804393 2.090000 -0.964393
v 1.804393 2.079393 -0.975000
v 1.815000 2.210000 -0.960000
v 1.815000 2.225000 -0.975000
v 1.800000 2.210000 -0.975000
v 1.815000 2.220607 -0.964393
v 1.806340 2.218660 -0.966340
v 1.804393 2.220607 -0.975000
v 1.804393 2.210000 -0.964393
v 1.815000 2.075000 -1.025000
v 1.800000 2.090000 -1.025000
v 1.815000 2.090000 -1.040000
v 1.804393 2.079393 -1.025000
v 1.806340 2.081340 -1.033660
v 1.804393 2.090000 -1.035607
v 1.815000 2.079393 -1.035607
v 1.815000 2.225000 -1.025000
v 1.815000 2.210000 -1.040000
v 1.800000 2.210000 -1.025000
v 1.815000 2.220607 -1.035607
v 1.806340 2.218660 -1.033660
v 1.804393 2.210000 -1.035607
v 1.804393 2.220607 -1.025000
v 2.135000 2.075000 -0.975000
v 2.150000 2.090000 -0.975000
v 2.135000 2.090000 -0.960000
v 2.145607 2.079393 -0.975000
v 2.143660 2.081340 -0.966340
v 2.145607 2.090000 -0.964393
v 2.135000 2.079393 -0.964393
v 2.135000 2.225000 -0.975000
v 2.135000 2.210000 -0.960000
v 2.150000 2.210000 -0.975000
v 2.135000 2.220607 -0.964393
v 2.143660 2.218660 -0.966340
v 2.145607 2.210000 -0.964393
v 2.145607 2.220607 -0.975000
v 2.135000 2.075000 -1.025000
v 2.135000 2.090000 -1.040000
v 2.150000 2.090000 -1.025000
v 2.135000 2.079393 -1.035607
v 2.143660 2.081340 -1.033660
v 2.145607 2.090000 -1.035607
v 2.145607 2.079393 -1.025000
v 2.135000 2.225000 -1.025000
v 2.150000 2.210000 -1.025000
v 2.135000 2.210000 -1.040000
v 2.145607 2.220607 -1.025000
v 2.143660 2.218660 -1.033660
v 2.145607 2.210000 -1.035607
v 2.135000 2.220607 -1.035607
vn -0.3251 -0.8881 0.3251
vn -0.3251 -0.3251 0.8881
vn -0.8881 -0.3251 0.3251
vn -0.3251 0.3251 0.8881
vn -0.3251 0.8881 0.3251
vn -0.8881 0.3251 0.3251
vn -0.3251 -0.8881 -0.3251
vn -0.8881 -0.3251 -0.3251
vn -0.3251 -0.3251 -0.8881
vn -0.3251 0.8881 -0.3251
vn -0.3251 0.3251 -0.8881
vn -0.8881 0.3251 -0.3251
vn 0.3251 -0.8881 0.3251
vn 0.8881 -0.3251 0.3251
vn 0.3251 -0.3251 0.8881
vn 0.3251 0.8881 0.3251
vn 0.3251 0.3251 0.8881
vn 0.8881 0.3251 0.3251
vn 0.3251 -0.8881 -0.3251
vn 0.3251 -0.3251 -0.8881
vn 0.8881 -0.3251 -0.3251
vn 0.3251 0.8881 -0.3251
vn 0.8881 0.3251 -0.3251
vn 0.3251 0.3251 -0.8881
vn -0.3827 -0.9239 -0.0000
vn -0.9239 -0.3827 -0.0000
vn -0.3827 -0.0000 0.9239
vn -0.9239 -0.0000 0.3827
vn -0.3827 0.9239 -0.0000
vn -0.9239 0.3827 -0.0000
vn -0.3827 -0.0000 -0.9239
vn -0.9239 -0.0000 -0.3827
vn -0.0000 -0.9239 -0.3827
vn -0.0000 -0.3827 -0.9239
vn -0.0000 0.9239 -0.3827
vn -0.0000 0.3827 -0.9239
vn 0.9239 -0.0000 -0.3827
vn 0.3827 -0.0000 -0.9239
vn 0.3827 -0.9239 -0.0000
vn 0.9239 -0.3827 -0.0000
vn 0.3827 0.9239 -0.0000
vn 0.9239 0.3827 -0.0000
vn 0.3827 -0.0000 0.9239
vn 0.9239 -0.0000 0.3827
vn -0.0000 -0.9239 0.3827
vn -0.0000 -0.3827 0.9239
vn -0.0000 0.9239 0.3827
vn -0.0000 0.3827 0.9239
vn -0.0000 -1.0000 -0.0000
vn -1.0000 -0.0000 -0.0000
vn -0.0000 -0.0000 1.0000
vn -0.0000 1.0000 -0.0000
vn -0.0000 -0.0000 -1.0000
vn 1.0000 -0.0000 -0.0000
vt 0.135714 0.703125
vt 0.135714 0.750000
vt 0.129528 0.750000
vt 0.125000 0.703125
vt 0.400000 0.989286
vt 0.400000 1.000000
vt 0.385566 1.000000
vt 0.375000 0.989286
vt 0.400000 0.046875
vt 0.375000 0.046875
vt 0.375000 0.019812
vt 0.400000 0.000000
vt 0.600000 0.989286
vt 0.625000 0.989286
vt 0.625000 0.995472
vt 0.600000 1.000000
vt 0.864286 0.703125
vt 0.875000 0.703125
vt 0.875000 0.730188
vt 0.864286 0.750000
vt 0.600000 0.046875
vt 0.600000 0.000000
vt 0.614434 0.000000
vt 0.625000 0.046875
vt 0.135714 0.546875
vt 0.125000 0.546875
vt 0.125000 0.519812
vt 0.135714 0.500000
vt 0.400000 0.203125
vt 0.400000 0.250000
vt 0.380283 0.252264
vt 0.375000 0.203125
vt 0.400000 0.260714
vt 0.375000 0.260714
vt 0.864286 0.546875
vt 0.864286 0.500000
vt 0.870472 0.500000
vt 0.875000 0.546875
vt 0.600000 0.260714
vt 0.600000 0.250000
vt 0.619717 0.240094
vt 0.625000 0.260714
vt 0.600000 0.203125
vt 0.625000 0.203125
vt 0.364286 0.703125
vt 0.375000 0.703125
vt 0.378522 0.744906
vt 0.369643 0.755357
vt 0.400000 0.703125
vt 0.400000 0.750000
vt 0.400000 0.760714
vt 0.635714 0.703125
vt 0.630357 0.755357
vt 0.622987 0.743396
vt 0.625000 0.703125
vt 0.600000 0.760714
vt 0.600000 0.750000
vt 0.600000 0.703125
vt 0.364286 0.546875
vt 0.369643 0.494643
vt 0.377013 0.506604
vt 0.375000 0.546875
vt 0.400000 0.489286
vt 0.400000 0.500000
vt 0.400000 0.546875
vt 0.635714 0.546875
vt 0.625000 0.546875
vt 0.621478 0.505094
vt 0.630357 0.494643
vt 0.600000 0.546875
vt 0.600000 0.500000
vt 0.600000 0.489286
s 0
usemtl MAT_Polymer
f 5389/6791/5101 5392/6792/5101 5393/6793/5101 5395/6794/5101
f 5390/6795/5102 5394/6796/5102 5393/6797/5102 5392/6798/5102
f 5391/6799/5103 5395/6800/5103 5393/6801/5103 5394/6802/5103
f 5396/6803/5104 5399/6804/5104 5400/6805/5104 5402/6806/5104
f 5397/6807/5105 5401/6808/5105 5400/6809/5105 5399/6810/5105
f 5398/6811/5106 5402/6812/5106 5400/6813/5106 5401/6814/5106
f 5403/6815/5107 5406/6816/5107 5407/6817/5107 5409/6818/5107
f 5404/6819/5108 5408/6820/5108 5407/6821/5108 5406/6822/5108
f 5405/6823/5109 5409/6824/5109 5407/6821/5109 5408/6820/5109
f 5410/6825/5110 5413/6826/5110 5414/6827/5110 5416/6828/5110
f 5411/6829/5111 5415/6830/5111 5414/6831/5111 5413/6832/5111
f 5412/6833/5112 5416/6834/5112 5414/6831/5112 5415/6830/5112
f 5417/6835/5113 5420/6836/5113 5421/6837/5113 5423/6838/5113
f 5418/6839/5114 5422/6840/5114 5421/6837/5114 5420/6836/5114
f 5419/6841/5115 5423/6838/5115 5421/6837/5115 5422/6840/5115
f 5424/6842/5116 5427/6843/5116 5428/6844/5116 5430/6845/5116
f 5425/6846/5117 5429/6847/5117 5428/6844/5117 5427/6843/5117
f 5426/6848/5118 5430/6845/5118 5428/6844/5118 5429/6847/5118
f 5431/6849/5119 5434/6850/5119 5435/6851/5119 5437/6852/5119
f 5432/6853/5120 5436/6854/5120 5435/6851/5120 5434/6850/5120
f 5433/6855/5121 5437/6852/5121 5435/6851/5121 5436/6854/5121
f 5438/6856/5122 5441/6857/5122 5442/6858/5122 5444/6859/5122
f 5439/6860/5123 5443/6861/5123 5442/6858/5123 5441/6857/5123
f 5440/6862/5124 5444/6859/5124 5442/6858/5124 5443/6861/5124
f 5403/6815/5125 5389/6791/5125 5395/6794/5125 5406/6816/5125
f 5406/6822/5126 5395/6800/5126 5391/6799/5126 5404/6819/5126
f 5390/6795/5127 5396/6803/5127 5402/6806/5127 5394/6796/5127
f 5394/6802/5128 5402/6812/5128 5398/6811/5128 5391/6799/5128
f 5397/6807/5129 5410/6825/5129 5416/6828/5129 5401/6808/5129
f 5401/6814/5130 5416/6834/5130 5412/6833/5130 5398/6811/5130
f 5411/6829/5131 5405/6823/5131 5408/6820/5131 5415/6830/5131
f 5415/6830/5132 5408/6820/5132 5404/6819/5132 5412/6833/5132
f 5431/6849/5133 5403/6815/5133 5409/6818/5133 5434/6850/5133
f 5434/6850/5134 5409/6824/5134 5405/6823/5134 5432/6853/5134
f 5410/6825/5135 5438/6856/5135 5444/6859/5135 5413/6826/5135
f 5413/6832/5136 5444/6859/5136 5440/6862/5136 5411/6829/5136
f 5439/6860/5137 5433/6855/5137 5436/6854/5137 5443/6861/5137
f 5443/6861/5138 5436/6854/5138 5432/6853/5138 5440/6862/5138
f 5417/6835/5139 5431/6849/5139 5437/6852/5139 5420/6836/5139
f 5420/6836/5140 5437/6852/5140 5433/6855/5140 5418/6839/5140
f 5438/6856/5141 5424/6842/5141 5430/6845/5141 5441/6857/5141
f 5441/6857/5142 5430/6845/5142 5426/6848/5142 5439/6860/5142
f 5425/6846/5143 5419/6841/5143 5422/6840/5143 5429/6847/5143
f 5429/6847/5144 5422/6840/5144 5418/6839/5144 5426/6848/5144
f 5389/6791/5145 5417/6835/5145 5423/6838/5145 5392/6792/5145
f 5392/6798/5146 5423/6838/5146 5419/6841/5146 5390/6795/5146
f 5424/6842/5147 5397/6807/5147 5399/6810/5147 5427/6843/5147
f 5427/6843/5148 5399/6804/5148 5396/6803/5148 5425/6846/5148
f 5403/6815/5149 5431/6849/5149 5417/6835/5149 5389/6791/5149
f 5391/6799/5150 5398/6811/5150 5412/6833/5150 5404/6819/5150
f 5419/6841/5151 5425/6846/5151 5396/6803/5151 5390/6795/5151
f 5438/6856/5152 5410/6825/5152 5397/6807/5152 5424/6842/5152
f 5405/6823/5153 5411/6829/5153 5440/6862/5153 5432/6853/5153
f 5433/6855/5154 5439/6860/5154 5426/6848/5154 5418/6839/5154
o SniperRifle_Barrel
v 2.762500 2.150000 -1.000000
v 2.774269 2.150000 -1.012000
v 2.765947 2.150000 -1.008485
v 3.312500 2.150000 -1.000000
v 3.300730 2.150000 -1.012000
v 3.309053 2.150000 -1.008485
v 2.762500 2.150000 -1.000000
v 2.774269 2.145408 -1.011087
v 2.765947 2.146753 -1.007839
v 3.312500 2.150000 -1.000000
v 3.300730 2.145408 -1.011087
v 3.309053 2.146753 -1.007839
v 2.762500 2.150000 -1.000000
v 2.774269 2.141515 -1.008485
v 2.765947 2.144000 -1.006000
v 3.312500 2.150000 -1.000000
v 3.300730 2.141515 -1.008485
v 3.309053 2.144000 -1.006000
v 2.762500 2.150000 -1.000000
v 2.774269 2.138914 -1.004592
v 2.765947 2.142161 -1.003247
v 3.312500 2.150000 -1.000000
v 3.300730 2.138914 -1.004592
v 3.309053 2.142161 -1.003247
v 2.762500 2.150000 -1.000000
v 2.774269 2.138000 -1.000000
v 2.765947 2.141515 -1.000000
v 3.312500 2.150000 -1.000000
v 3.300730 2.138000 -1.000000
v 3.309053 2.141515 -1.000000
v 2.762500 2.150000 -1.000000
v 2.774269 2.138914 -0.995408
v 2.765947 2.142161 -0.996753
v 3.312500 2.150000 -1.000000
v 3.300730 2.138914 -0.995408
v 3.309053 2.142161 -0.996753
v 2.762500 2.150000 -1.000000
v 2.774269 2.141515 -0.991515
v 2.765947 2.144000 -0.994000
v 3.312500 2.150000 -1.000000
v 3.300730 2.141515 -0.991515
v 3.309053 2.144000 -0.994000
v 2.762500 2.150000 -1.000000
v 2.774269 2.145408 -0.988913
v 2.765947 2.146753 -0.992161
v 3.312500 2.150000 -1.000000
v 3.300730 2.145408 -0.988913
v 3.309053 2.146753 -0.992161
v 2.762500 2.150000 -1.000000
v 2.774269 2.150000 -0.988000
v 2.765947 2.150000 -0.991515
v 3.312500 2.150000 -1.000000
v 3.300730 2.150000 -0.988000
v 3.309053 2.150000 -0.991515
v 2.762500 2.150000 -1.000000
v 2.774269 2.154592 -0.988913
v 2.765947 2.153247 -0.992161
v 3.312500 2.150000 -1.000000
v 3.300730 2.154592 -0.988913
v 3.309053 2.153247 -0.992161
v 2.762500 2.150000 -1.000000
v 2.774269 2.158485 -0.991515
v 2.765947 2.156000 -0.994000
v 3.312500 2.150000 -1.000000
v 3.300730 2.158485 -0.991515
v 3.309053 2.156000 -0.994000
v 2.762500 2.150000 -1.000000
v 2.774269 2.161087 -0.995408
v 2.765947 2.157840 -0.996753
v 3.312500 2.150000 -1.000000
v 3.300730 2.161087 -0.995408
v 3.309053 2.157840 -0.996753
v 2.762500 2.150000 -1.000000
v 2.774269 2.162000 -1.000000
v 2.765947 2.158485 -1.000000
v 3.312500 2.150000 -1.000000
v 3.300730 2.162000 -1.000000
v 3.309053 2.158485 -1.000000
v 2.762500 2.150000 -1.000000
v 2.774269 2.161087 -1.004592
v 2.765947 2.157840 -1.003247
v 3.312500 2.150000 -1.000000
v 3.300730 2.161087 -1.004592
v 3.309053 2.157840 -1.003247
v 2.762500 2.150000 -1.000000
v 2.774269 2.158485 -1.008485
v 2.765947 2.156000 -1.006000
v 3.312500 2.150000 -1.000000
v 3.300730 2.158485 -1.008485
v 3.309053 2.156000 -1.006000
v 2.762500 2.150000 -1.000000
v 2.774269 2.154592 -1.011087
v 2.765947 2.153247 -1.007839
v 3.312500 2.150000 -1.000000
v 3.300730 2.154592 -1.011087
v 3.309053 2.153247 -1.007839
vn -0.3827 -0.1802 -0.9061
vn -0.9239 -0.0747 -0.3753
vn 0.3827 -0.1802 -0.9061
vn 0.9239 -0.0747 -0.3753
vn -0.3827 -0.5133 -0.7682
vn -0.9239 -0.2126 -0.3182
vn 0.3827 -0.5133 -0.7682
vn 0.9239 -0.2126 -0.3182
vn -0.3827 -0.7682 -0.5133
vn -0.9239 -0.3182 -0.2126
vn 0.3827 -0.7682 -0.5133
vn 0.9239 -0.3182 -0.2126
vn -0.3827 -0.9061 -0.1802
vn -0.9239 -0.3753 -0.0747
vn 0.3827 -0.9061 -0.1802
vn 0.9239 -0.3753 -0.0747
vn -0.3827 -0.9061 0.1802
vn -0.9239 -0.3753 0.0747
vn 0.3827 -0.9061 0.1802
vn 0.9239 -0.3753 0.0747
vn -0.3827 -0.7682 0.5133
vn -0.9239 -0.3182 0.2126
vn 0.3827 -0.7682 0.5133
vn 0.9239 -0.3182 0.2126
vn -0.3827 -0.5133 0.7682
vn -0.9239 -0.2126 0.3182
vn 0.3827 -0.5133 0.7682
vn 0.9239 -0.2126 0.3182
vn -0.3827 -0.1802 0.9061
vn -0.9239 -0.0747 0.3753
vn 0.3827 -0.1802 0.9061
vn 0.9239 -0.0747 0.3753
vn -0.3827 0.1802 0.9061
vn -0.9239 0.0747 0.3753
vn 0.3827 0.1802 0.9061
vn 0.9239 0.0747 0.3753
vn -0.3827 0.5133 0.7682
vn -0.9239 0.2126 0.3182
vn 0.3827 0.5133 0.7682
vn 0.9239 0.2126 0.3182
vn -0.3827 0.7682 0.5133
vn -0.9239 0.3182 0.2126
vn 0.3827 0.7682 0.5133
vn 0.9239 0.3182 0.2126
vn -0.3827 0.9061 0.1802
vn -0.9239 0.3753 0.0747
vn 0.3827 0.9061 0.1802
vn 0.9239 0.3753 0.0747
vn -0.3827 0.9061 -0.1802
vn -0.9239 0.3753 -0.0747
vn 0.3827 0.9061 -0.1802
vn 0.9239 0.3753 -0.0747
vn -0.3827 0.7682 -0.5133
vn -0.9239 0.3182 -0.2126
vn 0.3827 0.7682 -0.5133
vn 0.9239 0.3182 -0.2126
vn -0.3827 0.5133 -0.7682
vn -0.9239 0.2126 -0.3182
vn 0.3827 0.5133 -0.7682
vn 0.9239 0.2126 -0.3182
vn -0.3827 0.1802 -0.9061
vn -0.9239 0.0747 -0.3753
vn 0.3827 0.1802 -0.9061
vn 0.9239 0.0747 -0.3753
vn -0.4712 -0.8820 -0.0000
vn -0.0000 -0.1951 -0.9808
vn -0.0000 0.1951 -0.9808
vn 0.1324 0.9912 -0.0000
vn -0.0000 -0.5556 -0.8315
vn -0.0000 -0.8315 -0.5556
vn -0.0000 -0.9808 -0.1951
vn -0.0000 -0.9808 0.1951
vn -0.0000 -0.8315 0.5556
vn -0.0000 -0.5556 0.8315
vn -0.0000 -0.1951 0.9808
vn -0.0000 0.1951 0.9808
vn -0.0000 0.5556 0.8315
vn -0.0000 0.8315 0.5556
vn -0.0000 0.9808 0.1951
vn -0.0000 0.9808 -0.1951
vn -0.0000 0.8315 -0.5556
vn -0.0000 0.5556 -0.8315
vt 1.000000 0.510699
vt 0.937500 0.510700
vt 0.937500 0.500000
vt 0.990847 0.500000
vt 0.750000 0.487325
vt 0.840820 0.469259
vt 0.750000 0.250000
vt 0.750000 0.250000
vt 0.937500 0.989300
vt 1.000000 0.989300
vt 0.990847 1.000000
vt 0.937500 1.000000
vt 0.340820 0.469259
vt 0.250000 0.487325
vt 0.250000 0.250000
vt 0.250000 0.250000
vt 0.875000 0.510700
vt 0.875000 0.500000
vt 0.917814 0.417814
vt 0.750000 0.250000
vt 0.875000 0.989300
vt 0.875000 1.000000
vt 0.417814 0.417814
vt 0.250000 0.250000
vt 0.812500 0.510700
vt 0.812500 0.500000
vt 0.969259 0.340820
vt 0.812500 0.989300
vt 0.812500 1.000000
vt 0.469259 0.340820
vt 0.250000 0.250000
vt 0.750000 0.510700
vt 0.750000 0.500000
vt 0.987325 0.250000
vt 0.750000 0.989300
vt 0.750000 1.000000
vt 0.487325 0.250000
vt 0.250000 0.250000
vt 0.687500 0.510700
vt 0.687500 0.500000
vt 0.969259 0.159180
vt 0.750000 0.250000
vt 0.687500 0.989300
vt 0.687500 1.000000
vt 0.469259 0.159180
vt 0.250000 0.250000
vt 0.625000 0.510700
vt 0.625000 0.500000
vt 0.917814 0.082186
vt 0.750000 0.250000
vt 0.625000 0.989300
vt 0.625000 1.000000
vt 0.417814 0.082186
vt 0.250000 0.250000
vt 0.562500 0.510700
vt 0.562500 0.500000
vt 0.840820 0.030741
vt 0.562500 0.989300
vt 0.562500 1.000000
vt 0.340820 0.030741
vt 0.500000 0.510700
vt 0.500000 0.500000
vt 0.750000 0.012675
vt 0.750000 0.250000
vt 0.500000 0.989300
vt 0.500000 1.000000
vt 0.250000 0.012675
vt 0.250000 0.250000
vt 0.437500 0.510700
vt 0.437500 0.500000
vt 0.659180 0.030741
vt 0.750000 0.250000
vt 0.437500 0.989300
vt 0.437500 1.000000
vt 0.159180 0.030741
vt 0.250000 0.250000
vt 0.375000 0.510700
vt 0.375000 0.500000
vt 0.582186 0.082186
vt 0.750000 0.250000
vt 0.375000 0.989300
vt 0.375000 1.000000
vt 0.082186 0.082186
vt 0.312500 0.510700
vt 0.312500 0.500000
vt 0.530741 0.159180
vt 0.750000 0.250000
vt 0.312500 0.989300
vt 0.312500 1.000000
vt 0.030741 0.159180
vt 0.250000 0.510700
vt 0.250000 0.500000
vt 0.512675 0.250000
vt 0.750000 0.250000
vt 0.250000 0.989300
vt 0.250000 1.000000
vt 0.012675 0.250000
vt 0.250000 0.250000
vt 0.187500 0.510700
vt 0.187500 0.500000
vt 0.530741 0.340820
vt 0.750000 0.250000
vt 0.187500 0.989300
vt 0.187500 1.000000
vt 0.030741 0.340820
vt 0.250000 0.250000
vt 0.125000 0.510700
vt 0.125000 0.500000
vt 0.582186 0.417814
vt 0.750000 0.250000
vt 0.125000 0.989300
vt 0.125000 1.000000
vt 0.082186 0.417814
vt 0.250000 0.250000
vt 0.062500 0.510700
vt 0.062500 0.500000
vt 0.659180 0.469259
vt 0.062500 0.989300
vt 0.062500 1.000000
vt 0.159180 0.469259
vt 0.250000 0.250000
vt 0.000000 0.510700
vt 0.009153 0.500000
vt 0.000000 0.989300
vt 0.009153 1.000000
s 0
usemtl MAT_PaintedMetal
f 5446/6863/5155 5452/6864/5155 5453/6865/5155 5447/6866/5155
f 5447/6867/5156 5453/6868/5156 5451/6869/5156 5445/6870/5156
f 5455/6871/5157 5449/6872/5157 5450/6873/5157 5456/6874/5157
f 5456/6875/5158 5450/6876/5158 5448/6877/5158 5454/6878/5158
f 5452/6864/5159 5458/6879/5159 5459/6880/5159 5453/6865/5159
f 5453/6868/5160 5459/6881/5160 5457/6882/5160 5451/6869/5160
f 5461/6883/5161 5455/6871/5161 5456/6874/5161 5462/6884/5161
f 5462/6885/5162 5456/6875/5162 5454/6878/5162 5460/6886/5162
f 5458/6879/5163 5464/6887/5163 5465/6888/5163 5459/6880/5163
f 5459/6881/5164 5465/6889/5164 5463/6870/5164 5457/6882/5164
f 5467/6890/5165 5461/6883/5165 5462/6884/5165 5468/6891/5165
f 5468/6892/5166 5462/6885/5166 5460/6886/5166 5466/6893/5166
f 5464/6887/5167 5470/6894/5167 5471/6895/5167 5465/6888/5167
f 5465/6889/5168 5471/6896/5168 5469/6882/5168 5463/6870/5168
f 5473/6897/5169 5467/6890/5169 5468/6891/5169 5474/6898/5169
f 5474/6899/5170 5468/6892/5170 5466/6893/5170 5472/6900/5170
f 5470/6894/5171 5476/6901/5171 5477/6902/5171 5471/6895/5171
f 5471/6896/5172 5477/6903/5172 5475/6904/5172 5469/6882/5172
f 5479/6905/5173 5473/6897/5173 5474/6898/5173 5480/6906/5173
f 5480/6907/5174 5474/6899/5174 5472/6900/5174 5478/6908/5174
f 5476/6901/5175 5482/6909/5175 5483/6910/5175 5477/6902/5175
f 5477/6903/5176 5483/6911/5176 5481/6912/5176 5475/6904/5176
f 5485/6913/5177 5479/6905/5177 5480/6906/5177 5486/6914/5177
f 5486/6915/5178 5480/6907/5178 5478/6908/5178 5484/6916/5178
f 5482/6909/5179 5488/6917/5179 5489/6918/5179 5483/6910/5179
f 5483/6911/5180 5489/6919/5180 5487/6912/5180 5481/6912/5180
f 5491/6920/5181 5485/6913/5181 5486/6914/5181 5492/6921/5181
f 5492/6922/5182 5486/6915/5182 5484/6916/5182 5490/6916/5182
f 5488/6917/5183 5494/6923/5183 5495/6924/5183 5489/6918/5183
f 5489/6919/5184 5495/6925/5184 5493/6926/5184 5487/6912/5184
f 5497/6927/5185 5491/6920/5185 5492/6921/5185 5498/6928/5185
f 5498/6929/5186 5492/6922/5186 5490/6916/5186 5496/6930/5186
f 5494/6923/5187 5500/6931/5187 5501/6932/5187 5495/6924/5187
f 5495/6925/5188 5501/6933/5188 5499/6934/5188 5493/6926/5188
f 5503/6935/5189 5497/6927/5189 5498/6928/5189 5504/6936/5189
f 5504/6937/5190 5498/6929/5190 5496/6930/5190 5502/6938/5190
f 5500/6931/5191 5506/6939/5191 5507/6940/5191 5501/6932/5191
f 5501/6933/5192 5507/6941/5192 5505/6942/5192 5499/6934/5192
f 5509/6943/5193 5503/6935/5193 5504/6936/5193 5510/6944/5193
f 5510/6945/5194 5504/6937/5194 5502/6938/5194 5508/6930/5194
f 5506/6939/5195 5512/6946/5195 5513/6947/5195 5507/6940/5195
f 5507/6941/5196 5513/6948/5196 5511/6949/5196 5505/6942/5196
f 5515/6950/5197 5509/6943/5197 5510/6944/5197 5516/6951/5197
f 5516/6952/5198 5510/6945/5198 5508/6930/5198 5514/6930/5198
f 5512/6946/5199 5518/6953/5199 5519/6954/5199 5513/6947/5199
f 5513/6948/5200 5519/6955/5200 5517/6956/5200 5511/6949/5200
f 5521/6957/5201 5515/6950/5201 5516/6951/5201 5522/6958/5201
f 5522/6959/5202 5516/6952/5202 5514/6930/5202 5520/6960/5202
f 5518/6953/5203 5524/6961/5203 5525/6962/5203 5519/6954/5203
f 5519/6955/5204 5525/6963/5204 5523/6964/5204 5517/6956/5204
f 5527/6965/5205 5521/6957/5205 5522/6958/5205 5528/6966/5205
f 5528/6967/5206 5522/6959/5206 5520/6960/5206 5526/6968/5206
f 5524/6961/5207 5530/6969/5207 5531/6970/5207 5525/6962/5207
f 5525/6963/5208 5531/6971/5208 5529/6972/5208 5523/6964/5208
f 5533/6973/5209 5527/6965/5209 5528/6966/5209 5534/6974/5209
f 5534/6975/5210 5528/6967/5210 5526/6968/5210 5532/6976/5210
f 5530/6969/5211 5536/6977/5211 5537/6978/5211 5531/6970/5211
f 5531/6971/5212 5537/6979/5212 5535/6934/5212 5529/6972/5212
f 5539/6980/5213 5533/6973/5213 5534/6974/5213 5540/6981/5213
f 5540/6982/5214 5534/6975/5214 5532/6976/5214 5538/6983/5214
f 5536/6977/5215 5446/6984/5215 5447/6985/5215 5537/6978/5215
f 5537/6979/5216 5447/6867/5216 5445/6870/5216 5535/6934/5216
f 5449/6986/5217 5539/6980/5217 5540/6981/5217 5450/6987/5217
f 5450/6876/5218 5540/6982/5218 5538/6983/5218 5448/6877/5218
f 5445/6870/5219 5451/6869/5219 5457/6882/5219 5463/6870/5219 5469/6882/5219 5475/6904/5219 5481/6912/5219 5487/6912/5219 5493/6926/5219 5499/6934/5219 5505/6942/5219 5511/6949/5219 5517/6956/5219 5523/6964/5219 5529/6972/5219 5535/6934/5219
f 5446/6863/5220 5449/6872/5220 5455/6871/5220 5452/6864/5220
f 5536/6977/5221 5539/6980/5221 5449/6986/5221 5446/6984/5221
f 5454/6878/5222 5448/6877/5222 5538/6983/5222 5532/6976/5222 5526/6968/5222 5520/6960/5222 5514/6930/5222 5508/6930/5222 5502/6938/5222 5496/6930/5222 5490/6916/5222 5484/6916/5222 5478/6908/5222 5472/6900/5222 5466/6893/5222 5460/6886/5222
f 5452/6864/5223 5455/6871/5223 5461/6883/5223 5458/6879/5223
f 5458/6879/5224 5461/6883/5224 5467/6890/5224 5464/6887/5224
f 5464/6887/5225 5467/6890/5225 5473/6897/5225 5470/6894/5225
f 5470/6894/5226 5473/6897/5226 5479/6905/5226 5476/6901/5226
f 5476/6901/5227 5479/6905/5227 5485/6913/5227 5482/6909/5227
f 5482/6909/5228 5485/6913/5228 5491/6920/5228 5488/6917/5228
f 5488/6917/5229 5491/6920/5229 5497/6927/5229 5494/6923/5229
f 5494/6923/5230 5497/6927/5230 5503/6935/5230 5500/6931/5230
f 5500/6931/5231 5503/6935/5231 5509/6943/5231 5506/6939/5231
f 5506/6939/5232 5509/6943/5232 5515/6950/5232 5512/6946/5232
f 5512/6946/5233 5515/6950/5233 5521/6957/5233 5518/6953/5233
f 5518/6953/5234 5521/6957/5234 5527/6965/5234 5524/6961/5234
f 5524/6961/5235 5527/6965/5235 5533/6973/5235 5530/6969/5235
f 5530/6969/5236 5533/6973/5236 5539/6980/5236 5536/6977/5236
o SniperRifle_Magazine
v 2.477000 1.970000 -0.982000
v 2.477000 1.982000 -0.970000
v 2.465000 1.982000 -0.982000
v 2.477000 1.973515 -0.973515
v 2.470072 1.975072 -0.975072
v 2.468515 1.982000 -0.973515
v 2.468515 1.973515 -0.982000
v 2.477000 2.138000 -0.970000
v 2.477000 2.150000 -0.982000
v 2.465000 2.138000 -0.982000
v 2.477000 2.146485 -0.973515
v 2.470072 2.144928 -0.975072
v 2.468515 2.146485 -0.982000
v 2.468515 2.138000 -0.973515
v 2.477000 1.970000 -1.018000
v 2.465000 1.982000 -1.018000
v 2.477000 1.982000 -1.030000
v 2.468515 1.973515 -1.018000
v 2.470072 1.975072 -1.024928
v 2.468515 1.982000 -1.026485
v 2.477000 1.973515 -1.026485
v 2.477000 2.150000 -1.018000
v 2.477000 2.138000 -1.030000
v 2.465000 2.138000 -1.018000
v 2.477000 2.146485 -1.026485
v 2.470072 2.144928 -1.024928
v 2.468515 2.138000 -1.026485
v 2.468515 2.146485 -1.018000
v 2.523000 1.970000 -0.982000
v 2.535000 1.982000 -0.982000
v 2.523000 1.982000 -0.970000
v 2.531485 1.973515 -0.982000
v 2.529928 1.975072 -0.975072
v 2.531485 1.982000 -0.973515
v 2.523000 1.973515 -0.973515
v 2.523000 2.150000 -0.982000
v 2.523000 2.138000 -0.970000
v 2.535000 2.138000 -0.982000
v 2.523000 2.146485 -0.973515
v 2.529928 2.144928 -0.975072
v 2.531485 2.138000 -0.973515
v 2.531485 2.146485 -0.982000
v 2.523000 1.970000 -1.018000
v 2.523000 1.982000 -1.030000
v 2.535000 1.982000 -1.018000
v 2.523000 1.973515 -1.026485
v 2.529928 1.975072 -1.024928
v 2.531485 1.982000 -1.026485
v 2.531485 1.973515 -1.018000
v 2.523000 2.150000 -1.018000
v 2.535000 2.138000 -1.018000
v 2.523000 2.138000 -1.030000
v 2.531485 2.146485 -1.018000
v 2.529928 2.144928 -1.024928
v 2.531485 2.138000 -1.026485
v 2.523000 2.146485 -1.026485
vn -0.3251 -0.8881 0.3251
vn -0.3251 -0.3251 0.8881
vn -0.8881 -0.3251 0.3251
vn -0.3251 0.3251 0.8881
vn -0.3251 0.8881 0.3251
vn -0.8881 0.3251 0.3251
vn -0.3251 -0.8881 -0.3251
vn -0.8881 -0.3251 -0.3251
vn -0.3251 -0.3251 -0.8881
vn -0.3251 0.8881 -0.3251
vn -0.3251 0.3251 -0.8881
vn -0.8881 0.3251 -0.3251
vn 0.3251 -0.8881 0.3251
vn 0.8881 -0.3251 0.3251
vn 0.3251 -0.3251 0.8881
vn 0.3251 0.8881 0.3251
vn 0.3251 0.3251 0.8881
vn 0.8881 0.3251 0.3251
vn 0.3251 -0.8881 -0.3251
vn 0.3251 -0.3251 -0.8881
vn 0.8881 -0.3251 -0.3251
vn 0.3251 0.8881 -0.3251
vn 0.8881 0.3251 -0.3251
vn 0.3251 0.3251 -0.8881
vn -0.3827 -0.9239 -0.0000
vn -0.9239 -0.3827 -0.0000
vn -0.3827 -0.0000 0.9239
vn -0.9239 -0.0000 0.3827
vn -0.3827 0.9239 -0.0000
vn -0.9239 0.3827 -0.0000
vn -0.3827 -0.0000 -0.9239
vn -0.9239 -0.0000 -0.3827
vn -0.0000 -0.9239 -0.3827
vn -0.0000 -0.3827 -0.9239
vn -0.0000 0.9239 -0.3827
vn -0.0000 0.3827 -0.9239
vn 0.9239 -0.0000 -0.3827
vn 0.3827 -0.0000 -0.9239
vn 0.3827 -0.9239 -0.0000
vn 0.9239 -0.3827 -0.0000
vn 0.3827 0.9239 -0.0000
vn 0.9239 0.3827 -0.0000
vn 0.3827 -0.0000 0.9239
vn 0.9239 -0.0000 0.3827
vn -0.0000 -0.9239 0.3827
vn -0.0000 -0.3827 0.9239
vn -0.0000 0.9239 0.3827
vn -0.0000 0.3827 0.9239
vn -0.0000 -1.0000 -0.0000
vn -1.0000 -0.0000 -0.0000
vn -0.0000 -0.0000 1.0000
vn -0.0000 1.0000 -0.0000
vn -0.0000 -0.0000 -1.0000
vn 1.0000 -0.0000 -0.0000
vt 0.167857 0.700000
vt 0.167857 0.750000
vt 0.143114 0.750000
vt 0.125000 0.700000
vt 0.391667 0.957143
vt 0.391667 1.000000
vt 0.382044 1.000000
vt 0.375000 0.957143
vt 0.391667 0.050000
vt 0.375000 0.050000
vt 0.375000 0.021132
vt 0.391667 0.000000
vt 0.608333 0.957143
vt 0.625000 0.957143
vt 0.625000 0.981886
vt 0.608333 1.000000
vt 0.832143 0.700000
vt 0.875000 0.700000
vt 0.875000 0.728868
vt 0.832143 0.750000
vt 0.608333 0.050000
vt 0.608333 0.000000
vt 0.617956 0.000000
vt 0.625000 0.050000
vt 0.167857 0.550000
vt 0.125000 0.550000
vt 0.125000 0.521132
vt 0.167857 0.500000
vt 0.391667 0.200000
vt 0.391667 0.250000
vt 0.378522 0.259057
vt 0.375000 0.200000
vt 0.391667 0.292857
vt 0.375000 0.292857
vt 0.832143 0.550000
vt 0.832143 0.500000
vt 0.856887 0.500000
vt 0.875000 0.550000
vt 0.608333 0.292857
vt 0.608333 0.250000
vt 0.621478 0.239434
vt 0.625000 0.292857
vt 0.608333 0.200000
vt 0.625000 0.200000
vt 0.332143 0.700000
vt 0.375000 0.700000
vt 0.377348 0.748994
vt 0.353571 0.771429
vt 0.391667 0.700000
vt 0.391667 0.750000
vt 0.391667 0.792857
vt 0.667857 0.700000
vt 0.646429 0.771429
vt 0.628690 0.742956
vt 0.625000 0.700000
vt 0.608333 0.792857
vt 0.608333 0.750000
vt 0.608333 0.700000
vt 0.332143 0.550000
vt 0.353571 0.478571
vt 0.371310 0.507044
vt 0.375000 0.550000
vt 0.391667 0.457143
vt 0.391667 0.500000
vt 0.391667 0.550000
vt 0.667857 0.550000
vt 0.625000 0.550000
vt 0.622652 0.501006
vt 0.646429 0.478571
vt 0.608333 0.550000
vt 0.608333 0.500000
vt 0.608333 0.457143
s 0
usemtl MAT_Polymer
f 5541/6988/5237 5544/6989/5237 5545/6990/5237 5547/6991/5237
f 5542/6992/5238 5546/6993/5238 5545/6994/5238 5544/6995/5238
f 5543/6996/5239 5547/6997/5239 5545/6998/5239 5546/6999/5239
f 5548/7000/5240 5551/7001/5240 5552/7002/5240 5554/7003/5240
f 5549/7004/5241 5553/7005/5241 5552/7006/5241 5551/7007/5241
f 5550/7008/5242 5554/7009/5242 5552/7010/5242 5553/7011/5242
f 5555/7012/5243 5558/7013/5243 5559/7014/5243 5561/7015/5243
f 5556/7016/5244 5560/7017/5244 5559/7018/5244 5558/7019/5244
f 5557/7020/5245 5561/7021/5245 5559/7018/5245 5560/7017/5245
f 5562/7022/5246 5565/7023/5246 5566/7024/5246 5568/7025/5246
f 5563/7026/5247 5567/7027/5247 5566/7028/5247 5565/7029/5247
f 5564/7030/5248 5568/7031/5248 5566/7028/5248 5567/7027/5248
f 5569/7032/5249 5572/7033/5249 5573/7034/5249 5575/7035/5249
f 5570/7036/5250 5574/7037/5250 5573/7034/5250 5572/7033/5250
f 5571/7038/5251 5575/7035/5251 5573/7034/5251 5574/7037/5251
f 5576/7039/5252 5579/7040/5252 5580/7041/5252 5582/7042/5252
f 5577/7043/5253 5581/7044/5253 5580/7041/5253 5579/7040/5253
f 5578/7045/5254 5582/7042/5254 5580/7041/5254 5581/7044/5254
f 5583/7046/5255 5586/7047/5255 5587/7048/5255 5589/7049/5255
f 5584/7050/5256 5588/7051/5256 5587/7048/5256 5586/7047/5256
f 5585/7052/5257 5589/7049/5257 5587/7048/5257 5588/7051/5257
f 5590/7053/5258 5593/7054/5258 5594/7055/5258 5596/7056/5258
f 5591/7057/5259 5595/7058/5259 5594/7055/5259 5593/7054/5259
f 5592/7059/5260 5596/7056/5260 5594/7055/5260 5595/7058/5260
f 5555/7012/5261 5541/6988/5261 5547/6991/5261 5558/7013/5261
f 5558/7019/5262 5547/6997/5262 5543/6996/5262 5556/7016/5262
f 5542/6992/5263 5548/7000/5263 5554/7003/5263 5546/6993/5263
f 5546/6999/5264 5554/7009/5264 5550/7008/5264 5543/6996/5264
f 5549/7004/5265 5562/7022/5265 5568/7025/5265 5553/7005/5265
f 5553/7011/5266 5568/7031/5266 5564/7030/5266 5550/7008/5266
f 5563/7026/5267 5557/7020/5267 5560/7017/5267 5567/7027/5267
f 5567/7027/5268 5560/7017/5268 5556/7016/5268 5564/7030/5268
f 5583/7046/5269 5555/7012/5269 5561/7015/5269 5586/7047/5269
f 5586/7047/5270 5561/7021/5270 5557/7020/5270 5584/7050/5270
f 5562/7022/5271 5590/7053/5271 5596/7056/5271 5565/7023/5271
f 5565/7029/5272 5596/7056/5272 5592/7059/5272 5563/7026/5272
f 5591/7057/5273 5585/7052/5273 5588/7051/5273 5595/7058/5273
f 5595/7058/5274 5588/7051/5274 5584/7050/5274 5592/7059/5274
f 5569/7032/5275 5583/7046/5275 5589/7049/5275 5572/7033/5275
f 5572/7033/5276 5589/7049/5276 5585/7052/5276 5570/7036/5276
f 5590/7053/5277 5576/7039/5277 5582/7042/5277 5593/7054/5277
f 5593/7054/5278 5582/7042/5278 5578/7045/5278 5591/7057/5278
f 5577/7043/5279 5571/7038/5279 5574/7037/5279 5581/7044/5279
f 5581/7044/5280 5574/7037/5280 5570/7036/5280 5578/7045/5280
f 5541/6988/5281 5569/7032/5281 5575/7035/5281 5544/6989/5281
f 5544/6995/5282 5575/7035/5282 5571/7038/5282 5542/6992/5282
f 5576/7039/5283 5549/7004/5283 5551/7007/5283 5579/7040/5283
f 5579/7040/5284 5551/7001/5284 5548/7000/5284 5577/7043/5284
f 5555/7012/5285 5583/7046/5285 5569/7032/5285 5541/6988/5285
f 5543/6996/5286 5550/7008/5286 5564/7030/5286 5556/7016/5286
f 5571/7038/5287 5577/7043/5287 5548/7000/5287 5542/6992/5287
f 5590/7053/5288 5562/7022/5288 5549/7004/5288 5576/7039/5288
f 5557/7020/5289 5563/7026/5289 5592/7059/5289 5584/7050/5289
f 5585/7052/5290 5591/7057/5290 5578/7045/5290 5570/7036/5290
